codigo_dane,nombre,municipio,departamento,regla,status,date_start,date_end
"15693","Fiestas de Santa Rosa de Viterbo","Santa Rosa de Viterbo","Boyacá","sin_regla","pendiente","",""
"15696","Fiestas de Santa Sofía","Santa Sofía","Boyacá","sin_regla","pendiente","",""
"15720","Fiestas de Sativanorte","Sativanorte","Boyacá","sin_regla","pendiente","",""
"15723","Fiestas de Sativasur","Sativasur","Boyacá","sin_regla","pendiente","",""
"15740","Fiestas de Siachoque","Siachoque","Boyacá","sin_regla","pendiente","",""
"15753","Fiestas de Soatá","Soatá","Boyacá","sin_regla","pendiente","",""
"15757","Fiestas de Socha","Socha","Boyacá","sin_regla","pendiente","",""
"15755","Fiestas de Socotá","Socotá","Boyacá","sin_regla","pendiente","",""
"15759","Fiestas de Sogamoso","Sogamoso","Boyacá","sin_regla","pendiente","",""
"15761","Fiestas de Somondoco","Somondoco","Boyacá","sin_regla","pendiente","",""
"15762","Fiestas de Sora","Sora","Boyacá","sin_regla","pendiente","",""
"15764","Fiestas de Soracá","Soracá","Boyacá","sin_regla","pendiente","",""
"15763","Fiestas de Sotaquirá","Sotaquirá","Boyacá","sin_regla","pendiente","",""
"15774","Fiestas de Susacón","Susacón","Boyacá","sin_regla","pendiente","",""
"15776","Fiestas de Sutamarchán","Sutamarchán","Boyacá","sin_regla","pendiente","",""
"15778","Fiestas de Sutatenza","Sutatenza","Boyacá","sin_regla","pendiente","",""
"15790","Fiestas de Tasco","Tasco","Boyacá","sin_regla","pendiente","",""
"15798","Fiestas de Tenza","Tenza","Boyacá","sin_regla","pendiente","",""
"15804","Fiestas de Tibaná","Tibaná","Boyacá","sin_regla","pendiente","",""
"15806","Fiestas de Tibasosa","Tibasosa","Boyacá","sin_regla","pendiente","",""
"15808","Fiestas de Tinjacá","Tinjacá","Boyacá","sin_regla","pendiente","",""
"15810","Fiestas de Tipacoque","Tipacoque","Boyacá","sin_regla","pendiente","",""
"15814","Fiestas de Toca","Toca","Boyacá","sin_regla","pendiente","",""
"15816","Fiestas de Togüí","Togüí","Boyacá","sin_regla","pendiente","",""
"15820","Fiestas de Tópaga","Tópaga","Boyacá","sin_regla","pendiente","",""
"15822","Fiestas de Tota","Tota","Boyacá","sin_regla","pendiente","",""
"15001","Fiestas de Tunja","Tunja","Boyacá","sin_regla","pendiente","",""
"15832","Fiestas de Tununguá","Tununguá","Boyacá","sin_regla","pendiente","",""
"15835","Fiestas de Turmequé","Turmequé","Boyacá","sin_regla","pendiente","",""
"15837","Fiestas de Tuta","Tuta","Boyacá","sin_regla","pendiente","",""
"15839","Fiestas de Tutazá","Tutazá","Boyacá","sin_regla","pendiente","",""
"15842","Fiestas de Umbita","Umbita","Boyacá","sin_regla","pendiente","",""
"15861","Fiestas de Ventaquemada","Ventaquemada","Boyacá","sin_regla","pendiente","",""
"15407","Fiestas de Villa de Leyva","Villa de Leyva","Boyacá","sin_regla","pendiente","",""
"15879","Fiestas de Viracachá","Viracachá","Boyacá","sin_regla","pendiente","",""
"15897","Fiestas de Zetaquira","Zetaquira","Boyacá","sin_regla","pendiente","",""
"17013","Fiestas de Aguadas","Aguadas","Caldas","sin_regla","pendiente","",""
"17042","Fiestas de Anserma","Anserma","Caldas","sin_regla","pendiente","",""
"17050","Fiestas de Aranzazu","Aranzazu","Caldas","sin_regla","pendiente","",""
"17088","Fiestas de Belalcázar","Belalcázar","Caldas","sin_regla","pendiente","",""
"17174","Fiestas de Chinchiná","Chinchiná","Caldas","sin_regla","pendiente","",""
"17272","Fiestas de Filadelfia","Filadelfia","Caldas","sin_regla","pendiente","",""
"17380","Fiestas de La Dorada","La Dorada","Caldas","sin_regla","pendiente","",""
"17388","Fiestas de La Merced","La Merced","Caldas","sin_regla","pendiente","",""
"17001","Fiestas de Manizales","Manizales","Caldas","sin_regla","pendiente","",""
"17433","Fiestas de Manzanares","Manzanares","Caldas","sin_regla","pendiente","",""
"17442","Fiestas de Marmato","Marmato","Caldas","sin_regla","pendiente","",""
"17444","Fiestas de Marquetalia","Marquetalia","Caldas","sin_regla","pendiente","",""
"17446","Fiestas de Marulanda","Marulanda","Caldas","sin_regla","pendiente","",""
"17486","Fiestas de Neira","Neira","Caldas","sin_regla","pendiente","",""
"17495","Fiestas de Norcasia","Norcasia","Caldas","sin_regla","pendiente","",""
"17513","Fiestas de Pácora","Pácora","Caldas","sin_regla","pendiente","",""
"17524","Fiestas de Palestina","Palestina","Caldas","sin_regla","pendiente","",""
"17541","Fiestas de Pensilvania","Pensilvania","Caldas","sin_regla","pendiente","",""
"17614","Fiestas de Riosucio","Riosucio","Caldas","sin_regla","pendiente","",""
"17616","Fiestas de Risaralda","Risaralda","Caldas","sin_regla","pendiente","",""
"17653","Fiestas de Salamina","Salamina","Caldas","sin_regla","pendiente","",""
"17662","Fiestas de Samaná","Samaná","Caldas","sin_regla","pendiente","",""
"17665","Fiestas de San José","San José","Caldas","sin_regla","pendiente","",""
"17777","Fiestas de Supía","Supía","Caldas","sin_regla","pendiente","",""
"17867","Fiestas de Victoria","Victoria","Caldas","sin_regla","pendiente","",""
"17873","Fiestas de Villamaría","Villamaría","Caldas","sin_regla","pendiente","",""
"17877","Fiestas de Viterbo","Viterbo","Caldas","sin_regla","pendiente","",""
"18029","Fiestas de Albania","Albania","Caquetá","sin_regla","pendiente","",""
"18094","Fiestas de Belén de Los Andaquies","Belén de Los Andaquies","Caquetá","sin_regla","pendiente","",""
"18150","Fiestas de Cartagena del Chairá","Cartagena del Chairá","Caquetá","sin_regla","pendiente","",""
"18205","Fiestas de Curillo","Curillo","Caquetá","sin_regla","pendiente","",""
"18247","Fiestas de El Doncello","El Doncello","Caquetá","sin_regla","pendiente","",""
"18256","Fiestas de El Paujil","El Paujil","Caquetá","sin_regla","pendiente","",""
"18001","Fiestas de Florencia","Florencia","Caquetá","sin_regla","pendiente","",""
"18410","Fiestas de La Montañita","La Montañita","Caquetá","sin_regla","pendiente","",""
"18460","Fiestas de Milán","Milán","Caquetá","sin_regla","pendiente","",""
"18479","Fiestas de Morelia","Morelia","Caquetá","sin_regla","pendiente","",""
"18592","Fiestas de Puerto Rico","Puerto Rico","Caquetá","sin_regla","pendiente","",""
"18610","Fiestas de San José del Fragua","San José del Fragua","Caquetá","sin_regla","pendiente","",""
"18753","Fiestas de San Vicente del Caguán","San Vicente del Caguán","Caquetá","sin_regla","pendiente","",""
"18756","Fiestas de Solano","Solano","Caquetá","sin_regla","pendiente","",""
"18785","Fiestas de Solita","Solita","Caquetá","sin_regla","pendiente","",""
"18860","Fiestas de Valparaíso","Valparaíso","Caquetá","sin_regla","pendiente","",""
"85010","Fiestas de Aguazul","Aguazul","Casanare","sin_regla","pendiente","",""
"85015","Fiestas de Chameza","Chameza","Casanare","sin_regla","pendiente","",""
"85125","Fiestas de Hato Corozal","Hato Corozal","Casanare","sin_regla","pendiente","",""
"85136","Fiestas de La Salina","La Salina","Casanare","sin_regla","pendiente","",""
"85139","Fiestas de Maní","Maní","Casanare","sin_regla","pendiente","",""
"85162","Fiestas de Monterrey","Monterrey","Casanare","sin_regla","pendiente","",""
"85225","Fiestas de Nunchía","Nunchía","Casanare","sin_regla","pendiente","",""
"85230","Fiestas de Orocué","Orocué","Casanare","sin_regla","pendiente","",""
"85250","Fiestas de Paz de Ariporo","Paz de Ariporo","Casanare","sin_regla","pendiente","",""
"85263","Fiestas de Pore","Pore","Casanare","sin_regla","pendiente","",""
"85279","Fiestas de Recetor","Recetor","Casanare","sin_regla","pendiente","",""
"85300","Fiestas de Sabanalarga","Sabanalarga","Casanare","sin_regla","pendiente","",""
"85315","Fiestas de Sácama","Sácama","Casanare","sin_regla","pendiente","",""
"85325","Fiestas de San Luis de Palenque","San Luis de Palenque","Casanare","sin_regla","pendiente","",""
"85400","Fiestas de Támara","Támara","Casanare","sin_regla","pendiente","",""
"85410","Fiestas de Tauramena","Tauramena","Casanare","sin_regla","pendiente","",""
"85430","Fiestas de Trinidad","Trinidad","Casanare","sin_regla","pendiente","",""
"85440","Fiestas de Villanueva","Villanueva","Casanare","sin_regla","pendiente","",""
"85001","Fiestas de Yopal","Yopal","Casanare","sin_regla","pendiente","",""
"19022","Fiestas de Almaguer","Almaguer","Cauca","sin_regla","pendiente","",""
"19050","Fiestas de Argelia","Argelia","Cauca","sin_regla","pendiente","",""
"19075","Fiestas de Balboa","Balboa","Cauca","sin_regla","pendiente","",""
"19100","Fiestas de Bolívar","Bolívar","Cauca","sin_regla","pendiente","",""
"19110","Fiestas de Buenos Aires","Buenos Aires","Cauca","sin_regla","pendiente","",""
"19130","Fiestas de Cajibío","Cajibío","Cauca","sin_regla","pendiente","",""
"19137","Fiestas de Caldono","Caldono","Cauca","sin_regla","pendiente","",""
"19142","Fiestas de Caloto","Caloto","Cauca","sin_regla","pendiente","",""
"19212","Fiestas de Corinto","Corinto","Cauca","sin_regla","pendiente","",""
"19256","Fiestas de El Tambo","El Tambo","Cauca","sin_regla","pendiente","",""
"19290","Fiestas de Florencia","Florencia","Cauca","sin_regla","pendiente","",""
"19318","Fiestas de Guapi","Guapi","Cauca","sin_regla","pendiente","",""
"19355","Fiestas de Inzá","Inzá","Cauca","sin_regla","pendiente","",""
"19364","Fiestas de Jambaló","Jambaló","Cauca","sin_regla","pendiente","",""
"19392","Fiestas de La Sierra","La Sierra","Cauca","sin_regla","pendiente","",""
"19397","Fiestas de La Vega","La Vega","Cauca","sin_regla","pendiente","",""
"19418","Fiestas de López","López","Cauca","sin_regla","pendiente","",""
"19450","Fiestas de Mercaderes","Mercaderes","Cauca","sin_regla","pendiente","",""
"19455","Fiestas de Miranda","Miranda","Cauca","sin_regla","pendiente","",""
"19473","Fiestas de Morales","Morales","Cauca","sin_regla","pendiente","",""
"19513","Fiestas de Padilla","Padilla","Cauca","sin_regla","pendiente","",""
"19517","Fiestas de Paez","Paez","Cauca","sin_regla","pendiente","",""
"19532","Fiestas de Patía","Patía","Cauca","sin_regla","pendiente","",""
"19533","Fiestas de Piamonte","Piamonte","Cauca","sin_regla","pendiente","",""
"19548","Fiestas de Piendamó","Piendamó","Cauca","sin_regla","pendiente","",""
"19001","Fiestas de Popayán","Popayán","Cauca","sin_regla","pendiente","",""
"19573","Fiestas de Puerto Tejada","Puerto Tejada","Cauca","sin_regla","pendiente","",""
"19585","Fiestas de Puracé","Puracé","Cauca","sin_regla","pendiente","",""
"19622","Fiestas de Rosas","Rosas","Cauca","sin_regla","pendiente","",""
"19693","Fiestas de San Sebastián","San Sebastián","Cauca","sin_regla","pendiente","",""
"19698","Fiestas de Santander de Quilichao","Santander de Quilichao","Cauca","sin_regla","pendiente","",""
"19701","Fiestas de Santa Rosa","Santa Rosa","Cauca","sin_regla","pendiente","",""
"19743","Fiestas de Silvia","Silvia","Cauca","sin_regla","pendiente","",""
"19760","Fiestas de Sotara","Sotara","Cauca","sin_regla","pendiente","",""
"19780","Fiestas de Suárez","Suárez","Cauca","sin_regla","pendiente","",""
"19785","Fiestas de Sucre","Sucre","Cauca","sin_regla","pendiente","",""
"19807","Fiestas de Timbío","Timbío","Cauca","sin_regla","pendiente","",""
"19809","Fiestas de Timbiquí","Timbiquí","Cauca","sin_regla","pendiente","",""
"19821","Fiestas de Toribio","Toribio","Cauca","sin_regla","pendiente","",""
"19824","Fiestas de Totoró","Totoró","Cauca","sin_regla","pendiente","",""
"19845","Fiestas de Villa Rica","Villa Rica","Cauca","sin_regla","pendiente","",""
"20011","Fiestas de Aguachica","Aguachica","Cesar","sin_regla","pendiente","",""
"20013","Fiestas de Agustín Codazzi","Agustín Codazzi","Cesar","sin_regla","pendiente","",""
"20032","Fiestas de Astrea","Astrea","Cesar","sin_regla","pendiente","",""
"20045","Fiestas de Becerril","Becerril","Cesar","sin_regla","pendiente","",""
"20060","Fiestas de Bosconia","Bosconia","Cesar","sin_regla","pendiente","",""
"20175","Fiestas de Chimichagua","Chimichagua","Cesar","sin_regla","pendiente","",""
"20178","Fiestas de Chiriguaná","Chiriguaná","Cesar","sin_regla","pendiente","",""
"20228","Fiestas de Curumaní","Curumaní","Cesar","sin_regla","pendiente","",""
"20238","Fiestas de El Copey","El Copey","Cesar","sin_regla","pendiente","",""
"20250","Fiestas de El Paso","El Paso","Cesar","sin_regla","pendiente","",""
"20295","Fiestas de Gamarra","Gamarra","Cesar","sin_regla","pendiente","",""
"20310","Fiestas de González","González","Cesar","sin_regla","pendiente","",""
"20383","Fiestas de La Gloria","La Gloria","Cesar","sin_regla","pendiente","",""
"20400","Fiestas de La Jagua de Ibirico","La Jagua de Ibirico","Cesar","sin_regla","pendiente","",""
"20621","Fiestas de La Paz","La Paz","Cesar","sin_regla","pendiente","",""
"20443","Fiestas de Manaure","Manaure","Cesar","sin_regla","pendiente","",""
"20517","Fiestas de Pailitas","Pailitas","Cesar","sin_regla","pendiente","",""
"20550","Fiestas de Pelaya","Pelaya","Cesar","sin_regla","pendiente","",""
"20570","Fiestas de Pueblo Bello","Pueblo Bello","Cesar","sin_regla","pendiente","",""
"20614","Fiestas de Río de Oro","Río de Oro","Cesar","sin_regla","pendiente","",""
"20710","Fiestas de San Alberto","San Alberto","Cesar","sin_regla","pendiente","",""
"20750","Fiestas de San Diego","San Diego","Cesar","sin_regla","pendiente","",""
"20770","Fiestas de San Martín","San Martín","Cesar","sin_regla","pendiente","",""
"20787","Fiestas de Tamalameque","Tamalameque","Cesar","sin_regla","pendiente","",""
"20001","Fiestas de Valledupar","Valledupar","Cesar","sin_regla","pendiente","",""
"27006","Fiestas de Acandí","Acandí","Chocó","sin_regla","pendiente","",""
"27025","Fiestas de Alto Baudo","Alto Baudo","Chocó","sin_regla","pendiente","",""
"27050","Fiestas de Atrato","Atrato","Chocó","sin_regla","pendiente","",""
"27073","Fiestas de Bagadó","Bagadó","Chocó","sin_regla","pendiente","",""
"27075","Fiestas de Bahía Solano","Bahía Solano","Chocó","sin_regla","pendiente","",""
"27077","Fiestas de Bajo Baudó","Bajo Baudó","Chocó","sin_regla","pendiente","",""
"27086","Fiestas de Belén de Bajirá1","Belén de Bajirá1","Chocó","sin_regla","pendiente","",""
"27099","Fiestas de Bojaya","Bojaya","Chocó","sin_regla","pendiente","",""
"27150","Fiestas de Carmen del Darien","Carmen del Darien","Chocó","sin_regla","pendiente","",""
"27160","Fiestas de Cértegui","Cértegui","Chocó","sin_regla","pendiente","",""
"27205","Fiestas de Condoto","Condoto","Chocó","sin_regla","pendiente","",""
"27135","Fiestas de El Cantón del San Pablo","El Cantón del San Pablo","Chocó","sin_regla","pendiente","",""
"27245","Fiestas de El Carmen de Atrato","El Carmen de Atrato","Chocó","sin_regla","pendiente","",""
"27250","Fiestas de El Litoral del San Juan","El Litoral del San Juan","Chocó","sin_regla","pendiente","",""
"27361","Fiestas de Istmina","Istmina","Chocó","sin_regla","pendiente","",""
"27372","Fiestas de Juradó","Juradó","Chocó","sin_regla","pendiente","",""
"27413","Fiestas de Lloró","Lloró","Chocó","sin_regla","pendiente","",""
"27425","Fiestas de Medio Atrato","Medio Atrato","Chocó","sin_regla","pendiente","",""
"27430","Fiestas de Medio Baudó","Medio Baudó","Chocó","sin_regla","pendiente","",""
"27450","Fiestas de Medio San Juan","Medio San Juan","Chocó","sin_regla","pendiente","",""
"27491","Fiestas de Nóvita","Nóvita","Chocó","sin_regla","pendiente","",""
"27495","Fiestas de Nuquí","Nuquí","Chocó","sin_regla","pendiente","",""
"27001","Fiestas de Quibdó","Quibdó","Chocó","sin_regla","pendiente","",""
"27580","Fiestas de Río Iro","Río Iro","Chocó","sin_regla","pendiente","",""
"27600","Fiestas de Río Quito","Río Quito","Chocó","sin_regla","pendiente","",""
"27615","Fiestas de Riosucio","Riosucio","Chocó","sin_regla","pendiente","",""
"27660","Fiestas de San José del Palmar","San José del Palmar","Chocó","sin_regla","pendiente","",""
"27745","Fiestas de Sipí","Sipí","Chocó","sin_regla","pendiente","",""
"27787","Fiestas de Tadó","Tadó","Chocó","sin_regla","pendiente","",""
"27800","Fiestas de Unguía","Unguía","Chocó","sin_regla","pendiente","",""
"27810","Fiestas de Unión Panamericana","Unión Panamericana","Chocó","sin_regla","pendiente","",""
"23068","Fiestas de Ayapel","Ayapel","Córdoba","sin_regla","pendiente","",""
"23079","Fiestas de Buenavista","Buenavista","Córdoba","sin_regla","pendiente","",""
"23090","Fiestas de Canalete","Canalete","Córdoba","sin_regla","pendiente","",""
"23162","Fiestas de Cereté","Cereté","Córdoba","sin_regla","pendiente","",""
"23168","Fiestas de Chimá","Chimá","Córdoba","sin_regla","pendiente","",""
"23182","Fiestas de Chinú","Chinú","Córdoba","sin_regla","pendiente","",""
"23189","Fiestas de Ciénaga de Oro","Ciénaga de Oro","Córdoba","sin_regla","pendiente","",""
"23300","Fiestas de Cotorra","Cotorra","Córdoba","sin_regla","pendiente","",""
"23350","Fiestas de La Apartada","La Apartada","Córdoba","sin_regla","pendiente","",""
"23417","Fiestas de Lorica","Lorica","Córdoba","sin_regla","pendiente","",""
"23419","Fiestas de Los Córdobas","Los Córdobas","Córdoba","sin_regla","pendiente","",""
"23464","Fiestas de Momil","Momil","Córdoba","sin_regla","pendiente","",""
"23500","Fiestas de Moñitos","Moñitos","Córdoba","sin_regla","pendiente","",""
"23466","Fiestas de Montelíbano","Montelíbano","Córdoba","sin_regla","pendiente","",""
"23001","Fiestas de Montería","Montería","Córdoba","sin_regla","pendiente","",""
"23555","Fiestas de Planeta Rica","Planeta Rica","Córdoba","sin_regla","pendiente","",""
"23570","Fiestas de Pueblo Nuevo","Pueblo Nuevo","Córdoba","sin_regla","pendiente","",""
"23574","Fiestas de Puerto Escondido","Puerto Escondido","Córdoba","sin_regla","pendiente","",""
"23580","Fiestas de Puerto Libertador","Puerto Libertador","Córdoba","sin_regla","pendiente","",""
"23586","Fiestas de Purísima","Purísima","Córdoba","sin_regla","pendiente","",""
"23660","Fiestas de Sahagún","Sahagún","Córdoba","sin_regla","pendiente","",""
"23670","Fiestas de San Andrés Sotavento","San Andrés Sotavento","Córdoba","sin_regla","pendiente","",""
"23672","Fiestas de San Antero","San Antero","Córdoba","sin_regla","pendiente","",""
"23675","Fiestas de San Bernardo del Viento","San Bernardo del Viento","Córdoba","sin_regla","pendiente","",""
"23678","Fiestas de San Carlos","San Carlos","Córdoba","sin_regla","pendiente","",""
"23686","Fiestas de San Pelayo","San Pelayo","Córdoba","sin_regla","pendiente","",""
"23807","Fiestas de Tierralta","Tierralta","Córdoba","sin_regla","pendiente","",""
"23855","Fiestas de Valencia","Valencia","Córdoba","sin_regla","pendiente","",""
"94343","Fiestas de Barranco Minas","Barranco Minas","Guainía","sin_regla","pendiente","",""
"94886","Fiestas de Cacahual","Cacahual","Guainía","sin_regla","pendiente","",""
"94001","Fiestas de Inirida","Inírida","Guainía","sin_regla","pendiente","",""
"94885","Fiestas de La Guadalupe","La Guadalupe","Guainía","sin_regla","pendiente","",""
"94663","Fiestas de Mapiripana","Mapiripana","Guainía","sin_regla","pendiente","",""
"94888","Fiestas de Morichal","Morichal","Guainía","sin_regla","pendiente","",""
"94887","Fiestas de Pana Pana","Pana Pana","Guainía","sin_regla","pendiente","",""
"94884","Fiestas de Puerto Colombia","Puerto Colombia","Guainía","sin_regla","pendiente","",""
"94883","Fiestas de San Felipe","San Felipe","Guainía","sin_regla","pendiente","",""
"95015","Fiestas de Calamar","Calamar","Guaviare","sin_regla","pendiente","",""
"95025","Fiestas de El Retorno","El Retorno","Guaviare","sin_regla","pendiente","",""
"95200","Fiestas de Miraflores","Miraflores","Guaviare","sin_regla","pendiente","",""
"95001","Fiestas de San Jose del Guaviare","San José del Guaviare","Guaviare","sin_regla","pendiente","",""
"41006","Fiestas de Acevedo","Acevedo","Huila","sin_regla","pendiente","",""
"41013","Fiestas de Agrado","Agrado","Huila","sin_regla","pendiente","",""
"41016","Fiestas de Aipe","Aipe","Huila","sin_regla","pendiente","",""
"41020","Fiestas de Algeciras","Algeciras","Huila","sin_regla","pendiente","",""
"41026","Fiestas de Altamira","Altamira","Huila","sin_regla","pendiente","",""
"41078","Fiestas de Baraya","Baraya","Huila","sin_regla","pendiente","",""
"41132","Fiestas de Campoalegre","Campoalegre","Huila","sin_regla","pendiente","",""
"41206","Fiestas de Colombia","Colombia","Huila","sin_regla","pendiente","",""
"41244","Fiestas de Elías","Elías","Huila","sin_regla","pendiente","",""
"41298","Fiestas de Garzón","Garzón","Huila","sin_regla","pendiente","",""
"41306","Fiestas de Gigante","Gigante","Huila","sin_regla","pendiente","",""
"41319","Fiestas de Guadalupe","Guadalupe","Huila","sin_regla","pendiente","",""
"41349","Fiestas de Hobo","Hobo","Huila","sin_regla","pendiente","",""
"41357","Fiestas de Iquira","Iquira","Huila","sin_regla","pendiente","",""
"41359","Fiestas de Isnos","Isnos","Huila","sin_regla","pendiente","",""
"41378","Fiestas de La Argentina","La Argentina","Huila","sin_regla","pendiente","",""
"41396","Fiestas de La Plata","La Plata","Huila","sin_regla","pendiente","",""
"41483","Fiestas de Nátaga","Nátaga","Huila","sin_regla","pendiente","",""
"41001","Fiestas de Neiva","Neiva","Huila","sin_regla","pendiente","",""
"41503","Fiestas de Oporapa","Oporapa","Huila","sin_regla","pendiente","",""
"41518","Fiestas de Paicol","Paicol","Huila","sin_regla","pendiente","",""
"41524","Fiestas de Palermo","Palermo","Huila","sin_regla","pendiente","",""
"41530","Fiestas de Palestina","Palestina","Huila","sin_regla","pendiente","",""
"41548","Fiestas de Pital","Pital","Huila","sin_regla","pendiente","",""
"41551","Fiestas de Pitalito","Pitalito","Huila","sin_regla","pendiente","",""
"41615","Fiestas de Rivera","Rivera","Huila","sin_regla","pendiente","",""
"41660","Fiestas de Saladoblanco","Saladoblanco","Huila","sin_regla","pendiente","",""
"41668","Fiestas de San Agustín","San Agustín","Huila","sin_regla","pendiente","",""
"41676","Fiestas de Santa María","Santa María","Huila","sin_regla","pendiente","",""
"41770","Fiestas de Suaza","Suaza","Huila","sin_regla","pendiente","",""
"41791","Fiestas de Tarqui","Tarqui","Huila","sin_regla","pendiente","",""
"41799","Fiestas de Tello","Tello","Huila","sin_regla","pendiente","",""
"41801","Fiestas de Teruel","Teruel","Huila","sin_regla","pendiente","",""
"41797","Fiestas de Tesalia","Tesalia","Huila","sin_regla","pendiente","",""
"41807","Fiestas de Timaná","Timaná","Huila","sin_regla","pendiente","",""
"41872","Fiestas de Villavieja","Villavieja","Huila","sin_regla","pendiente","",""
"41885","Fiestas de Yaguará","Yaguará","Huila","sin_regla","pendiente","",""
"44035","Fiestas de Albania","Albania","La Guajira","sin_regla","pendiente","",""
"44078","Fiestas de Barrancas","Barrancas","La Guajira","sin_regla","pendiente","",""
"44090","Fiestas de Dibulla","Dibulla","La Guajira","sin_regla","pendiente","",""
"44098","Fiestas de Distracción","Distracción","La Guajira","sin_regla","pendiente","",""
"44110","Fiestas de El Molino","El Molino","La Guajira","sin_regla","pendiente","",""
"44279","Fiestas de Fonseca","Fonseca","La Guajira","sin_regla","pendiente","",""
"44378","Fiestas de Hatonuevo","Hatonuevo","La Guajira","sin_regla","pendiente","",""
"44420","Fiestas de La Jagua del Pilar","La Jagua del Pilar","La Guajira","sin_regla","pendiente","",""
"44430","Fiestas de Maicao","Maicao","La Guajira","sin_regla","pendiente","",""
"44560","Fiestas de Manaure","Manaure","La Guajira","sin_regla","pendiente","",""
"44001","Fiestas de Riohacha","Riohacha","La Guajira","sin_regla","pendiente","",""
"44650","Fiestas de San Juan del Cesar","San Juan del Cesar","La Guajira","sin_regla","pendiente","",""
"44847","Fiestas de Uribia","Uribia","La Guajira","sin_regla","pendiente","",""
"44855","Fiestas de Urumita","Urumita","La Guajira","sin_regla","pendiente","",""
"44874","Fiestas de Villanueva","Villanueva","La Guajira","sin_regla","pendiente","",""
"47030","Fiestas de Algarrobo","Algarrobo","Magdalena","sin_regla","pendiente","",""
"47053","Fiestas de Aracataca","Aracataca","Magdalena","sin_regla","pendiente","",""
"47058","Fiestas de Ariguaní","Ariguaní","Magdalena","sin_regla","pendiente","",""
"47161","Fiestas de Cerro San Antonio","Cerro San Antonio","Magdalena","sin_regla","pendiente","",""
"47170","Fiestas de Chibolo","Chibolo","Magdalena","sin_regla","pendiente","",""
"47189","Fiestas de Ciénaga","Ciénaga","Magdalena","sin_regla","pendiente","",""
"47205","Fiestas de Concordia","Concordia","Magdalena","sin_regla","pendiente","",""
"47245","Fiestas de El Banco","El Banco","Magdalena","sin_regla","pendiente","",""
"47258","Fiestas de El Piñon","El Piñon","Magdalena","sin_regla","pendiente","",""
"47268","Fiestas de El Retén","El Retén","Magdalena","sin_regla","pendiente","",""
"47288","Fiestas de Fundación","Fundación","Magdalena","sin_regla","pendiente","",""
"47318","Fiestas de Guamal","Guamal","Magdalena","sin_regla","pendiente","",""
"47460","Fiestas de Nueva Granada","Nueva Granada","Magdalena","sin_regla","pendiente","",""
"47541","Fiestas de Pedraza","Pedraza","Magdalena","sin_regla","pendiente","",""
"47545","Fiestas de Pijiño del Carmen","Pijiño del Carmen","Magdalena","sin_regla","pendiente","",""
"47551","Fiestas de Pivijay","Pivijay","Magdalena","sin_regla","pendiente","",""
"47555","Fiestas de Plato","Plato","Magdalena","sin_regla","pendiente","",""
"47570","Fiestas de Puebloviejo","Puebloviejo","Magdalena","sin_regla","pendiente","",""
"47605","Fiestas de Remolino","Remolino","Magdalena","sin_regla","pendiente","",""
"47660","Fiestas de Sabanas de San Angel","Sabanas de San Angel","Magdalena","sin_regla","pendiente","",""
"47675","Fiestas de Salamina","Salamina","Magdalena","sin_regla","pendiente","",""
"47692","Fiestas de San Sebastián de Buenavista","San Sebastián de Buenavista","Magdalena","sin_regla","pendiente","",""
"47707","Fiestas de Santa Ana","Santa Ana","Magdalena","sin_regla","pendiente","",""
"47720","Fiestas de Santa Bárbara de Pinto","Santa Bárbara de Pinto","Magdalena","sin_regla","pendiente","",""
"47001","Fiestas de Santa Marta","Santa Marta","Magdalena","sin_regla","pendiente","",""
"47703","Fiestas de San Zenón","San Zenón","Magdalena","sin_regla","pendiente","",""
"47745","Fiestas de Sitionuevo","Sitionuevo","Magdalena","sin_regla","pendiente","",""
"47798","Fiestas de Tenerife","Tenerife","Magdalena","sin_regla","pendiente","",""
"47960","Fiestas de Zapayán","Zapayán","Magdalena","sin_regla","pendiente","",""
"47980","Fiestas de Zona Bananera","Zona Bananera","Magdalena","sin_regla","pendiente","",""
"50006","Fiestas de Acacías","Acacías","Meta","sin_regla","pendiente","",""
"50110","Fiestas de Barranca de Upía","Barranca de Upía","Meta","sin_regla","pendiente","",""
"50124","Fiestas de Cabuyaro","Cabuyaro","Meta","sin_regla","pendiente","",""
"50150","Fiestas de Castilla la Nueva","Castilla la Nueva","Meta","sin_regla","pendiente","",""
"50223","Fiestas de Cubarral","Cubarral","Meta","sin_regla","pendiente","",""
"50226","Fiestas de Cumaral","Cumaral","Meta","sin_regla","pendiente","",""
"50245","Fiestas de El Calvario","El Calvario","Meta","sin_regla","pendiente","",""
"50251","Fiestas de El Castillo","El Castillo","Meta","sin_regla","pendiente","",""
"50270","Fiestas de El Dorado","El Dorado","Meta","sin_regla","pendiente","",""
"50287","Fiestas de Fuente de Oro","Fuente de Oro","Meta","sin_regla","pendiente","",""
"50313","Fiestas de Granada","Granada","Meta","sin_regla","pendiente","",""
"50318","Fiestas de Guamal","Guamal","Meta","sin_regla","pendiente","",""
"50350","Fiestas de La Macarena","La Macarena","Meta","sin_regla","pendiente","",""
"50400","Fiestas de Lejanías","Lejanías","Meta","sin_regla","pendiente","",""
"50325","Fiestas de Mapiripán","Mapiripán","Meta","sin_regla","pendiente","",""
"50330","Fiestas de Mesetas","Mesetas","Meta","sin_regla","pendiente","",""
"50450","Fiestas de Puerto Concordia","Puerto Concordia","Meta","sin_regla","pendiente","",""
"50568","Fiestas de Puerto Gaitán","Puerto Gaitán","Meta","sin_regla","pendiente","",""
"50577","Fiestas de Puerto Lleras","Puerto Lleras","Meta","sin_regla","pendiente","",""
"50573","Fiestas de Puerto López","Puerto López","Meta","sin_regla","pendiente","",""
"50590","Fiestas de Puerto Rico","Puerto Rico","Meta","sin_regla","pendiente","",""
"50606","Fiestas de Restrepo","Restrepo","Meta","sin_regla","pendiente","",""
"50680","Fiestas de San Carlos de Guaroa","San Carlos de Guaroa","Meta","sin_regla","pendiente","",""
"50683","Fiestas de San Juan de Arama","San Juan de Arama","Meta","sin_regla","pendiente","",""
"50686","Fiestas de San Juanito","San Juanito","Meta","sin_regla","pendiente","",""
"50689","Fiestas de San Martín","San Martín","Meta","sin_regla","pendiente","",""
"50370","Fiestas de Uribe","Uribe","Meta","sin_regla","pendiente","",""
"50001","Fiestas de Villavicencio","Villavicencio","Meta","sin_regla","pendiente","",""
"50711","Fiestas de Vistahermosa","Vistahermosa","Meta","sin_regla","pendiente","",""
"52019","Fiestas de Albán","Albán","Nariño","sin_regla","pendiente","",""
"52022","Fiestas de Aldana","Aldana","Nariño","sin_regla","pendiente","",""
"52036","Fiestas de Ancuyá","Ancuyá","Nariño","sin_regla","pendiente","",""
"52051","Fiestas de Arboleda","Arboleda","Nariño","sin_regla","pendiente","",""
"52079","Fiestas de Barbacoas","Barbacoas","Nariño","sin_regla","pendiente","",""
"52083","Fiestas de Belén","Belén","Nariño","sin_regla","pendiente","",""
"52110","Fiestas de Buesaco","Buesaco","Nariño","sin_regla","pendiente","",""
"52240","Fiestas de Chachagüí","Chachagüí","Nariño","sin_regla","pendiente","",""
"52203","Fiestas de Colón","Colón","Nariño","sin_regla","pendiente","",""
"52207","Fiestas de Consaca","Consaca","Nariño","sin_regla","pendiente","",""
"52210","Fiestas de Contadero","Contadero","Nariño","sin_regla","pendiente","",""
"52215","Fiestas de Córdoba","Córdoba","Nariño","sin_regla","pendiente","",""
"52224","Fiestas de Cuaspud","Cuaspud","Nariño","sin_regla","pendiente","",""
"52227","Fiestas de Cumbal","Cumbal","Nariño","sin_regla","pendiente","",""
"52233","Fiestas de Cumbitara","Cumbitara","Nariño","sin_regla","pendiente","",""
"52250","Fiestas de El Charco","El Charco","Nariño","sin_regla","pendiente","",""
"52254","Fiestas de El Peñol","El Peñol","Nariño","sin_regla","pendiente","",""
"52256","Fiestas de El Rosario","El Rosario","Nariño","sin_regla","pendiente","",""
"52258","Fiestas de El Tablón de Gómez","El Tablón de Gómez","Nariño","sin_regla","pendiente","",""
"52260","Fiestas de El Tambo","El Tambo","Nariño","sin_regla","pendiente","",""
"52520","Fiestas de Francisco Pizarro","Francisco Pizarro","Nariño","sin_regla","pendiente","",""
"52287","Fiestas de Funes","Funes","Nariño","sin_regla","pendiente","",""
"52317","Fiestas de Guachucal","Guachucal","Nariño","sin_regla","pendiente","",""
"52320","Fiestas de Guaitarilla","Guaitarilla","Nariño","sin_regla","pendiente","",""
"52323","Fiestas de Gualmatán","Gualmatán","Nariño","sin_regla","pendiente","",""
"52352","Fiestas de Iles","Iles","Nariño","sin_regla","pendiente","",""
"52354","Fiestas de Imués","Imués","Nariño","sin_regla","pendiente","",""
"52356","Fiestas de Ipiales","Ipiales","Nariño","sin_regla","pendiente","",""
"52378","Fiestas de La Cruz","La Cruz","Nariño","sin_regla","pendiente","",""
"52381","Fiestas de La Florida","La Florida","Nariño","sin_regla","pendiente","",""
"52385","Fiestas de La Llanada","La Llanada","Nariño","sin_regla","pendiente","",""
"52390","Fiestas de La Tola","La Tola","Nariño","sin_regla","pendiente","",""
"52399","Fiestas de La Unión","La Unión","Nariño","sin_regla","pendiente","",""
"52405","Fiestas de Leiva","Leiva","Nariño","sin_regla","pendiente","",""
"52411","Fiestas de Linares","Linares","Nariño","sin_regla","pendiente","",""
"52418","Fiestas de Los Andes","Los Andes","Nariño","sin_regla","pendiente","",""
"52427","Fiestas de Magüi","Magüi","Nariño","sin_regla","pendiente","",""
"52435","Fiestas de Mallama","Mallama","Nariño","sin_regla","pendiente","",""
"52473","Fiestas de Mosquera","Mosquera","Nariño","sin_regla","pendiente","",""
"52480","Fiestas de Nariño","Nariño","Nariño","sin_regla","pendiente","",""
"52490","Fiestas de Olaya Herrera","Olaya Herrera","Nariño","sin_regla","pendiente","",""
"52506","Fiestas de Ospina","Ospina","Nariño","sin_regla","pendiente","",""
"52001","Fiestas de Pasto","Pasto","Nariño","sin_regla","pendiente","",""
"52540","Fiestas de Policarpa","Policarpa","Nariño","sin_regla","pendiente","",""
"52560","Fiestas de Potosí","Potosí","Nariño","sin_regla","pendiente","",""
"52565","Fiestas de Providencia","Providencia","Nariño","sin_regla","pendiente","",""
"52573","Fiestas de Puerres","Puerres","Nariño","sin_regla","pendiente","",""
"52585","Fiestas de Pupiales","Pupiales","Nariño","sin_regla","pendiente","",""
"52612","Fiestas de Ricaurte","Ricaurte","Nariño","sin_regla","pendiente","",""
"52621","Fiestas de Roberto Payán","Roberto Payán","Nariño","sin_regla","pendiente","",""
"52678","Fiestas de Samaniego","Samaniego","Nariño","sin_regla","pendiente","",""
"52835","Fiestas de San Andres de Tumaco","San Andres de Tumaco","Nariño","sin_regla","pendiente","",""
"52685","Fiestas de San Bernardo","San Bernardo","Nariño","sin_regla","pendiente","",""
"52683","Fiestas de Sandoná","Sandoná","Nariño","sin_regla","pendiente","",""
"52687","Fiestas de San Lorenzo","San Lorenzo","Nariño","sin_regla","pendiente","",""
"52693","Fiestas de San Pablo","San Pablo","Nariño","sin_regla","pendiente","",""
"52694","Fiestas de San Pedro de Cartago","San Pedro de Cartago","Nariño","sin_regla","pendiente","",""
"52696","Fiestas de Santa Bárbara","Santa Bárbara","Nariño","sin_regla","pendiente","",""
"52699","Fiestas de Santacruz","Santacruz","Nariño","sin_regla","pendiente","",""
"52720","Fiestas de Sapuyes","Sapuyes","Nariño","sin_regla","pendiente","",""
"52786","Fiestas de Taminango","Taminango","Nariño","sin_regla","pendiente","",""
"52788","Fiestas de Tangua","Tangua","Nariño","sin_regla","pendiente","",""
"52838","Fiestas de Túquerres","Túquerres","Nariño","sin_regla","pendiente","",""
"52885","Fiestas de Yacuanquer","Yacuanquer","Nariño","sin_regla","pendiente","",""
"54003","Fiestas de Abrego","Abrego","Norte De Santander","sin_regla","pendiente","",""
"54051","Fiestas de Arboledas","Arboledas","Norte De Santander","sin_regla","pendiente","",""
"54099","Fiestas de Bochalema","Bochalema","Norte De Santander","sin_regla","pendiente","",""
"54109","Fiestas de Bucarasica","Bucarasica","Norte De Santander","sin_regla","pendiente","",""
"54128","Fiestas de Cachirá","Cachirá","Norte De Santander","sin_regla","pendiente","",""
"54125","Fiestas de Cácota","Cácota","Norte De Santander","sin_regla","pendiente","",""
"54172","Fiestas de Chinácota","Chinácota","Norte De Santander","sin_regla","pendiente","",""
"54174","Fiestas de Chitagá","Chitagá","Norte De Santander","sin_regla","pendiente","",""
"54206","Fiestas de Convención","Convención","Norte De Santander","sin_regla","pendiente","",""
"54001","Fiestas de Cucuta","Cúcuta","Norte De Santander","sin_regla","pendiente","",""
"54223","Fiestas de Cucutilla","Cucutilla","Norte De Santander","sin_regla","pendiente","",""
"54239","Fiestas de Durania","Durania","Norte De Santander","sin_regla","pendiente","",""
"54245","Fiestas de El Carmen","El Carmen","Norte De Santander","sin_regla","pendiente","",""
"54250","Fiestas de El Tarra","El Tarra","Norte De Santander","sin_regla","pendiente","",""
"54261","Fiestas de El Zulia","El Zulia","Norte De Santander","sin_regla","pendiente","",""
"54313","Fiestas de Gramalote","Gramalote","Norte De Santander","sin_regla","pendiente","",""
"54344","Fiestas de Hacarí","Hacarí","Norte De Santander","sin_regla","pendiente","",""
"54347","Fiestas de Herrán","Herrán","Norte De Santander","sin_regla","pendiente","",""
"54377","Fiestas de Labateca","Labateca","Norte De Santander","sin_regla","pendiente","",""
"54385","Fiestas de La Esperanza","La Esperanza","Norte De Santander","sin_regla","pendiente","",""
"54398","Fiestas de La Playa","La Playa","Norte De Santander","sin_regla","pendiente","",""
"54405","Fiestas de Los Patios","Los Patios","Norte De Santander","sin_regla","pendiente","",""
"54418","Fiestas de Lourdes","Lourdes","Norte De Santander","sin_regla","pendiente","",""
"54480","Fiestas de Mutiscua","Mutiscua","Norte De Santander","sin_regla","pendiente","",""
"54498","Fiestas de Ocaña","Ocaña","Norte De Santander","sin_regla","pendiente","",""
"54518","Fiestas de Pamplona","Pamplona","Norte De Santander","sin_regla","pendiente","",""
"54520","Fiestas de Pamplonita","Pamplonita","Norte De Santander","sin_regla","pendiente","",""
"54553","Fiestas de Puerto Santander","Puerto Santander","Norte De Santander","sin_regla","pendiente","",""
"54599","Fiestas de Ragonvalia","Ragonvalia","Norte De Santander","sin_regla","pendiente","",""
"54660","Fiestas de Salazar","Salazar","Norte De Santander","sin_regla","pendiente","",""
"54670","Fiestas de San Calixto","San Calixto","Norte De Santander","sin_regla","pendiente","",""
"54673","Fiestas de San Cayetano","San Cayetano","Norte De Santander","sin_regla","pendiente","",""
"54680","Fiestas de Santiago","Santiago","Norte De Santander","sin_regla","pendiente","",""
"54720","Fiestas de Sardinata","Sardinata","Norte De Santander","sin_regla","pendiente","",""
"54743","Fiestas de Silos","Silos","Norte De Santander","sin_regla","pendiente","",""
"54800","Fiestas de Teorama","Teorama","Norte De Santander","sin_regla","pendiente","",""
"54810","Fiestas de Tibú","Tibú","Norte De Santander","sin_regla","pendiente","",""
"54820","Fiestas de Toledo","Toledo","Norte De Santander","sin_regla","pendiente","",""
"54871","Fiestas de Villa Caro","Villa Caro","Norte De Santander","sin_regla","pendiente","",""
"54874","Fiestas de Villa del Rosario","Villa del Rosario","Norte De Santander","sin_regla","pendiente","",""
"86219","Fiestas de Colón","Colón","Putumayo","sin_regla","pendiente","",""
"86573","Fiestas de Leguízamo","Leguízamo","Putumayo","sin_regla","pendiente","",""
"86001","Fiestas de Mocoa","Mocoa","Putumayo","sin_regla","pendiente","",""
"86320","Fiestas de Orito","Orito","Putumayo","sin_regla","pendiente","",""
"86568","Fiestas de Puerto Asís","Puerto Asís","Putumayo","sin_regla","pendiente","",""
"86569","Fiestas de Puerto Caicedo","Puerto Caicedo","Putumayo","sin_regla","pendiente","",""
"86571","Fiestas de Puerto Guzmán","Puerto Guzmán","Putumayo","sin_regla","pendiente","",""
"86755","Fiestas de San Francisco","San Francisco","Putumayo","sin_regla","pendiente","",""
"86757","Fiestas de San Miguel","San Miguel","Putumayo","sin_regla","pendiente","",""
"86760","Fiestas de Santiago","Santiago","Putumayo","sin_regla","pendiente","",""
"86749","Fiestas de Sibundoy","Sibundoy","Putumayo","sin_regla","pendiente","",""
"86865","Fiestas de Valle del Guamuez","Valle del Guamuez","Putumayo","sin_regla","pendiente","",""
"86885","Fiestas de Villagarzón","Villagarzón","Putumayo","sin_regla","pendiente","",""
"63001","Fiestas de Armenia","Armenia","Quindio","sin_regla","pendiente","",""
"63111","Fiestas de Buenavista","Buenavista","Quindio","sin_regla","pendiente","",""
"63130","Fiestas de Calarca","Calarca","Quindio","sin_regla","pendiente","",""
"63190","Fiestas de Circasia","Circasia","Quindio","sin_regla","pendiente","",""
"63212","Fiestas de Córdoba","Córdoba","Quindio","sin_regla","pendiente","",""
"63272","Fiestas de Filandia","Filandia","Quindio","sin_regla","pendiente","",""
"63302","Fiestas de Génova","Génova","Quindio","sin_regla","pendiente","",""
"63401","Fiestas de La Tebaida","La Tebaida","Quindio","sin_regla","pendiente","",""
"63470","Fiestas de Montenegro","Montenegro","Quindio","sin_regla","pendiente","",""
"63548","Fiestas de Pijao","Pijao","Quindio","sin_regla","pendiente","",""
"63594","Fiestas de Quimbaya","Quimbaya","Quindio","sin_regla","pendiente","",""
"63690","Fiestas de Salento","Salento","Quindio","sin_regla","pendiente","",""
"66045","Fiestas de Apía","Apía","Risaralda","sin_regla","pendiente","",""
"66075","Fiestas de Balboa","Balboa","Risaralda","sin_regla","pendiente","",""
"66088","Fiestas de Belén de Umbría","Belén de Umbría","Risaralda","sin_regla","pendiente","",""
"66170","Fiestas de Dosquebradas","Dosquebradas","Risaralda","sin_regla","pendiente","",""
"66318","Fiestas de Guática","Guática","Risaralda","sin_regla","pendiente","",""
"66383","Fiestas de La Celia","La Celia","Risaralda","sin_regla","pendiente","",""
"66400","Fiestas de La Virginia","La Virginia","Risaralda","sin_regla","pendiente","",""
"66440","Fiestas de Marsella","Marsella","Risaralda","sin_regla","pendiente","",""
"66456","Fiestas de Mistrató","Mistrató","Risaralda","sin_regla","pendiente","",""
"66001","Fiestas de Pereira","Pereira","Risaralda","sin_regla","pendiente","",""
"66572","Fiestas de Pueblo Rico","Pueblo Rico","Risaralda","sin_regla","pendiente","",""
"66594","Fiestas de Quinchía","Quinchía","Risaralda","sin_regla","pendiente","",""
"66682","Fiestas de Santa Rosa de Cabal","Santa Rosa de Cabal","Risaralda","sin_regla","pendiente","",""
"66687","Fiestas de Santuario","Santuario","Risaralda","sin_regla","pendiente","",""
"68013","Fiestas de Aguada","Aguada","Santander","sin_regla","pendiente","",""
"68020","Fiestas de Albania","Albania","Santander","sin_regla","pendiente","",""
"68051","Fiestas de Aratoca","Aratoca","Santander","sin_regla","pendiente","",""
"68077","Fiestas de Barbosa","Barbosa","Santander","sin_regla","pendiente","",""
"68079","Fiestas de Barichara","Barichara","Santander","sin_regla","pendiente","",""
"68081","Fiestas de Barrancabermeja","Barrancabermeja","Santander","sin_regla","pendiente","",""
"68092","Fiestas de Betulia","Betulia","Santander","sin_regla","pendiente","",""
"68101","Fiestas de Bolívar","Bolívar","Santander","sin_regla","pendiente","",""
"68001","Fiestas de Bucaramanga","Bucaramanga","Santander","sin_regla","pendiente","",""
"68121","Fiestas de Cabrera","Cabrera","Santander","sin_regla","pendiente","",""
"68132","Fiestas de California","California","Santander","sin_regla","pendiente","",""
"68147","Fiestas de Capitanejo","Capitanejo","Santander","sin_regla","pendiente","",""
"68152","Fiestas de Carcasí","Carcasí","Santander","sin_regla","pendiente","",""
"68160","Fiestas de Cepitá","Cepitá","Santander","sin_regla","pendiente","",""
"68162","Fiestas de Cerrito","Cerrito","Santander","sin_regla","pendiente","",""
"68167","Fiestas de Charalá","Charalá","Santander","sin_regla","pendiente","",""
"68169","Fiestas de Charta","Charta","Santander","sin_regla","pendiente","",""
"68176","Fiestas de Chima","Chima","Santander","sin_regla","pendiente","",""
"68179","Fiestas de Chipatá","Chipatá","Santander","sin_regla","pendiente","",""
"68190","Fiestas de Cimitarra","Cimitarra","Santander","sin_regla","pendiente","",""
"68207","Fiestas de Concepción","Concepción","Santander","sin_regla","pendiente","",""
"68209","Fiestas de Confines","Confines","Santander","sin_regla","pendiente","",""
"68211","Fiestas de Contratación","Contratación","Santander","sin_regla","pendiente","",""
"68217","Fiestas de Coromoro","Coromoro","Santander","sin_regla","pendiente","",""
"68229","Fiestas de Curití","Curití","Santander","sin_regla","pendiente","",""
"68235","Fiestas de El Carmen de Chucurí","El Carmen de Chucurí","Santander","sin_regla","pendiente","",""
"68245","Fiestas de El Guacamayo","El Guacamayo","Santander","sin_regla","pendiente","",""
"68250","Fiestas de El Peñón","El Peñón","Santander","sin_regla","pendiente","",""
"68255","Fiestas de El Playón","El Playón","Santander","sin_regla","pendiente","",""
"68264","Fiestas de Encino","Encino","Santander","sin_regla","pendiente","",""
"68266","Fiestas de Enciso","Enciso","Santander","sin_regla","pendiente","",""
"68271","Fiestas de Florián","Florián","Santander","sin_regla","pendiente","",""
"68276","Fiestas de Floridablanca","Floridablanca","Santander","sin_regla","pendiente","",""
"68296","Fiestas de Galán","Galán","Santander","sin_regla","pendiente","",""
"68298","Fiestas de Gambita","Gambita","Santander","sin_regla","pendiente","",""
"68307","Fiestas de Girón","Girón","Santander","sin_regla","pendiente","",""
"68318","Fiestas de Guaca","Guaca","Santander","sin_regla","pendiente","",""
"68320","Fiestas de Guadalupe","Guadalupe","Santander","sin_regla","pendiente","",""
"68322","Fiestas de Guapotá","Guapotá","Santander","sin_regla","pendiente","",""
"68324","Fiestas de Guavatá","Guavatá","Santander","sin_regla","pendiente","",""
"68327","Fiestas de Güepsa","Güepsa","Santander","sin_regla","pendiente","",""
"68344","Fiestas de Hato","Hato","Santander","sin_regla","pendiente","",""
"68368","Fiestas de Jesús María","Jesús María","Santander","sin_regla","pendiente","",""
"68370","Fiestas de Jordán","Jordán","Santander","sin_regla","pendiente","",""
"68377","Fiestas de La Belleza","La Belleza","Santander","sin_regla","pendiente","",""
"68385","Fiestas de Landázuri","Landázuri","Santander","sin_regla","pendiente","",""
"68397","Fiestas de La Paz","La Paz","Santander","sin_regla","pendiente","",""
"68406","Fiestas de Lebríja","Lebríja","Santander","sin_regla","pendiente","",""
"68418","Fiestas de Los Santos","Los Santos","Santander","sin_regla","pendiente","",""
"68425","Fiestas de Macaravita","Macaravita","Santander","sin_regla","pendiente","",""
"68432","Fiestas de Málaga","Málaga","Santander","sin_regla","pendiente","",""
"68444","Fiestas de Matanza","Matanza","Santander","sin_regla","pendiente","",""
"68464","Fiestas de Mogotes","Mogotes","Santander","sin_regla","pendiente","",""
"68468","Fiestas de Molagavita","Molagavita","Santander","sin_regla","pendiente","",""
"68498","Fiestas de Ocamonte","Ocamonte","Santander","sin_regla","pendiente","",""
"68500","Fiestas de Oiba","Oiba","Santander","sin_regla","pendiente","",""
"68502","Fiestas de Onzaga","Onzaga","Santander","sin_regla","pendiente","",""
"68522","Fiestas de Palmar","Palmar","Santander","sin_regla","pendiente","",""
"68524","Fiestas de Palmas del Socorro","Palmas del Socorro","Santander","sin_regla","pendiente","",""
"68533","Fiestas de Páramo","Páramo","Santander","sin_regla","pendiente","",""
"68547","Fiestas de Piedecuesta","Piedecuesta","Santander","sin_regla","pendiente","",""
"68549","Fiestas de Pinchote","Pinchote","Santander","sin_regla","pendiente","",""
"68572","Fiestas de Puente Nacional","Puente Nacional","Santander","sin_regla","pendiente","",""
"68573","Fiestas de Puerto Parra","Puerto Parra","Santander","sin_regla","pendiente","",""
"68575","Fiestas de Puerto Wilches","Puerto Wilches","Santander","sin_regla","pendiente","",""
"68615","Fiestas de Rionegro","Rionegro","Santander","sin_regla","pendiente","",""
"68655","Fiestas de Sabana de Torres","Sabana de Torres","Santander","sin_regla","pendiente","",""
"68669","Fiestas de San Andrés","San Andrés","Santander","sin_regla","pendiente","",""
"68673","Fiestas de San Benito","San Benito","Santander","sin_regla","pendiente","",""
"68679","Fiestas de San Gil","San Gil","Santander","sin_regla","pendiente","",""
"68682","Fiestas de San Joaquín","San Joaquín","Santander","sin_regla","pendiente","",""
"68684","Fiestas de San José de Miranda","San José de Miranda","Santander","sin_regla","pendiente","",""
"68686","Fiestas de San Miguel","San Miguel","Santander","sin_regla","pendiente","",""
"68705","Fiestas de Santa Bárbara","Santa Bárbara","Santander","sin_regla","pendiente","",""
"68720","Fiestas de Santa Helena del Opón","Santa Helena del Opón","Santander","sin_regla","pendiente","",""
"68689","Fiestas de San Vicente de Chucurí","San Vicente de Chucurí","Santander","sin_regla","pendiente","",""
"68745","Fiestas de Simacota","Simacota","Santander","sin_regla","pendiente","",""
"68755","Fiestas de Socorro","Socorro","Santander","sin_regla","pendiente","",""
"68770","Fiestas de Suaita","Suaita","Santander","sin_regla","pendiente","",""
"68773","Fiestas de Sucre","Sucre","Santander","sin_regla","pendiente","",""
"68780","Fiestas de Suratá","Suratá","Santander","sin_regla","pendiente","",""
"68820","Fiestas de Tona","Tona","Santander","sin_regla","pendiente","",""
"68855","Fiestas de Valle de San José","Valle de San José","Santander","sin_regla","pendiente","",""
"68861","Fiestas de Vélez","Vélez","Santander","sin_regla","pendiente","",""
"68867","Fiestas de Vetas","Vetas","Santander","sin_regla","pendiente","",""
"68872","Fiestas de Villanueva","Villanueva","Santander","sin_regla","pendiente","",""
"68895","Fiestas de Zapatoca","Zapatoca","Santander","sin_regla","pendiente","",""
"70110","Fiestas de Buenavista","Buenavista","Sucre","sin_regla","pendiente","",""
"70124","Fiestas de Caimito","Caimito","Sucre","sin_regla","pendiente","",""
"70230","Fiestas de Chalán","Chalán","Sucre","sin_regla","pendiente","",""
"70204","Fiestas de Coloso","Coloso","Sucre","sin_regla","pendiente","",""
"70215","Fiestas de Corozal","Corozal","Sucre","sin_regla","pendiente","",""
"70221","Fiestas de Coveñas","Coveñas","Sucre","sin_regla","pendiente","",""
"70233","Fiestas de El Roble","El Roble","Sucre","sin_regla","pendiente","",""
"70235","Fiestas de Galeras","Galeras","Sucre","sin_regla","pendiente","",""
"70265","Fiestas de Guaranda","Guaranda","Sucre","sin_regla","pendiente","",""
"70400","Fiestas de La Unión","La Unión","Sucre","sin_regla","pendiente","",""
"70418","Fiestas de Los Palmitos","Los Palmitos","Sucre","sin_regla","pendiente","",""
"70429","Fiestas de Majagual","Majagual","Sucre","sin_regla","pendiente","",""
"70473","Fiestas de Morroa","Morroa","Sucre","sin_regla","pendiente","",""
"70508","Fiestas de Ovejas","Ovejas","Sucre","sin_regla","pendiente","",""
"70523","Fiestas de Palmito","Palmito","Sucre","sin_regla","pendiente","",""
"70670","Fiestas de Sampués","Sampués","Sucre","sin_regla","pendiente","",""
"70678","Fiestas de San Benito Abad","San Benito Abad","Sucre","sin_regla","pendiente","",""
"70702","Fiestas de San Juan de Betulia","San Juan de Betulia","Sucre","sin_regla","pendiente","",""
"70742","Fiestas de San Luis de Sincé","San Luis de Sincé","Sucre","sin_regla","pendiente","",""
"70708","Fiestas de San Marcos","San Marcos","Sucre","sin_regla","pendiente","",""
"70713","Fiestas de San Onofre","San Onofre","Sucre","sin_regla","pendiente","",""
"70717","Fiestas de San Pedro","San Pedro","Sucre","sin_regla","pendiente","",""
"70820","Fiestas de Santiago de Tolú","Santiago de Tolú","Sucre","sin_regla","pendiente","",""
"70001","Fiestas de Sincelejo","Sincelejo","Sucre","sin_regla","pendiente","",""
"70771","Fiestas de Sucre","Sucre","Sucre","sin_regla","pendiente","",""
"70823","Fiestas de Tolú Viejo","Tolú Viejo","Sucre","sin_regla","pendiente","",""
"73024","Fiestas de Alpujarra","Alpujarra","Tolima","sin_regla","pendiente","",""
"73026","Fiestas de Alvarado","Alvarado","Tolima","sin_regla","pendiente","",""
"73030","Fiestas de Ambalema","Ambalema","Tolima","sin_regla","pendiente","",""
"73043","Fiestas de Anzoátegui","Anzoátegui","Tolima","sin_regla","pendiente","",""
"73055","Fiestas de Armero","Armero","Tolima","sin_regla","pendiente","",""
"73067","Fiestas de Ataco","Ataco","Tolima","sin_regla","pendiente","",""
"73124","Fiestas de Cajamarca","Cajamarca","Tolima","sin_regla","pendiente","",""
"73148","Fiestas de Carmen de Apicalá","Carmen de Apicalá","Tolima","sin_regla","pendiente","",""
"73152","Fiestas de Casabianca","Casabianca","Tolima","sin_regla","pendiente","",""
"73168","Fiestas de Chaparral","Chaparral","Tolima","sin_regla","pendiente","",""
"73200","Fiestas de Coello","Coello","Tolima","sin_regla","pendiente","",""
"73217","Fiestas de Coyaima","Coyaima","Tolima","sin_regla","pendiente","",""
"73226","Fiestas de Cunday","Cunday","Tolima","sin_regla","pendiente","",""
"73236","Fiestas de Dolores","Dolores","Tolima","sin_regla","pendiente","",""
"73268","Fiestas de Espinal","Espinal","Tolima","sin_regla","pendiente","",""
"73270","Fiestas de Falan","Falan","Tolima","sin_regla","pendiente","",""
"73275","Fiestas de Flandes","Flandes","Tolima","sin_regla","pendiente","",""
"73283","Fiestas de Fresno","Fresno","Tolima","sin_regla","pendiente","",""
"73319","Fiestas de Guamo","Guamo","Tolima","sin_regla","pendiente","",""
"73347","Fiestas de Herveo","Herveo","Tolima","sin_regla","pendiente","",""
"73349","Fiestas de Honda","Honda","Tolima","sin_regla","pendiente","",""
"73001","Fiestas de Ibagué","Ibagué","Tolima","sin_regla","pendiente","",""
"73352","Fiestas de Icononzo","Icononzo","Tolima","sin_regla","pendiente","",""
"73408","Fiestas de Lérida","Lérida","Tolima","sin_regla","pendiente","",""
"73411","Fiestas de Líbano","Líbano","Tolima","sin_regla","pendiente","",""
"73443","Fiestas de Mariquita","Mariquita","Tolima","sin_regla","pendiente","",""
"73449","Fiestas de Melgar","Melgar","Tolima","sin_regla","pendiente","",""
"73461","Fiestas de Murillo","Murillo","Tolima","sin_regla","pendiente","",""
"73483","Fiestas de Natagaima","Natagaima","Tolima","sin_regla","pendiente","",""
"73504","Fiestas de Ortega","Ortega","Tolima","sin_regla","pendiente","",""
"73520","Fiestas de Palocabildo","Palocabildo","Tolima","sin_regla","pendiente","",""
"73547","Fiestas de Piedras","Piedras","Tolima","sin_regla","pendiente","",""
"73555","Fiestas de Planadas","Planadas","Tolima","sin_regla","pendiente","",""
"73563","Fiestas de Prado","Prado","Tolima","sin_regla","pendiente","",""
"73585","Fiestas de Purificación","Purificación","Tolima","sin_regla","pendiente","",""
"73616","Fiestas de Rioblanco","Rioblanco","Tolima","sin_regla","pendiente","",""
"73622","Fiestas de Roncesvalles","Roncesvalles","Tolima","sin_regla","pendiente","",""
"73624","Fiestas de Rovira","Rovira","Tolima","sin_regla","pendiente","",""
"73671","Fiestas de Saldaña","Saldaña","Tolima","sin_regla","pendiente","",""
"73675","Fiestas de San Antonio","San Antonio","Tolima","sin_regla","pendiente","",""
"73678","Fiestas de San Luis","San Luis","Tolima","sin_regla","pendiente","",""
"73686","Fiestas de Santa Isabel","Santa Isabel","Tolima","sin_regla","pendiente","",""
"73770","Fiestas de Suárez","Suárez","Tolima","sin_regla","pendiente","",""
"73854","Fiestas de Valle de San Juan","Valle de San Juan","Tolima","sin_regla","pendiente","",""
"73861","Fiestas de Venadillo","Venadillo","Tolima","sin_regla","pendiente","",""
"73870","Fiestas de Villahermosa","Villahermosa","Tolima","sin_regla","pendiente","",""
"73873","Fiestas de Villarrica","Villarrica","Tolima","sin_regla","pendiente","",""
"76020","Fiestas de Alcalá","Alcalá","Valle Del Cauca","sin_regla","pendiente","",""
"76036","Fiestas de Andalucía","Andalucía","Valle Del Cauca","sin_regla","pendiente","",""
"76041","Fiestas de Ansermanuevo","Ansermanuevo","Valle Del Cauca","sin_regla","pendiente","",""
"76054","Fiestas de Argelia","Argelia","Valle Del Cauca","sin_regla","pendiente","",""
"76100","Fiestas de Bolívar","Bolívar","Valle Del Cauca","sin_regla","pendiente","",""
"76109","Fiestas de Buenaventura","Buenaventura","Valle Del Cauca","sin_regla","pendiente","",""
"76113","Fiestas de Bugalagrande","Bugalagrande","Valle Del Cauca","sin_regla","pendiente","",""
"76122","Fiestas de Caicedonia","Caicedonia","Valle Del Cauca","sin_regla","pendiente","",""
"76001","Fiestas de Cali","Cali","Valle Del Cauca","sin_regla","pendiente","",""
"76126","Fiestas de Calima","Calima","Valle Del Cauca","sin_regla","pendiente","",""
"76130","Fiestas de Candelaria","Candelaria","Valle Del Cauca","sin_regla","pendiente","",""
"76147","Fiestas de Cartago","Cartago","Valle Del Cauca","sin_regla","pendiente","",""
"76233","Fiestas de Dagua","Dagua","Valle Del Cauca","sin_regla","pendiente","",""
"76243","Fiestas de El Águila","El Águila","Valle Del Cauca","sin_regla","pendiente","",""
"76246","Fiestas de El Cairo","El Cairo","Valle Del Cauca","sin_regla","pendiente","",""
"76248","Fiestas de El Cerrito","El Cerrito","Valle Del Cauca","sin_regla","pendiente","",""
"76250","Fiestas de El Dovio","El Dovio","Valle Del Cauca","sin_regla","pendiente","",""
"76275","Fiestas de Florida","Florida","Valle Del Cauca","sin_regla","pendiente","",""
"76306","Fiestas de Ginebra","Ginebra","Valle Del Cauca","sin_regla","pendiente","",""
"76318","Fiestas de Guacarí","Guacarí","Valle Del Cauca","sin_regla","pendiente","",""
"76111","Fiestas de Guadalajara de Buga","Guadalajara de Buga","Valle Del Cauca","sin_regla","pendiente","",""
"76364","Fiestas de Jamundí","Jamundí","Valle Del Cauca","sin_regla","pendiente","",""
"76377","Fiestas de La Cumbre","La Cumbre","Valle Del Cauca","sin_regla","pendiente","",""
"76400","Fiestas de La Unión","La Unión","Valle Del Cauca","sin_regla","pendiente","",""
"76403","Fiestas de La Victoria","La Victoria","Valle Del Cauca","sin_regla","pendiente","",""
"76497","Fiestas de Obando","Obando","Valle Del Cauca","sin_regla","pendiente","",""
"76520","Fiestas de Palmira","Palmira","Valle Del Cauca","sin_regla","pendiente","",""
"76563","Fiestas de Pradera","Pradera","Valle Del Cauca","sin_regla","pendiente","",""
"76606","Fiestas de Restrepo","Restrepo","Valle Del Cauca","sin_regla","pendiente","",""
"76616","Fiestas de Riofrío","Riofrío","Valle Del Cauca","sin_regla","pendiente","",""
"76622","Fiestas de Roldanillo","Roldanillo","Valle Del Cauca","sin_regla","pendiente","",""
"76670","Fiestas de San Pedro","San Pedro","Valle Del Cauca","sin_regla","pendiente","",""
"76736","Fiestas de Sevilla","Sevilla","Valle Del Cauca","sin_regla","pendiente","",""
"76823","Fiestas de Toro","Toro","Valle Del Cauca","sin_regla","pendiente","",""
"76828","Fiestas de Trujillo","Trujillo","Valle Del Cauca","sin_regla","pendiente","",""
"76834","Fiestas de Tuluá","Tuluá","Valle Del Cauca","sin_regla","pendiente","",""
"76845","Fiestas de Ulloa","Ulloa","Valle Del Cauca","sin_regla","pendiente","",""
"76863","Fiestas de Versalles","Versalles","Valle Del Cauca","sin_regla","pendiente","",""
"76869","Fiestas de Vijes","Vijes","Valle Del Cauca","sin_regla","pendiente","",""
"76890","Fiestas de Yotoco","Yotoco","Valle Del Cauca","sin_regla","pendiente","",""
"76892","Fiestas de Yumbo","Yumbo","Valle Del Cauca","sin_regla","pendiente","",""
"76895","Fiestas de Zarzal","Zarzal","Valle Del Cauca","sin_regla","pendiente","",""
"97161","Fiestas de Caruru","Caruru","Vaupés","sin_regla","pendiente","",""
"97001","Fiestas de Mitú","Mitú","Vaupés","sin_regla","pendiente","",""
"97511","Fiestas de Pacoa","Pacoa","Vaupés","sin_regla","pendiente","",""
"97777","Fiestas de Papunaua","Papunaua","Vaupés","sin_regla","pendiente","",""
"97666","Fiestas de Taraira","Taraira","Vaupés","sin_regla","pendiente","",""
"97889","Fiestas de Yavaraté","Yavaraté","Vaupés","sin_regla","pendiente","",""
"99773","Fiestas de Cumaribo","Cumaribo","Vichada","sin_regla","pendiente","",""
"99524","Fiestas de La Primavera","La Primavera","Vichada","sin_regla","pendiente","",""
"99001","Fiestas de Puerto Carreno","Puerto Carreño","Vichada","sin_regla","pendiente","",""
"99624","Fiestas de Santa Rosalía","Santa Rosalía","Vichada","sin_regla","pendiente","",""