Codigo_id,departamento,municipio,Subregion,habitantes,temperatura_promedio,altura,festival,fecha,sitio_1,maps_1,sitio_2,maps_2,sitio_3,maps_3,hotel_1,wa_1,hotel_2,wa_2,hotel_3,wa_3,latitud,longitud,fuente_geo
00000,NACIONAL,NACIONAL,,0.0,,1606.0,,,,,,,,,,,,,,,6.23412,-75.55964,geonames
11001,"Bogotá, D.C.","Bogotá, D.C.",,,,,,,,,,,,,,,,,,,,,
13001,Bolívar,Cartagena,,914552.0,,20.0,,,,,,,,,,,,,,,10.39817,-75.49328,geonames
13006,Bolívar,Achí,,23051.0,,19.0,,,,,,,,,,,,,,,8.62583,-74.47764,geonames
13030,Bolívar,Altos del Rosario,,11357.0,,17.0,,,,,,,,,,,,,,,8.73888,-74.23005,geonames
13042,Bolívar,Arenal,,15414.0,,1043.0,,,,,,,,,,,,,,,8.34173,-74.10584,geonames
13052,Bolívar,Arjona,,73730.0,,54.0,,,,,,,,,,,,,,,10.17594,-75.35884,geonames
13062,Bolívar,Arroyohondo,,9907.0,,48.0,,,,,,,,,,,,,,,10.23583,-75.04218,geonames
13074,Bolívar,Barranco de Loba,,14435.0,,20.0,,,,,,,,,,,,,,,8.8829,-74.18276,geonames
13140,Bolívar,Calamar,,22202.0,,5.0,,,,,,,,,,,,,,,10.23377,-74.9424,geonames
13160,Bolívar,Cantagallo,,6874.0,,59.0,,,,,,,,,,,,,,,7.37926,-73.9155,geonames
13188,Bolívar,Cicuco,,13120.0,,10.0,,,,,,,,,,,,,,,9.23226,-74.69095,geonames
13212,Bolívar,Córdoba,,15012.0,,26.0,,,,,,,,,,,,,,,9.55149,-74.898,geonames
13222,Bolívar,Clemencia,,13821.0,,67.0,,,,,,,,,,,,,,,10.56645,-75.32499,geonames
13244,Bolívar,El Carmen de Bolívar,,67952.0,,273.0,,,,,,,,,,,,,,,9.7088,-75.15958,geonames
13248,Bolívar,El Guamo,,7826.0,,49.0,,,,,,,,,,,,,,,10.01753,-74.93483,geonames
13268,Bolívar,El Peñón,,7234.0,,21.0,,,,,,,,,,,,,,,8.98885,-73.94898,geonames
13300,Bolívar,Hatillo de Loba,,11770.0,,26.0,,,,,,,,,,,,,,,8.96607,-74.12454,geonames
13430,Bolívar,Magangué,,123982.0,,20.0,,,,,,,,,,,,,,,9.24202,-74.75467,geonames
13433,Bolívar,Mahates,,26075.0,,10.0,,,,,,,,,,,,,,,10.23293,-75.18985,geonames
13440,Bolívar,Margarita,,9720.0,,24.0,,,,,,,,,,,,,,,9.15596,-74.26618,geonames
13442,Bolívar,María La Baja,,23401.0,,15.0,,,,,,,,,,,,,,,9.9832,-75.30155,geonames
13458,Bolívar,Montecristo,,13470.0,,84.0,,,,,,,,,,,,,,,8.2971,-74.4733,geonames
13468,Bolívar,Mompós,,41565.0,,14.0,,,,,,,,,,,,,,,9.1399,-74.54513,geonames
13473,Bolívar,Morales,,29737.0,,1590.0,,,,,,,,,,,,,,,2.78191,-76.76939,geonames
13549,Bolívar,Pinillos,,23349.0,,19.0,,,,,,,,,,,,,,,8.91925,-74.46771,geonames
13580,Bolívar,Regidor,,8796.0,,33.0,,,,,,,,,,,,,,,8.72229,-73.84891,geonames
13600,Bolívar,Río Viejo,,8125.0,,20.0,,,,,,,,,,,,,,,8.58863,-73.83972,geonames
13620,Bolívar,San Cristóbal,,6561.0,,13.0,,,,,,,,,,,,,,,10.36958,-75.07342,geonames
13647,Bolívar,San Estanislao,,16518.0,,16.0,,,,,,,,,,,,,,,10.39833,-75.15111,geonames
13650,Bolívar,San Fernando,,9776.0,,18.0,,,,,,,,,,,,,,,9.07705,-74.41177,geonames
13654,Bolívar,San Jacinto,,23576.0,,235.0,,,,,,,,,,,,,,,9.82767,-75.1217,geonames
13655,Bolívar,San Jacinto del Cauca,,8079.0,,21.0,,,,,,,,,,,,,,,8.23729,-74.66782,geonames
13657,Bolívar,San Juan Nepomuceno,,34110.0,,172.0,,,,,,,,,,,,,,,9.95157,-75.08198,geonames
13667,Bolívar,San Martín de Loba,,14504.0,,21.0,,,,,,,,,,,,,,,8.88214,-74.00353,geonames
13670,Bolívar,San Pablo,,37160.0,,14.0,,,,,,,,,,,,,,,10.05154,-75.26775,geonames
13673,Bolívar,Santa Catalina,,14039.0,,36.0,,,,,,,,,,,,,,,10.60448,-75.29555,geonames
13683,Bolívar,Santa Rosa,,18375.0,,38.0,,,,,,,,,,,,,,,10.44472,-75.36972,geonames
13688,Bolívar,Santa Rosa del Sur,,34015.0,,778.0,,,,,,,,,,,,,,,7.6976,-74.27588,geonames
13744,Bolívar,Simití,,15353.0,,48.0,,,,,,,,,,,,,,,7.9579,-73.9436,geonames
13760,Bolívar,Soplaviento,,8281.0,,2.0,,,,,,,,,,,,,,,10.33176,-75.11853,geonames
13780,Bolívar,Talaigua Nuevo,,12845.0,,9.0,,,,,,,,,,,,,,,9.32011,-74.65587,geonames
13810,Bolívar,Tiquisio,,18786.0,,27.0,,,,,,,,,,,,,,,8.47801,-74.30626,geonames
13836,Bolívar,Turbaco,,63046.0,,118.0,,,,,,,,,,,,,,,10.35707,-75.38044,geonames
13838,Bolívar,Turbaná,,13493.0,,35.0,,,,,,,,,,,,,,,10.23528,-75.45612,geonames
13873,Bolívar,Villanueva,,31727.0,,185.0,,,,,,,,,,,,,,,5.28333,-71.96667,geonames
13894,Bolívar,Zambrano,,11367.0,,67.0,,,,,,,,,,,,,,,9.74823,-74.88487,geonames
15001,Boyacá,Tunja,,172548.0,,2693.0,,,,,,,,,,,,,,,5.54481,-73.35756,geonames
15022,Boyacá,Almeida,,2294.0,,2647.0,,,,,,,,,,,,,,,4.9226,-73.41131,geonames
15047,Boyacá,Aquitania,,16592.0,,2403.0,,,,,,,,,,,,,,,5.40341,-72.90192,geonames
15051,Boyacá,Arcabuco,,5240.0,,2667.0,,,,,,,,,,,,,,,5.72389,-73.46781,geonames
15087,Boyacá,Belén,,9041.0,,2652.0,,,,,,,,,,,,,,,5.97631,-72.92481,geonames
15090,Boyacá,Berbeo,,1913.0,,1365.0,,,,,,,,,,,,,,,5.2276,-73.12527,geonames
15092,Boyacá,Betéitiva,,2479.0,,2831.0,,,,,,,,,,,,,,,5.89428,-72.87079,geonames
15097,Boyacá,Boavita,,7079.0,,1514.0,,,,,,,,,,,,,,,6.30737,-72.64308,geonames
15104,Boyacá,Boyacá,,5074.0,,2337.0,,,,,,,,,,,,,,,5.44871,-73.35142,geonames
15106,Boyacá,Briceño,,8783.0,,1363.0,,,,,,,,,,,,,,,7.05001,-75.50903,geonames
15109,Boyacá,Buenavista,,18344.0,,43.0,,,,,,,,,,,,,,,8.17697,-75.44481,geonames
15114,Boyacá,Busbanzá,,1156.0,,2666.0,,,,,,,,,,,,,,,5.8435,-72.86991,geonames
15131,Boyacá,Caldas,,82234.0,,1756.0,,,,,,,,,,,,,,,6.09106,-75.63569,geonames
15135,Boyacá,Campohermoso,,4065.0,,642.0,,,,,,,,,,,,,,,4.97733,-73.16714,geonames
15162,Boyacá,Cerinza,,4312.0,,3765.0,,,,,,,,,,,,,,,5.93649,-72.99127,geonames
15172,Boyacá,Chinavita,,3528.0,,1917.0,,,,,,,,,,,,,,,5.17915,-73.37147,geonames
15176,Boyacá,Chiquinquirá,,72274.0,,2671.0,,,,,,,,,,,,,,,5.61363,-73.83848,geonames
15180,Boyacá,Chiscas,,5372.0,,3497.0,,,,,,,,,,,,,,,6.69329,-72.42433,geonames
15183,Boyacá,Chita,,10844.0,,3412.0,,,,,,,,,,,,,,,6.07788,-72.46774,geonames
15185,Boyacá,Chitaraque,,6711.0,,1831.0,,,,,,,,,,,,,,,5.96167,-73.45761,geonames
15187,Boyacá,Chivatá,,6199.0,,3022.0,,,,,,,,,,,,,,,5.54085,-73.28469,geonames
15189,Boyacá,Ciénega,,5242.0,,2919.0,,,,,,,,,,,,,,,5.36332,-73.29746,geonames
15204,Boyacá,Cómbita,,14632.0,,3161.0,,,,,,,,,,,,,,,5.6876,-73.32942,geonames
15212,Boyacá,Coper,,4201.0,,1252.0,,,,,,,,,,,,,,,5.4362,-74.0321,geonames
15215,Boyacá,Corrales,,2544.0,,2432.0,,,,,,,,,,,,,,,5.82497,-72.84539,geonames
15218,Boyacá,Covarachía,,3324.0,,2285.0,,,,,,,,,,,,,,,6.51933,-72.73996,geonames
15223,Boyacá,Cubará,,6614.0,,2128.0,,,,,,,,,,,,,,,6.88556,-72.19,geonames
15224,Boyacá,Cucaita,,4687.0,,2905.0,,,,,,,,,,,,,,,5.52741,-73.44631,geonames
15226,Boyacá,Cuítiva,,2011.0,,2883.0,,,,,,,,,,,,,,,5.59156,-72.96278,geonames
15232,Boyacá,Chíquiza,,6073.0,,3053.0,,,,,,,,,,,,,,,5.62009,-73.49619,geonames
15236,Boyacá,Chivor,,1795.0,,1158.0,,,,,,,,,,,,,,,4.83951,-73.37391,geonames
15238,Boyacá,Duitama,,128400.0,,3371.0,,,,,,,,,,,,,,,5.86361,-73.08988,geonames
15244,Boyacá,El Cocuy,,5582.0,,3821.0,,,,,,,,,,,,,,,6.32839,-72.43577,geonames
15248,Boyacá,El Espino,,3997.0,,3069.0,,,,,,,,,,,,,,,6.50812,-72.48036,geonames
15272,Boyacá,Firavitoba,,6316.0,,2898.0,,,,,,,,,,,,,,,5.64045,-73.05079,geonames
15276,Boyacá,Floresta,,4884.0,,2543.0,,,,,,,,,,,,,,,5.85903,-72.92511,geonames
15293,Boyacá,Gachantivá,,2654.0,,2460.0,,,,,,,,,,,,,,,5.74417,-73.54253,geonames
15296,Boyacá,Gameza,,5669.0,,3929.0,,,,,,,,,,,,,,,5.80313,-72.73721,geonames
15299,Boyacá,Garagoa,,16944.0,,2320.0,,,,,,,,,,,,,,,5.09222,-73.31602,geonames
15317,Boyacá,Guacamayas,,2132.0,,2668.0,,,,,,,,,,,,,,,6.44599,-72.51676,geonames
15322,Boyacá,Guateque,,9603.0,,1923.0,,,,,,,,,,,,,,,5.01481,-73.4882,geonames
15325,Boyacá,Guayatá,,5126.0,,2478.0,,,,,,,,,,,,,,,4.91935,-73.52968,geonames
15332,Boyacá,Güicán,,7869.0,,4098.0,,,,,,,,,,,,,,,6.5368,-72.27308,geonames
15362,Boyacá,Iza,,2116.0,,2581.0,,,,,,,,,,,,,,,5.62589,-72.97823,geonames
15367,Boyacá,Jenesano,,7436.0,,2208.0,,,,,,,,,,,,,,,5.37701,-73.37721,geonames
15368,Boyacá,Jericó,,12789.0,,1828.0,,,,,,,,,,,,,,,5.78054,-75.76096,geonames
15377,Boyacá,Labranzagrande,,5345.0,,1530.0,,,,,,,,,,,,,,,5.54242,-72.60233,geonames
15380,Boyacá,La Capilla,,2550.0,,2466.0,,,,,,,,,,,,,,,5.08076,-73.48076,geonames
15401,Boyacá,La Victoria,,13247.0,,960.0,,,,,,,,,,,,,,,4.47621,-75.98118,geonames
15403,Boyacá,La Uvita,,3621.0,,2441.0,,,,,,,,,,,,,,,6.24262,-72.56448,geonames
15407,Boyacá,Villa de Leyva,,16984.0,,2230.0,,,,,,,,,,,,,,,5.67061,-73.51554,geonames
15425,Boyacá,Macanal,,4821.0,,1285.0,,,,,,,,,,,,,,,4.9505,-73.32029,geonames
15442,Boyacá,Maripí,,7914.0,,1109.0,,,,,,,,,,,,,,,5.55733,-74.0544,geonames
15455,Boyacá,Miraflores,,11311.0,,230.0,,,,,,,,,,,,,,,1.3098,-72.0419,geonames
15464,Boyacá,Mongua,,5264.0,,2946.0,,,,,,,,,,,,,,,5.67452,-72.71729,geonames
15466,Boyacá,Monguí,,5002.0,,3283.0,,,,,,,,,,,,,,,5.69752,-72.83359,geonames
15469,Boyacá,Moniquirá,,20848.0,,1671.0,,,,,,,,,,,,,,,5.87638,-73.57284,geonames
15476,Boyacá,Motavita,,6772.0,,2901.0,,,,,,,,,,,,,,,5.5784,-73.36773,geonames
15480,Boyacá,Muzo,,10237.0,,875.0,,,,,,,,,,,,,,,5.52897,-74.10129,geonames
15491,Boyacá,Nobsa,,15194.0,,2503.0,,,,,,,,,,,,,,,5.74733,-72.95604,geonames
15494,Boyacá,Nuevo Colón,,6075.0,,2393.0,,,,,,,,,,,,,,,5.35384,-73.4497,geonames
15500,Boyacá,Oicatá,,2822.0,,2725.0,,,,,,,,,,,,,,,5.57477,-73.31138,geonames
15507,Boyacá,Otanche,,6997.0,,1075.0,,,,,,,,,,,,,,,5.65672,-74.18249,geonames
15511,Boyacá,Pachavita,,2508.0,,1885.0,,,,,,,,,,,,,,,5.14857,-73.39937,geonames
15514,Boyacá,Páez,,31800.0,,2406.0,,,,,,,,,,,,,,,2.75,-76.0,geonames
15516,Boyacá,Paipa,,27766.0,,3132.0,,,,,,,,,,,,,,,5.82977,-73.23086,geonames
15518,Boyacá,Pajarito,,2410.0,,1836.0,,,,,,,,,,,,,,,5.34751,-72.72075,geonames
15522,Boyacá,Panqueba,,1859.0,,2895.0,,,,,,,,,,,,,,,6.40494,-72.47515,geonames
15531,Boyacá,Pauna,,6355.0,,1080.0,,,,,,,,,,,,,,,5.65861,-73.9825,geonames
15533,Boyacá,Paya,,2648.0,,1509.0,,,,,,,,,,,,,,,5.664,-72.37473,geonames
15537,Boyacá,Paz de Río,,5258.0,,1800.0,,,,,,,,,,,,,,,6.00219,-72.78857,geonames
15542,Boyacá,Pesca,,9762.0,,2965.0,,,,,,,,,,,,,,,5.50213,-73.08794,geonames
15550,Boyacá,Pisba,,1533.0,,1746.0,,,,,,,,,,,,,,,5.74278,-72.48944,geonames
15572,Boyacá,Puerto Boyacá,,55286.0,,167.0,,,,,,,,,,,,,,,5.97214,-74.46349,geonames
15580,Boyacá,Quípama,,8793.0,,1362.0,,,,,,,,,,,,,,,5.5588,-74.21664,geonames
15599,Boyacá,Ramiriquí,,10789.0,,2955.0,,,,,,,,,,,,,,,5.31971,-73.31137,geonames
15600,Boyacá,Ráquira,,12522.0,,2669.0,,,,,,,,,,,,,,,5.48395,-73.65658,geonames
15621,Boyacá,Rondón,,3011.0,,1968.0,,,,,,,,,,,,,,,5.38173,-73.19683,geonames
15632,Boyacá,Saboyá,,12957.0,,2719.0,,,,,,,,,,,,,,,5.68787,-73.78139,geonames
15638,Boyacá,Sáchica,,3868.0,,2177.0,,,,,,,,,,,,,,,5.57438,-73.54345,geonames
15646,Boyacá,Samacá,,17614.0,,3308.0,,,,,,,,,,,,,,,5.44739,-73.55009,geonames
15660,Boyacá,San Eduardo,,1924.0,,1262.0,,,,,,,,,,,,,,,5.20402,-73.07286,geonames
15664,Boyacá,San José de Pare,,5719.0,,1886.0,,,,,,,,,,,,,,,5.97681,-73.55959,geonames
15667,Boyacá,San Luis de Gaceno,,6383.0,,494.0,,,,,,,,,,,,,,,4.85286,-73.14198,geonames
15673,Boyacá,San Mateo,,4790.0,,2463.0,,,,,,,,,,,,,,,6.37704,-72.57797,geonames
15676,Boyacá,San Miguel de Sema,,4612.0,,2539.0,,,,,,,,,,,,,,,5.53492,-73.75144,geonames
15681,Boyacá,San Pablo de Borbur,,18865.0,,1232.0,,,,,,,,,,,,,,,5.66638,-74.13723,geonames
15686,Boyacá,Santana,,7853.0,,1432.0,,,,,,,,,,,,,,,6.04464,-73.51107,geonames
15690,Boyacá,Santa María,,10218.0,,1864.0,,,,,,,,,,,,,,,2.93392,-75.63178,geonames
15693,Boyacá,Santa Rosa de Viterbo,,13249.0,,2960.0,,,,,,,,,,,,,,,5.88515,-73.01344,geonames
15696,Boyacá,Santa Sofía,,3121.0,,2923.0,,,,,,,,,,,,,,,5.70213,-73.62976,geonames
15720,Boyacá,Sativanorte,,2775.0,,3487.0,,,,,,,,,,,,,,,6.10584,-72.7532,geonames
15723,Boyacá,Sativasur,,1351.0,,2977.0,,,,,,,,,,,,,,,6.07102,-72.71509,geonames
15740,Boyacá,Siachoque,,8894.0,,3196.0,,,,,,,,,,,,,,,5.46903,-73.23448,geonames
15753,Boyacá,Soatá,,10945.0,,1979.0,,,,,,,,,,,,,,,6.33369,-72.68283,geonames
15755,Boyacá,Socotá,,10295.0,,3407.0,,,,,,,,,,,,,,,5.90898,-72.58113,geonames
15757,Boyacá,Socha,,7593.0,,3581.0,,,,,,,,,,,,,,,5.92926,-72.70072,geonames
15759,Boyacá,Sogamoso,,111336.0,,2490.0,,,,,,,,,,,,,,,5.71434,-72.93391,geonames
15761,Boyacá,Somondoco,,4359.0,,2100.0,,,,,,,,,,,,,,,4.96969,-73.42855,geonames
15762,Boyacá,Sora,,3025.0,,2724.0,,,,,,,,,,,,,,,5.58076,-73.44335,geonames
15763,Boyacá,Sotaquirá,,8966.0,,2930.0,,,,,,,,,,,,,,,5.76179,-73.28594,geonames
15764,Boyacá,Soracá,,5353.0,,2945.0,,,,,,,,,,,,,,,5.49602,-73.31892,geonames
15774,Boyacá,Susacón,,3698.0,,3575.0,,,,,,,,,,,,,,,6.18607,-72.75673,geonames
15776,Boyacá,Sutamarchán,,6120.0,,2420.0,,,,,,,,,,,,,,,5.61549,-73.65249,geonames
15778,Boyacá,Sutatenza,,4566.0,,1877.0,,,,,,,,,,,,,,,5.02638,-73.43372,geonames
15790,Boyacá,Tasco,,6925.0,,3636.0,,,,,,,,,,,,,,,5.84817,-72.75386,geonames
15798,Boyacá,Tenza,,4651.0,,1736.0,,,,,,,,,,,,,,,5.07083,-73.42459,geonames
15804,Boyacá,Tibaná,,9711.0,,2397.0,,,,,,,,,,,,,,,5.28461,-73.42777,geonames
15806,Boyacá,Tibasosa,,12626.0,,2666.0,,,,,,,,,,,,,,,5.74722,-73.01091,geonames
15808,Boyacá,Tinjacá,,2939.0,,2467.0,,,,,,,,,,,,,,,5.56637,-73.71053,geonames
15810,Boyacá,Tipacoque,,3206.0,,2917.0,,,,,,,,,,,,,,,6.39691,-72.7219,geonames
15814,Boyacá,Toca,,10561.0,,2781.0,,,,,,,,,,,,,,,5.55822,-73.18539,geonames
15816,Boyacá,Togüí,,5229.0,,1909.0,,,,,,,,,,,,,,,5.89434,-73.51366,geonames
15820,Boyacá,Tópaga,,3683.0,,2891.0,,,,,,,,,,,,,,,5.77484,-72.82837,geonames
15822,Boyacá,Tota,,5676.0,,3169.0,,,,,,,,,,,,,,,5.50226,-73.0065,geonames
15832,Boyacá,Tununguá,,1620.0,,954.0,,,,,,,,,,,,,,,5.708,-73.95878,geonames
15835,Boyacá,Turmequé,,7582.0,,2477.0,,,,,,,,,,,,,,,5.3062,-73.50875,geonames
15837,Boyacá,Tuta,,8984.0,,2732.0,,,,,,,,,,,,,,,5.64588,-73.21399,geonames
15839,Boyacá,Tutazá,,2254.0,,3335.0,,,,,,,,,,,,,,,6.05133,-72.87963,geonames
15842,Boyacá,Umbita,,10105.0,,2675.0,,,,,,,,,,,,,,,5.18411,-73.48341,geonames
15861,Boyacá,Ventaquemada,,14404.0,,3046.0,,,,,,,,,,,,,,,5.35987,-73.55032,geonames
15879,Boyacá,Viracachá,,3477.0,,2847.0,,,,,,,,,,,,,,,5.44107,-73.26679,geonames
15897,Boyacá,Zetaquira,,5171.0,,1685.0,,,,,,,,,,,,,,,5.25824,-73.18275,geonames
17001,Caldas,Manizales,,434403.0,,2144.0,,,,,,,,,,,,,,,5.0668,-75.50684,geonames
17013,Caldas,Aguadas,,20712.0,,2146.0,,,,,,,,,,,,,,,5.61161,-75.45624,geonames
17042,Caldas,Anserma,,35097.0,,1348.0,,,,,,,,,,,,,,,5.20427,-75.79167,geonames
17050,Caldas,Aranzazu,,9854.0,,1900.0,,,,,,,,,,,,,,,5.27123,-75.49044,geonames
17088,Caldas,Belalcázar,,36977.0,,1441.0,,,,,,,,,,,,,,,2.64644,-75.97269,geonames
17174,Caldas,Chinchiná,,68512.0,,1382.0,,,,,,,,,,,,,,,4.9825,-75.60361,geonames
17272,Caldas,Filadelfia,,9630.0,,1584.0,,,,,,,,,,,,,,,5.29606,-75.5612,geonames
17380,Caldas,La Dorada,,81950.0,,176.0,,,,,,,,,,,,,,,5.44783,-74.66311,geonames
17388,Caldas,La Merced,,6752.0,,951.0,,,,,,,,,,,,,,,5.3806,-75.58842,geonames
17433,Caldas,Manzanares,,16532.0,,1867.0,,,,,,,,,,,,,,,5.25397,-75.15403,geonames
17442,Caldas,Marmato,,8485.0,,1220.0,,,,,,,,,,,,,,,5.47554,-75.5971,geonames
17444,Caldas,Marquetalia,,12146.0,,1554.0,,,,,,,,,,,,,,,5.29659,-75.05496,geonames
17446,Caldas,Marulanda,,3489.0,,3302.0,,,,,,,,,,,,,,,5.21852,-75.31337,geonames
17486,Caldas,Neira,,20495.0,,1953.0,,,,,,,,,,,,,,,5.1665,-75.52001,geonames
17495,Caldas,Norcasia,,6903.0,,541.0,,,,,,,,,,,,,,,5.63732,-74.8551,geonames
17513,Caldas,Pácora,,13214.0,,1809.0,,,,,,,,,,,,,,,5.52708,-75.4593,geonames
17524,Caldas,Palestina,,13560.0,,1572.0,,,,,,,,,,,,,,,5.0161,-75.62854,geonames
17541,Caldas,Pensilvania,,26426.0,,2906.0,,,,,,,,,,,,,,,5.3884,-75.2042,geonames
17614,Caldas,Riosucio,,54537.0,,2055.0,,,,,,,,,,,,,,,5.45,-75.75,geonames
17616,Caldas,Risaralda,,10679.0,,1182.0,,,,,,,,,,,,,,,5.11237,-75.75861,geonames
17653,Caldas,Salamina,,20288.0,,2716.0,,,,,,,,,,,,,,,5.37014,-75.41548,geonames
17662,Caldas,Samaná,,17466.0,,1011.0,,,,,,,,,,,,,,,5.54061,-74.99346,geonames
17665,Caldas,San José,,7572.0,,1306.0,,,,,,,,,,,,,,,5.07089,-75.81292,geonames
17777,Caldas,Supía,,26571.0,,1167.0,,,,,,,,,,,,,,,5.45303,-75.65072,geonames
17867,Caldas,Victoria,,9165.0,,233.0,,,,,,,,,,,,,,,5.45666,-74.84061,geonames
17873,Caldas,Villamaría,,46322.0,,2975.0,,,,,,,,,,,,,,,4.95078,-75.4368,geonames
17877,Caldas,Viterbo,,12432.0,,976.0,,,,,,,,,,,,,,,5.06242,-75.87159,geonames
18001,Caquetá,Florencia,,168346.0,,560.0,,,,,,,,,,,,,,,1.61549,-75.60412,geonames
18029,Caquetá,Albania,,29148.0,,86.0,,,,,,,,,,,,,,,11.1597,-72.5856,geonames
18094,Caquetá,Belén de Los Andaquies,,9075.0,,522.0,,,,,,,,,,,,,,,1.41667,-75.91667,geonames
18150,Caquetá,Cartagena del Chairá,,28678.0,,220.0,,,,,,,,,,,,,,,0.85246,-74.6059,geonames
18205,Caquetá,Curillo,,11121.0,,234.0,,,,,,,,,,,,,,,1.09861,-76.0304,geonames
18247,Caquetá,El Doncello,,21547.0,,368.0,,,,,,,,,,,,,,,1.7086,-75.28588,geonames
18256,Caquetá,El Paujil,,13014.0,,294.0,,,,,,,,,,,,,,,1.57085,-75.31403,geonames
18410,Caquetá,La Montañita,,22181.0,,266.0,,,,,,,,,,,,,,,1.46389,-75.30363,geonames
18460,Caquetá,Milán,,11487.0,,237.0,,,,,,,,,,,,,,,1.15382,-75.54606,geonames
18479,Caquetá,Morelia,,3718.0,,255.0,,,,,,,,,,,,,,,1.4823,-75.72052,geonames
18592,Caquetá,Puerto Rico,,33765.0,,259.0,,,,,,,,,,,,,,,1.90999,-75.15931,geonames
18610,Caquetá,San José del Fragua,,13882.0,,1177.0,,,,,,,,,,,,,,,1.3078,-76.16554,geonames
18753,Caquetá,San Vicente del Caguán,,56674.0,,253.0,,,,,,,,,,,,,,,1.578,-74.51784,geonames
18756,Caquetá,Solano,,19427.0,,200.0,,,,,,,,,,,,,,,0.22842,-73.27597,geonames
18785,Caquetá,Solita,,9134.0,,220.0,,,,,,,,,,,,,,,0.96979,-75.65532,geonames
18860,Caquetá,Valparaíso,,11100.0,,231.0,,,,,,,,,,,,,,,1.05706,-75.75969,geonames
19001,Cauca,Popayán,,318059.0,,1760.0,,,,,,,,,,,,,,,2.43823,-76.61316,geonames
19022,Cauca,Almaguer,,16523.0,,2433.0,,,,,,,,,,,,,,,1.91667,-76.83333,geonames
19050,Cauca,Argelia,,20136.0,,1295.0,,,,,,,,,,,,,,,2.31728,-77.257,geonames
19075,Cauca,Balboa,,18910.0,,1616.0,,,,,,,,,,,,,,,2.04183,-77.21646,geonames
19100,Cauca,Bolívar,,44864.0,,1935.0,,,,,,,,,,,,,,,1.8467,-76.98292,geonames
19110,Cauca,Buenos Aires,,35197.0,,1108.0,,,,,,,,,,,,,,,3.04825,-76.63066,geonames
19130,Cauca,Cajibío,,38932.0,,1745.0,,,,,,,,,,,,,,,2.64488,-76.708,geonames
19137,Cauca,Caldono,,34348.0,,1800.0,,,,,,,,,,,,,,,2.80755,-76.45667,geonames
19142,Cauca,Caloto,,25416.0,,1327.0,,,,,,,,,,,,,,,3.0389,-76.36043,geonames
19212,Cauca,Corinto,,33846.0,,1059.0,,,,,,,,,,,,,,,3.17301,-76.26275,geonames
19256,Cauca,El Tambo,,45804.0,,1445.0,,,,,,,,,,,,,,,2.53683,-77.01421,geonames
19290,Cauca,Florencia,,168346.0,,560.0,,,,,,,,,,,,,,,1.61549,-75.60412,geonames
19318,Cauca,Guapi,,24037.0,,9.0,,,,,,,,,,,,,,,2.5521,-77.87865,geonames
19355,Cauca,Inzá,,26571.0,,2780.0,,,,,,,,,,,,,,,2.5092,-76.12958,geonames
19364,Cauca,Jambaló,,16353.0,,2168.0,,,,,,,,,,,,,,,2.85065,-76.32506,geonames
19392,Cauca,La Sierra,,9935.0,,1187.0,,,,,,,,,,,,,,,2.19665,-76.7859,geonames
19397,Cauca,La Vega,,47791.0,,2231.0,,,,,,,,,,,,,,,2.06201,-76.76808,geonames
19418,Cauca,López,,3699.0,,1791.0,,,,,,,,,,,,,,,2.43333,-76.8,geonames
19450,Cauca,Mercaderes,,14824.0,,1132.0,,,,,,,,,,,,,,,1.80175,-77.17032,geonames
19455,Cauca,Miranda,,43333.0,,1098.0,,,,,,,,,,,,,,,3.25283,-76.22924,geonames
19473,Cauca,Morales,,29737.0,,1590.0,,,,,,,,,,,,,,,2.78191,-76.76939,geonames
19513,Cauca,Padilla,,7882.0,,978.0,,,,,,,,,,,,,,,3.19971,-76.35689,geonames
19517,Cauca,Paez,,31800.0,,2406.0,,,,,,,,,,,,,,,2.75,-76.0,geonames
19532,Cauca,Patía,,37781.0,,910.0,,,,,,,,,,,,,,,2.06895,-77.05273,geonames
19533,Cauca,Piamonte,,6339.0,,571.0,,,,,,,,,,,,,,,1.19279,-76.33453,geonames
19548,Cauca,Piendamó,,44535.0,,1734.0,,,,,,,,,,,,,,,2.70214,-76.59736,geonames
19573,Cauca,Puerto Tejada,,46215.0,,969.0,,,,,,,,,,,,,,,3.23114,-76.41668,geonames
19585,Cauca,Puracé,,14952.0,,3895.0,,,,,,,,,,,,,,,2.33851,-76.38759,geonames
19622,Cauca,Rosas,,9336.0,,1717.0,,,,,,,,,,,,,,,2.26093,-76.73986,geonames
19693,Cauca,San Sebastián,,12820.0,,2937.0,,,,,,,,,,,,,,,1.91667,-76.66667,geonames
19698,Cauca,Santander de Quilichao,,99354.0,,1062.0,,,,,,,,,,,,,,,3.00945,-76.48494,geonames
19701,Cauca,Santa Rosa,,18375.0,,38.0,,,,,,,,,,,,,,,10.44472,-75.36972,geonames
19743,Cauca,Silvia,,32769.0,,3024.0,,,,,,,,,,,,,,,2.65876,-76.34808,geonames
19760,Cauca,Sotara,,11958.0,,2937.0,,,,,,,,,,,,,,,2.25,-76.58333,geonames
19780,Cauca,Suárez,,19690.0,,1075.0,,,,,,,,,,,,,,,2.95395,-76.69644,geonames
19785,Cauca,Sucre,,23971.0,,14.0,,,,,,,,,,,,,,,8.83333,-74.75,geonames
19807,Cauca,Timbío,,30028.0,,1762.0,,,,,,,,,,,,,,,2.36963,-76.71062,geonames
19809,Cauca,Timbiquí,,21618.0,,4.0,,,,,,,,,,,,,,,2.7717,-77.66536,geonames
19821,Cauca,Toribio,,30654.0,,2667.0,,,,,,,,,,,,,,,3.0,-76.16667,geonames
19824,Cauca,Totoró,,20870.0,,2664.0,,,,,,,,,,,,,,,2.50518,-76.39254,geonames
19845,Cauca,Villa Rica,,18761.0,,1737.0,,,,,,,,,,,,,,,2.5142,-76.84939,geonames
20001,Cesar,Valledupar,,490075.0,,160.0,,,,,,,,,,,,,,,10.46538,-73.2531,geonames
20011,Cesar,Aguachica,,97525.0,,164.0,,,,,,,,,,,,,,,8.30844,-73.6166,geonames
20013,Cesar,Agustín Codazzi,,51478.0,,136.0,,,,,,,,,,,,,,,10.03672,-73.23558,geonames
20032,Cesar,Astrea,,18434.0,,87.0,,,,,,,,,,,,,,,9.49828,-73.97591,geonames
20045,Cesar,Becerril,,20477.0,,112.0,,,,,,,,,,,,,,,9.70413,-73.2793,geonames
20060,Cesar,Bosconia,,40562.0,,84.0,,,,,,,,,,,,,,,9.97106,-73.88817,geonames
20175,Cesar,Chimichagua,,30289.0,,35.0,,,,,,,,,,,,,,,9.25778,-73.81228,geonames
20178,Cesar,Chiriguaná,,27006.0,,33.0,,,,,,,,,,,,,,,9.36238,-73.60313,geonames
20228,Cesar,Curumaní,,34838.0,,59.0,,,,,,,,,,,,,,,9.19992,-73.54274,geonames
20238,Cesar,El Copey,,28550.0,,141.0,,,,,,,,,,,,,,,10.15031,-73.9614,geonames
20250,Cesar,El Paso,,34620.0,,41.0,,,,,,,,,,,,,,,9.65843,-73.71418,geonames
20295,Cesar,Gamarra,,12444.0,,42.0,,,,,,,,,,,,,,,8.32292,-73.74233,geonames
20310,Cesar,González,,9252.0,,1444.0,,,,,,,,,,,,,,,8.36735,-73.40032,geonames
20383,Cesar,La Gloria,,14989.0,,22.0,,,,,,,,,,,,,,,8.61954,-73.80212,geonames
20400,Cesar,La Jagua de Ibirico,,22082.0,,131.0,,,,,,,,,,,,,,,9.56667,-73.33333,geonames
20443,Cesar,Manaure,,67584.0,,21.0,,,,,,,,,,,,,,,11.58174,-72.56515,geonames
20517,Cesar,Pailitas,,16800.0,,120.0,,,,,,,,,,,,,,,8.95671,-73.62378,geonames
20550,Cesar,Pelaya,,18497.0,,153.0,,,,,,,,,,,,,,,8.77066,-73.61088,geonames
20570,Cesar,Pueblo Bello,,17228.0,,1113.0,,,,,,,,,,,,,,,10.41667,-73.58333,geonames
20614,Cesar,Río de Oro,,14408.0,,1164.0,,,,,,,,,,,,,,,8.29223,-73.3849,geonames
20621,Cesar,La Paz,,26109.0,,135.0,,,,,,,,,,,,,,,10.10487,-73.22056,geonames
20710,Cesar,San Alberto,,23040.0,,74.0,,,,,,,,,,,,,,,7.81435,-73.45818,geonames
20750,Cesar,San Diego,,18531.0,,180.0,,,,,,,,,,,,,,,10.33384,-73.18048,geonames
20770,Cesar,San Martín,,22281.0,,425.0,,,,,,,,,,,,,,,3.69637,-73.69957,geonames
20787,Cesar,Tamalameque,,14046.0,,30.0,,,,,,,,,,,,,,,8.86422,-73.78106,geonames
23001,Córdoba,Montería,,490935.0,,29.0,,,,,,,,,,,,,,,8.75081,-75.87823,geonames
23068,Córdoba,Ayapel,,56082.0,,25.0,,,,,,,,,,,,,,,8.31372,-75.13982,geonames
23079,Córdoba,Buenavista,,18344.0,,43.0,,,,,,,,,,,,,,,8.17697,-75.44481,geonames
23090,Córdoba,Canalete,,14831.0,,110.0,,,,,,,,,,,,,,,8.74873,-76.25877,geonames
23162,Córdoba,Cereté,,94935.0,,14.0,,,,,,,,,,,,,,,8.88479,-75.79052,geonames
23168,Córdoba,Chimá,,13492.0,,8.0,,,,,,,,,,,,,,,9.14893,-75.62841,geonames
23182,Córdoba,Chinú,,50743.0,,121.0,,,,,,,,,,,,,,,9.10569,-75.39812,geonames
23189,Córdoba,Ciénaga de Oro,,53145.0,,45.0,,,,,,,,,,,,,,,8.83581,-75.60425,geonames
23300,Córdoba,Cotorra,,16215.0,,9.0,,,,,,,,,,,,,,,9.03886,-75.78969,geonames
23350,Córdoba,La Apartada,,13742.0,,42.0,,,,,,,,,,,,,,,8.04787,-75.30097,geonames
23417,Córdoba,Lorica,,121214.0,,11.0,,,,,,,,,,,,,,,9.17606,-75.89717,geonames
23419,Córdoba,Los Córdobas,,17837.0,,137.0,,,,,,,,,,,,,,,8.87172,-76.29087,geonames
23464,Córdoba,Momil,,16264.0,,10.0,,,,,,,,,,,,,,,9.23767,-75.67489,geonames
23466,Córdoba,Montelíbano,,90450.0,,46.0,,,,,,,,,,,,,,,7.97917,-75.4202,geonames
23500,Córdoba,Moñitos,,23597.0,,16.0,,,,,,,,,,,,,,,9.22615,-76.13594,geonames
23555,Córdoba,Planeta Rica,,69708.0,,88.0,,,,,,,,,,,,,,,8.4115,-75.58508,geonames
23570,Córdoba,Pueblo Nuevo,,31536.0,,63.0,,,,,,,,,,,,,,,8.5,-75.41667,geonames
23574,Córdoba,Puerto Escondido,,19474.0,,28.0,,,,,,,,,,,,,,,8.99453,-76.19351,geonames
23580,Córdoba,Puerto Libertador,,35186.0,,253.0,,,,,,,,,,,,,,,7.68181,-75.78312,geonames
23586,Córdoba,Purísima,,14705.0,,11.0,,,,,,,,,,,,,,,9.24955,-75.71181,geonames
23660,Córdoba,Sahagún,,90494.0,,118.0,,,,,,,,,,,,,,,8.79717,-75.44242,geonames
23670,Córdoba,San Andrés Sotavento,,48404.0,,78.0,,,,,,,,,,,,,,,9.12183,-75.51627,geonames
23672,Córdoba,San Antero,,34196.0,,45.0,,,,,,,,,,,,,,,9.3741,-75.75891,geonames
23675,Córdoba,San Bernardo del Viento,,31405.0,,2.0,,,,,,,,,,,,,,,9.33498,-75.96945,geonames
23678,Córdoba,San Carlos,,23622.0,,35.0,,,,,,,,,,,,,,,8.7104,-75.68959,geonames
23686,Córdoba,San Pelayo,,39260.0,,27.0,,,,,,,,,,,,,,,9.0,-75.91667,geonames
23807,Córdoba,Tierralta,,109770.0,,225.0,,,,,,,,,,,,,,,7.87863,-76.21307,geonames
23855,Córdoba,Valencia,,34373.0,,246.0,,,,,,,,,,,,,,,8.2335,-76.21428,geonames
25001,Cundinamarca,Agua de Dios,,11822.0,,346.0,,,,,,,,,,,,,,,4.35842,-74.69002,geonames
25019,Cundinamarca,Albán,,19303.0,,2268.0,,,,,,,,,,,,,,,1.4705,-77.06846,geonames
25035,Cundinamarca,Anapoima,,12241.0,,764.0,,,,,,,,,,,,,,,4.54363,-74.54686,geonames
25040,Cundinamarca,Anolaima,,13310.0,,1273.0,,,,,,,,,,,,,,,4.77621,-74.48412,geonames
25053,Cundinamarca,Arbeláez,,12292.0,,2178.0,,,,,,,,,,,,,,,4.21251,-74.41464,geonames
25086,Cundinamarca,Beltrán,,1947.0,,433.0,,,,,,,,,,,,,,,4.71947,-74.7566,geonames
25095,Cundinamarca,Bituima,,2657.0,,1876.0,,,,,,,,,,,,,,,4.82896,-74.55203,geonames
25099,Cundinamarca,Bojacá,,8879.0,,2609.0,,,,,,,,,,,,,,,4.68719,-74.33706,geonames
25120,Cundinamarca,Cabrera,,4684.0,,2934.0,,,,,,,,,,,,,,,3.87443,-74.4719,geonames
25123,Cundinamarca,Cachipay,,9995.0,,1056.0,,,,,,,,,,,,,,,4.70422,-74.48706,geonames
25126,Cundinamarca,Cajicá,,56875.0,,2563.0,,,,,,,,,,,,,,,4.91284,-74.05261,geonames
25148,Cundinamarca,Caparrapí,,16483.0,,667.0,,,,,,,,,,,,,,,5.37852,-74.52276,geonames
25151,Cundinamarca,Caqueza,,16442.0,,2328.0,,,,,,,,,,,,,,,4.38708,-73.95722,geonames
25154,Cundinamarca,Carmen de Carupa,,8491.0,,3174.0,,,,,,,,,,,,,,,5.33258,-73.92788,geonames
25168,Cundinamarca,Chaguaní,,4101.0,,460.0,,,,,,,,,,,,,,,4.94554,-74.65954,geonames
25175,Cundinamarca,Chía,,138822.0,,2559.0,,,,,,,,,,,,,,,4.84452,-74.05848,geonames
25178,Cundinamarca,Chipaque,,8400.0,,2660.0,,,,,,,,,,,,,,,4.41481,-74.07541,geonames
25181,Cundinamarca,Choachí,,11165.0,,1897.0,,,,,,,,,,,,,,,4.5606,-73.91851,geonames
25183,Cundinamarca,Chocontá,,19512.0,,2755.0,,,,,,,,,,,,,,,5.12329,-73.68686,geonames
25200,Cundinamarca,Cogua,,18276.0,,2982.0,,,,,,,,,,,,,,,5.08474,-73.9949,geonames
25214,Cundinamarca,Cota,,20462.0,,2557.0,,,,,,,,,,,,,,,4.80938,-74.098,geonames
25224,Cundinamarca,Cucunubá,,7013.0,,3057.0,,,,,,,,,,,,,,,5.21626,-73.80756,geonames
25245,Cundinamarca,El Colegio,,20430.0,,1487.0,,,,,,,,,,,,,,,4.56047,-74.42614,geonames
25258,Cundinamarca,El Peñón,,7234.0,,21.0,,,,,,,,,,,,,,,8.98885,-73.94898,geonames
25260,Cundinamarca,El Rosal,,17254.0,,2603.0,,,,,,,,,,,,,,,4.85,-74.2667,geonames
25269,Cundinamarca,Facatativá,,141762.0,,2589.0,,,,,,,,,,,,,,,4.81367,-74.35453,geonames
25279,Cundinamarca,Fomeque,,12157.0,,3228.0,,,,,,,,,,,,,,,4.52806,-73.78879,geonames
25281,Cundinamarca,Fosca,,6654.0,,2569.0,,,,,,,,,,,,,,,4.3018,-73.97404,geonames
25286,Cundinamarca,Funza,,116890.0,,2548.0,,,,,,,,,,,,,,,4.71638,-74.21195,geonames
25288,Cundinamarca,Fúquene,,5617.0,,2673.0,,,,,,,,,,,,,,,5.41988,-73.76997,geonames
25290,Cundinamarca,Fusagasugá,,108938.0,,1623.0,,,,,,,,,,,,,,,4.2924,-74.38332,geonames
25293,Cundinamarca,Gachala,,5916.0,,1659.0,,,,,,,,,,,,,,,4.66667,-73.5,geonames
25295,Cundinamarca,Gachancipá,,11252.0,,2565.0,,,,,,,,,,,,,,,4.99111,-73.87154,geonames
25297,Cundinamarca,Gachetá,,10409.0,,2249.0,,,,,,,,,,,,,,,4.87104,-73.6173,geonames
25299,Cundinamarca,Gama,,3873.0,,3039.0,,,,,,,,,,,,,,,4.70984,-73.62002,geonames
25307,Cundinamarca,Girardot,,107324.0,,360.0,,,,,,,,,,,,,,,4.31802,-74.83504,geonames
25312,Cundinamarca,Granada,,68876.0,,336.0,,,,,,,,,,,,,,,3.54625,-73.70687,geonames
25317,Cundinamarca,Guachetá,,11517.0,,2786.0,,,,,,,,,,,,,,,5.389,-73.69701,geonames
25320,Cundinamarca,Guaduas,,41838.0,,984.0,,,,,,,,,,,,,,,5.0743,-74.59854,geonames
25322,Cundinamarca,Guasca,,12442.0,,3251.0,,,,,,,,,,,,,,,4.80699,-73.85173,geonames
25324,Cundinamarca,Guataquí,,2489.0,,513.0,,,,,,,,,,,,,,,4.51623,-74.77217,geonames
25326,Cundinamarca,Guatavita,,6685.0,,2721.0,,,,,,,,,,,,,,,4.91121,-73.83988,geonames
25328,Cundinamarca,Guayabal de Siquima,,3652.0,,1545.0,,,,,,,,,,,,,,,4.87881,-74.48306,geonames
25335,Cundinamarca,Guayabetal,,4780.0,,2171.0,,,,,,,,,,,,,,,4.17508,-73.88117,geonames
25339,Cundinamarca,Gutiérrez,,3489.0,,2127.0,,,,,,,,,,,,,,,4.18486,-74.01168,geonames
25368,Cundinamarca,Jerusalén,,2723.0,,415.0,,,,,,,,,,,,,,,4.55678,-74.70941,geonames
25372,Cundinamarca,Junín,,11158.0,,1235.0,,,,,,,,,,,,,,,4.78333,-75.01667,geonames
25377,Cundinamarca,La Calera,,23768.0,,2932.0,,,,,,,,,,,,,,,4.68678,-73.9359,geonames
25386,Cundinamarca,La Mesa,,31350.0,,910.0,,,,,,,,,,,,,,,4.65374,-74.47316,geonames
25394,Cundinamarca,La Palma,,7708.0,,1423.0,,,,,,,,,,,,,,,5.31732,-74.43003,geonames
25398,Cundinamarca,La Peña,,6989.0,,787.0,,,,,,,,,,,,,,,5.19839,-74.41143,geonames
25402,Cundinamarca,La Vega,,47791.0,,2231.0,,,,,,,,,,,,,,,2.06201,-76.76808,geonames
25407,Cundinamarca,Lenguazaque,,9769.0,,2636.0,,,,,,,,,,,,,,,5.28533,-73.7102,geonames
25426,Cundinamarca,Macheta,,6847.0,,2210.0,,,,,,,,,,,,,,,5.08333,-73.61667,geonames
25430,Cundinamarca,Madrid,,135000.0,,2547.0,,,,,,,,,,,,,,,4.73245,-74.26419,geonames
25436,Cundinamarca,Manta,,4627.0,,2195.0,,,,,,,,,,,,,,,4.9572,-73.58583,geonames
25438,Cundinamarca,Medina,,9845.0,,527.0,,,,,,,,,,,,,,,4.50099,-73.40491,geonames
25473,Cundinamarca,Mosquera,,128012.0,,2544.0,,,,,,,,,,,,,,,4.70592,-74.23021,geonames
25483,Cundinamarca,Nariño,,15579.0,,1366.0,,,,,,,,,,,,,,,5.59687,-75.19329,geonames
25486,Cundinamarca,Nemocón,,13488.0,,2566.0,,,,,,,,,,,,,,,5.06966,-73.90606,geonames
25488,Cundinamarca,Nilo,,10555.0,,333.0,,,,,,,,,,,,,,,4.30604,-74.62083,geonames
25489,Cundinamarca,Nimaima,,5523.0,,790.0,,,,,,,,,,,,,,,5.11741,-74.4034,geonames
25491,Cundinamarca,Nocaima,,7734.0,,831.0,,,,,,,,,,,,,,,5.04767,-74.40465,geonames
25506,Cundinamarca,Venecia,,10280.0,,1308.0,,,,,,,,,,,,,,,5.96278,-75.73806,geonames
25513,Cundinamarca,Pacho,,25414.0,,1881.0,,,,,,,,,,,,,,,5.14994,-74.18067,geonames
25518,Cundinamarca,Paime,,5473.0,,1023.0,,,,,,,,,,,,,,,5.389,-74.16666,geonames
25524,Cundinamarca,Pandi,,5468.0,,1334.0,,,,,,,,,,,,,,,4.18032,-74.47099,geonames
25530,Cundinamarca,Paratebueno,,7416.0,,261.0,,,,,,,,,,,,,,,4.41691,-73.18559,geonames
25535,Cundinamarca,Pasca,,11122.0,,2522.0,,,,,,,,,,,,,,,4.30227,-74.27513,geonames
25572,Cundinamarca,Puerto Salgar,,15019.0,,177.0,,,,,,,,,,,,,,,5.46304,-74.65436,geonames
25580,Cundinamarca,Pulí,,2945.0,,978.0,,,,,,,,,,,,,,,4.67855,-74.69526,geonames
25592,Cundinamarca,Quebradanegra,,4738.0,,1364.0,,,,,,,,,,,,,,,5.08262,-74.52117,geonames
25594,Cundinamarca,Quetame,,6570.0,,2103.0,,,,,,,,,,,,,,,4.33236,-73.84015,geonames
25596,Cundinamarca,Quipile,,8217.0,,1646.0,,,,,,,,,,,,,,,4.72366,-74.55103,geonames
25599,Cundinamarca,Apulo,,7822.0,,452.0,,,,,,,,,,,,,,,4.50902,-74.59774,geonames
25612,Cundinamarca,Ricaurte,,18067.0,,1968.0,,,,,,,,,,,,,,,1.18788,-78.05537,geonames
25645,Cundinamarca,San Antonio del Tequendama,,12374.0,,1556.0,,,,,,,,,,,,,,,4.61667,-74.35,geonames
25649,Cundinamarca,San Bernardo,,8874.0,,2258.0,,,,,,,,,,,,,,,1.53859,-77.03795,geonames
25653,Cundinamarca,San Cayetano,,5424.0,,330.0,,,,,,,,,,,,,,,7.84771,-72.61014,geonames
25658,Cundinamarca,San Francisco,,8304.0,,1972.0,,,,,,,,,,,,,,,4.96335,-74.26613,geonames
25662,Cundinamarca,San Juan de Río Seco,,9792.0,,300.0,,,,,,,,,,,,,,,4.83077,-74.68248,geonames
25718,Cundinamarca,Sasaima,,9807.0,,1141.0,,,,,,,,,,,,,,,4.96705,-74.43512,geonames
25736,Cundinamarca,Sesquilé,,9817.0,,2686.0,,,,,,,,,,,,,,,4.98827,-73.80045,geonames
25740,Cundinamarca,Sibaté,,31675.0,,2855.0,,,,,,,,,,,,,,,4.4491,-74.28287,geonames
25743,Cundinamarca,Silvania,,21392.0,,1627.0,,,,,,,,,,,,,,,4.42513,-74.38425,geonames
25745,Cundinamarca,Simijaca,,11017.0,,2755.0,,,,,,,,,,,,,,,5.50415,-73.86944,geonames
25754,Cundinamarca,Soacha,,655025.0,,2565.0,,,,,,,,,,,,,,,4.57937,-74.21682,geonames
25758,Cundinamarca,Sopó,,21223.0,,3024.0,,,,,,,,,,,,,,,4.87157,-73.98616,geonames
25769,Cundinamarca,Subachoque,,13041.0,,2943.0,,,,,,,,,,,,,,,4.97813,-74.1612,geonames
25772,Cundinamarca,Suesca,,14242.0,,2987.0,,,,,,,,,,,,,,,5.12612,-73.8036,geonames
25777,Cundinamarca,Supatá,,4952.0,,1804.0,,,,,,,,,,,,,,,5.06146,-74.22912,geonames
25779,Cundinamarca,Susa,,9782.0,,3329.0,,,,,,,,,,,,,,,5.427,-73.84786,geonames
25781,Cundinamarca,Sutatausa,,4742.0,,2890.0,,,,,,,,,,,,,,,5.22898,-73.87912,geonames
25785,Cundinamarca,Tabio,,20850.0,,2628.0,,,,,,,,,,,,,,,4.93513,-74.10211,geonames
25793,Cundinamarca,Tausa,,7715.0,,3285.0,,,,,,,,,,,,,,,5.17637,-73.9694,geonames
25797,Cundinamarca,Tena,,7569.0,,1202.0,,,,,,,,,,,,,,,4.64863,-74.39924,geonames
25799,Cundinamarca,Tenjo,,18466.0,,2563.0,,,,,,,,,,,,,,,4.8232,-74.16568,geonames
25805,Cundinamarca,Tibacuy,,4843.0,,1109.0,,,,,,,,,,,,,,,4.30606,-74.51639,geonames
25807,Cundinamarca,Tibirita,,3018.0,,2394.0,,,,,,,,,,,,,,,5.08516,-73.51369,geonames
25815,Cundinamarca,Tocaima,,13649.0,,371.0,,,,,,,,,,,,,,,4.46073,-74.65722,geonames
25817,Cundinamarca,Tocancipá,,24154.0,,2561.0,,,,,,,,,,,,,,,4.9481,-73.94826,geonames
25823,Cundinamarca,Topaipí,,4817.0,,1207.0,,,,,,,,,,,,,,,5.33885,-74.31328,geonames
25839,Cundinamarca,Ubalá,,11892.0,,2252.0,,,,,,,,,,,,,,,4.80816,-73.47699,geonames
25841,Cundinamarca,Ubaque,,6879.0,,2587.0,,,,,,,,,,,,,,,4.48436,-73.99661,geonames
25843,Cundinamarca,Villa de San Diego de Ubate,,36433.0,,2568.0,,,,,,,,,,,,,,,5.31544,-73.82045,geonames
25845,Cundinamarca,Une,,8014.0,,3524.0,,,,,,,,,,,,,,,4.30691,-74.07104,geonames
25851,Cundinamarca,Útica,,4941.0,,804.0,,,,,,,,,,,,,,,5.16977,-74.50134,geonames
25862,Cundinamarca,Vergara,,7730.0,,986.0,,,,,,,,,,,,,,,5.136,-74.31539,geonames
25867,Cundinamarca,Vianí,,4115.0,,1818.0,,,,,,,,,,,,,,,4.89579,-74.55398,geonames
25871,Cundinamarca,Villagómez,,2183.0,,1636.0,,,,,,,,,,,,,,,5.27104,-74.191,geonames
25873,Cundinamarca,Villapinzón,,16573.0,,2740.0,,,,,,,,,,,,,,,5.20883,-73.60536,geonames
25875,Cundinamarca,Villeta,,24340.0,,1036.0,,,,,,,,,,,,,,,5.00008,-74.50498,geonames
25878,Cundinamarca,Viotá,,13567.0,,882.0,,,,,,,,,,,,,,,4.42054,-74.50811,geonames
25885,Cundinamarca,Yacopí,,16411.0,,1139.0,,,,,,,,,,,,,,,5.58215,-74.37329,geonames
25898,Cundinamarca,Zipacón,,5016.0,,2623.0,,,,,,,,,,,,,,,4.75453,-74.38765,geonames
25899,Cundinamarca,Zipaquirá,,130432.0,,2607.0,,,,,,,,,,,,,,,5.02208,-74.00481,geonames
27001,Chocó,Quibdó,,129237.0,,32.0,,,,,,,,,,,,,,,5.69188,-76.65835,geonames
27006,Chocó,Acandí,,10455.0,,48.0,,,,,,,,,,,,,,,8.42468,-77.2928,geonames
27025,Chocó,Alto Baudo,,28961.0,,109.0,,,,,,,,,,,,,,,5.60464,-77.06975,geonames
27050,Chocó,Atrato,,5519.0,,62.0,,,,,,,,,,,,,,,5.57362,-76.64063,geonames
27073,Chocó,Bagadó,,8454.0,,616.0,,,,,,,,,,,,,,,5.52072,-76.18785,geonames
27075,Chocó,Bahía Solano,,9400.0,,63.0,,,,,,,,,,,,,,,6.2252,-77.39147,geonames
27077,Chocó,Bajo Baudó,,18561.0,,33.0,,,,,,,,,,,,,,,4.90181,-77.22771,geonames
27086,Chocó,Belén de Bajirá1,,13907.0,,24.0,,,,,,,,,,,,,,,7.3725,-76.71472,geonames
27099,Chocó,Bojaya,,9941.0,,169.0,,,,,,,,,,,,,,,6.5,-77.1,geonames
27135,Chocó,El Cantón del San Pablo,,6213.0,,98.0,,,,,,,,,,,,,,,5.35989,-76.7728,geonames
27150,Chocó,Carmen del Darien,,5111.0,,8.0,,,,,,,,,,,,,,,7.03639,-76.95222,geonames
27160,Chocó,Cértegui,,9524.0,,102.0,,,,,,,,,,,,,,,5.4,-76.6,geonames
27205,Chocó,Condoto,,13098.0,,291.0,,,,,,,,,,,,,,,5.10603,-76.45161,geonames
27245,Chocó,El Carmen de Atrato,,11849.0,,1601.0,,,,,,,,,,,,,,,5.83333,-76.25,geonames
27250,Chocó,El Litoral del San Juan,,12244.0,,53.0,,,,,,,,,,,,,,,4.2507,-76.96926,geonames
27361,Chocó,Istmina,,23639.0,,55.0,,,,,,,,,,,,,,,4.98772,-76.80528,geonames
27372,Chocó,Juradó,,3609.0,,122.0,,,,,,,,,,,,,,,7.00425,-77.65141,geonames
27413,Chocó,Lloró,,10248.0,,339.0,,,,,,,,,,,,,,,5.60109,-76.37375,geonames
27425,Chocó,Medio Atrato,,29487.0,,29.0,,,,,,,,,,,,,,,5.995,-76.7825,geonames
27430,Chocó,Medio Baudó,,13423.0,,2.0,,,,,,,,,,,,,,,5.05,-77.05,geonames
27450,Chocó,Medio San Juan,,9073.0,,45.0,,,,,,,,,,,,,,,5.09278,-76.69528,geonames
27491,Chocó,Nóvita,,7867.0,,164.0,,,,,,,,,,,,,,,4.8708,-76.61885,geonames
27495,Chocó,Nuquí,,7625.0,,30.0,,,,,,,,,,,,,,,5.67014,-77.28753,geonames
27580,Chocó,Río Iro,,4525.0,,122.0,,,,,,,,,,,,,,,5.18333,-76.4833,geonames
27600,Chocó,Río Quito,,7888.0,,34.0,,,,,,,,,,,,,,,5.51667,-76.75,geonames
27615,Chocó,Riosucio,,54537.0,,2055.0,,,,,,,,,,,,,,,5.45,-75.75,geonames
27660,Chocó,San José del Palmar,,5068.0,,997.0,,,,,,,,,,,,,,,4.94657,-76.22226,geonames
27745,Chocó,Sipí,,3481.0,,337.0,,,,,,,,,,,,,,,4.60257,-76.51036,geonames
27787,Chocó,Tadó,,18041.0,,84.0,,,,,,,,,,,,,,,5.26345,-76.5507,geonames
27800,Chocó,Unguía,,14544.0,,135.0,,,,,,,,,,,,,,,8.11118,-77.10916,geonames
27810,Chocó,Unión Panamericana,,6590.0,,90.0,,,,,,,,,,,,,,,5.28139,-76.63,geonames
41001,Huila,Neiva,,357392.0,,467.0,,,,,,,,,,,,,,,3.01441,-75.30939,geonames
41006,Huila,Acevedo,,36649.0,,1269.0,,,,,,,,,,,,,,,1.70466,-76.00607,geonames
41013,Huila,Agrado,,8489.0,,841.0,,,,,,,,,,,,,,,2.2705,-75.71828,geonames
41016,Huila,Aipe,,26219.0,,779.0,,,,,,,,,,,,,,,3.32338,-75.30791,geonames
41020,Huila,Algeciras,,24499.0,,1265.0,,,,,,,,,,,,,,,2.52791,-75.28198,geonames
41026,Huila,Altamira,,4293.0,,1135.0,,,,,,,,,,,,,,,2.05498,-75.80446,geonames
41078,Huila,Baraya,,6679.0,,1558.0,,,,,,,,,,,,,,,3.14531,-74.95397,geonames
41132,Huila,Campoalegre,,35057.0,,539.0,,,,,,,,,,,,,,,2.66667,-75.33333,geonames
41206,Huila,Colombia,,11173.0,,1756.0,,,,,,,,,,,,,,,3.39929,-74.72034,geonames
41244,Huila,Elías,,3337.0,,1736.0,,,,,,,,,,,,,,,1.99006,-75.9806,geonames
41298,Huila,Garzón,,98383.0,,1476.0,,,,,,,,,,,,,,,2.18176,-75.57812,geonames
41306,Huila,Gigante,,36055.0,,808.0,,,,,,,,,,,,,,,2.38678,-75.54736,geonames
41319,Huila,Guadalupe,,15913.0,,889.0,,,,,,,,,,,,,,,2.0248,-75.75589,geonames
41349,Huila,Hobo,,6545.0,,787.0,,,,,,,,,,,,,,,2.54126,-75.4478,geonames
41357,Huila,Iquira,,9064.0,,1106.0,,,,,,,,,,,,,,,2.64867,-75.63457,geonames
41359,Huila,Isnos,,24593.0,,1806.0,,,,,,,,,,,,,,,1.93556,-76.24056,geonames
41378,Huila,La Argentina,,11592.0,,2335.0,,,,,,,,,,,,,,,2.17673,-76.20484,geonames
41396,Huila,La Plata,,52189.0,,2355.0,,,,,,,,,,,,,,,2.32055,-76.10446,geonames
41483,Huila,Nátaga,,5831.0,,1446.0,,,,,,,,,,,,,,,2.57845,-75.78679,geonames
41503,Huila,Oporapa,,11111.0,,1385.0,,,,,,,,,,,,,,,2.02378,-75.99588,geonames
41518,Huila,Paicol,,5208.0,,1118.0,,,,,,,,,,,,,,,2.40048,-75.77094,geonames
41524,Huila,Palermo,,35569.0,,635.0,,,,,,,,,,,,,,,2.87919,-75.44855,geonames
41530,Huila,Palestina,,13560.0,,1572.0,,,,,,,,,,,,,,,5.0161,-75.62854,geonames
41548,Huila,Pital,,12835.0,,1152.0,,,,,,,,,,,,,,,2.22987,-75.83137,geonames
41551,Huila,Pitalito,,135711.0,,1265.0,,,,,,,,,,,,,,,1.85371,-76.05071,geonames
41615,Huila,Rivera,,22877.0,,731.0,,,,,,,,,,,,,,,2.77717,-75.25642,geonames
41660,Huila,Saladoblanco,,10076.0,,1489.0,,,,,,,,,,,,,,,1.99244,-76.04335,geonames
41668,Huila,San Agustín,,29687.0,,1870.0,,,,,,,,,,,,,,,1.92433,-76.41572,geonames
41676,Huila,Santa María,,10218.0,,1864.0,,,,,,,,,,,,,,,2.93392,-75.63178,geonames
41770,Huila,Suaza,,17376.0,,1000.0,,,,,,,,,,,,,,,1.87835,-75.81162,geonames
41791,Huila,Tarqui,,16108.0,,827.0,,,,,,,,,,,,,,,2.11248,-75.82419,geonames
41797,Huila,Tesalia,,8874.0,,940.0,,,,,,,,,,,,,,,2.53525,-75.71546,geonames
41799,Huila,Tello,,10273.0,,581.0,,,,,,,,,,,,,,,3.06694,-75.13778,geonames
41801,Huila,Teruel,,8226.0,,929.0,,,,,,,,,,,,,,,2.75239,-75.56362,geonames
41807,Huila,Timaná,,20025.0,,1358.0,,,,,,,,,,,,,,,1.91202,-75.97341,geonames
41872,Huila,Villavieja,,7374.0,,422.0,,,,,,,,,,,,,,,3.29774,-75.14526,geonames
41885,Huila,Yaguará,,7865.0,,618.0,,,,,,,,,,,,,,,2.63528,-75.53224,geonames
44001,La Guajira,Riohacha,,188014.0,,7.0,,,,,,,,,,,,,,,11.54444,-72.90722,geonames
44035,La Guajira,Albania,,29148.0,,86.0,,,,,,,,,,,,,,,11.1597,-72.5856,geonames
44078,La Guajira,Barrancas,,38232.0,,160.0,,,,,,,,,,,,,,,10.95672,-72.79456,geonames
44090,La Guajira,Dibulla,,21798.0,,9.0,,,,,,,,,,,,,,,11.26667,-73.3,geonames
44098,La Guajira,Distracción,,11962.0,,200.0,,,,,,,,,,,,,,,10.9,-72.88333,geonames
44110,La Guajira,El Molino,,7315.0,,838.0,,,,,,,,,,,,,,,10.59462,-72.8539,geonames
44279,La Guajira,Fonseca,,42772.0,,227.0,,,,,,,,,,,,,,,10.82966,-72.79778,geonames
44378,La Guajira,Hatonuevo,,24910.0,,197.0,,,,,,,,,,,,,,,11.0694,-72.7669,geonames
44420,La Guajira,La Jagua del Pilar,,2721.0,,623.0,,,,,,,,,,,,,,,10.45809,-73.07228,geonames
44430,La Guajira,Maicao,,166603.0,,52.0,,,,,,,,,,,,,,,11.37837,-72.2395,geonames
44560,La Guajira,Manaure,,67584.0,,21.0,,,,,,,,,,,,,,,11.58174,-72.56515,geonames
44650,La Guajira,San Juan del Cesar,,40069.0,,214.0,,,,,,,,,,,,,,,10.77107,-73.00314,geonames
44847,La Guajira,Uribia,,198890.0,,89.0,,,,,,,,,,,,,,,12.02638,-71.74887,geonames
44855,La Guajira,Urumita,,13349.0,,1104.0,,,,,,,,,,,,,,,10.49817,-72.97592,geonames
44874,La Guajira,Villanueva,,31727.0,,185.0,,,,,,,,,,,,,,,5.28333,-71.96667,geonames
47001,Magdalena,Santa Marta,,499192.0,,14.0,,,,,,,,,,,,,,,11.23855,-74.19427,geonames
47030,Magdalena,Algarrobo,,14294.0,,111.0,,,,,,,,,,,,,,,10.18553,-74.06158,geonames
47053,Magdalena,Aracataca,,41872.0,,37.0,,,,,,,,,,,,,,,10.59181,-74.18983,geonames
47058,Magdalena,Ariguaní,,32758.0,,122.0,,,,,,,,,,,,,,,9.89383,-74.13583,geonames
47161,Magdalena,Cerro San Antonio,,8319.0,,5.0,,,,,,,,,,,,,,,10.29063,-74.82173,geonames
47170,Magdalena,Chibolo,,16447.0,,115.0,,,,,,,,,,,,,,,10.0825,-74.50696,geonames
47189,Magdalena,Ciénaga,,105510.0,,535.0,,,,,,,,,,,,,,,10.83333,-74.08333,geonames
47205,Magdalena,Concordia,,16095.0,,2000.0,,,,,,,,,,,,,,,6.04639,-75.90705,geonames
47245,Magdalena,El Banco,,54855.0,,39.0,,,,,,,,,,,,,,,9.12411,-73.97626,geonames
47258,Magdalena,El Piñon,,17308.0,,49.0,,,,,,,,,,,,,,,10.33333,-74.66667,geonames
47268,Magdalena,El Retén,,19345.0,,24.0,,,,,,,,,,,,,,,10.61135,-74.26824,geonames
47288,Magdalena,Fundación,,59175.0,,49.0,,,,,,,,,,,,,,,10.52066,-74.18504,geonames
47318,Magdalena,Guamal,,25508.0,,48.0,,,,,,,,,,,,,,,9.26079,-74.13105,geonames
47460,Magdalena,Nueva Granada,,17470.0,,113.0,,,,,,,,,,,,,,,9.80168,-74.39304,geonames
47541,Magdalena,Pedraza,,8031.0,,47.0,,,,,,,,,,,,,,,10.1494,-74.83634,geonames
47545,Magdalena,Pijiño del Carmen,,14115.0,,74.0,,,,,,,,,,,,,,,9.53528,-74.11992,geonames
47551,Magdalena,Pivijay,,33047.0,,12.0,,,,,,,,,,,,,,,10.46167,-74.61621,geonames
47555,Magdalena,Plato,,49195.0,,7.0,,,,,,,,,,,,,,,9.77267,-74.74548,geonames
47570,Magdalena,Puebloviejo,,33720.0,,4.0,,,,,,,,,,,,,,,10.99376,-74.28439,geonames
47605,Magdalena,Remolino,,8751.0,,3.0,,,,,,,,,,,,,,,10.65048,-74.58442,geonames
47660,Magdalena,Sabanas de San Angel,,14060.0,,149.0,,,,,,,,,,,,,,,10.11072,-74.26007,geonames
47675,Magdalena,Salamina,,20288.0,,2716.0,,,,,,,,,,,,,,,5.37014,-75.41548,geonames
47692,Magdalena,San Sebastián de Buenavista,,18865.0,,33.0,,,,,,,,,,,,,,,9.33242,-74.2152,geonames
47703,Magdalena,San Zenón,,8904.0,,51.0,,,,,,,,,,,,,,,9.32686,-74.32914,geonames
47707,Magdalena,Santa Ana,,22723.0,,51.0,,,,,,,,,,,,,,,9.51484,-74.3433,geonames
47720,Magdalena,Santa Bárbara de Pinto,,11108.0,,66.0,,,,,,,,,,,,,,,9.52107,-74.64912,geonames
47745,Magdalena,Sitionuevo,,33440.0,,6.0,,,,,,,,,,,,,,,10.77737,-74.72049,geonames
47798,Magdalena,Tenerife,,12364.0,,53.0,,,,,,,,,,,,,,,9.93201,-74.73465,geonames
47960,Magdalena,Zapayán,,8642.0,,23.0,,,,,,,,,,,,,,,10.11846,-74.69143,geonames
47980,Magdalena,Zona Bananera,,57004.0,,23.0,,,,,,,,,,,,,,,10.76417,-74.15722,geonames
50001,Meta,Villavicencio,,531275.0,,331.0,,,,,,,,,,,,,,,4.07424,-73.4915,geonames
50006,Meta,Acacías,,54219.0,,565.0,,,,,,,,,,,,,,,4.00929,-73.78017,geonames
05001,Antioquia,Medellín,,2569007.0,,1475.0,,,,,,,,,,,,,,,6.25,-75.58333,geonames
05002,Antioquia,Abejorral,,17599.0,,2167.0,,,,,,,,,,,,,,,5.78928,-75.42725,geonames
05004,Antioquia,Abriaquí,,2690.0,,2002.0,,,,,,,,,,,,,,,6.63471,-76.08879,geonames
50110,Meta,Barranca de Upía,,3197.0,,206.0,,,,,,,,,,,,,,,4.47448,-72.99367,geonames
50124,Meta,Cabuyaro,,3660.0,,183.0,,,,,,,,,,,,,,,4.28533,-72.98028,geonames
50150,Meta,Castilla la Nueva,,7067.0,,335.0,,,,,,,,,,,,,,,3.8,-73.58333,geonames
05021,Antioquia,Alejandría,,3816.0,,1447.0,,,,,,,,,,,,,,,6.36667,-75.08333,geonames
50223,Meta,Cubarral,,5152.0,,2033.0,,,,,,,,,,,,,,,3.82671,-74.07671,geonames
50226,Meta,Cumaral,,21397.0,,323.0,,,,,,,,,,,,,,,4.23814,-73.34101,geonames
50245,Meta,El Calvario,,2288.0,,2043.0,,,,,,,,,,,,,,,4.35426,-73.74431,geonames
50251,Meta,El Castillo,,6875.0,,769.0,,,,,,,,,,,,,,,3.57723,-73.96443,geonames
50270,Meta,El Dorado,,3291.0,,572.0,,,,,,,,,,,,,,,3.70772,-73.83246,geonames
50287,Meta,Fuente de Oro,,11072.0,,270.0,,,,,,,,,,,,,,,3.34167,-73.62951,geonames
05030,Antioquia,Amagá,,29555.0,,1434.0,,,,,,,,,,,,,,,6.04027,-75.7078,geonames
05031,Antioquia,Amalfi,,22088.0,,1082.0,,,,,,,,,,,,,,,7.02612,-74.96791,geonames
50313,Meta,Granada,,68876.0,,336.0,,,,,,,,,,,,,,,3.54625,-73.70687,geonames
50318,Meta,Guamal,,25508.0,,48.0,,,,,,,,,,,,,,,9.26079,-74.13105,geonames
50325,Meta,Mapiripán,,13230.0,,197.0,,,,,,,,,,,,,,,3.09706,-71.94964,geonames
50330,Meta,Mesetas,,10695.0,,1285.0,,,,,,,,,,,,,,,3.15558,-74.09938,geonames
05034,Antioquia,Andes,,45814.0,,1529.0,,,,,,,,,,,,,,,5.66974,-75.89905,geonames
50350,Meta,La Macarena,,24164.0,,297.0,,,,,,,,,,,,,,,2.00702,-74.0732,geonames
05036,Antioquia,Angelópolis,,8946.0,,1591.0,,,,,,,,,,,,,,,6.12228,-75.71432,geonames
50370,Meta,Uribe,,12480.0,,492.0,,,,,,,,,,,,,,,3.02646,-74.43614,geonames
05038,Antioquia,Angostura,,10500.0,,1842.0,,,,,,,,,,,,,,,6.8712,-75.35947,geonames
05040,Antioquia,Anorí,,14502.0,,1584.0,,,,,,,,,,,,,,,7.07415,-75.14717,geonames
50400,Meta,Lejanías,,10576.0,,689.0,,,,,,,,,,,,,,,3.52762,-74.02335,geonames
05042,Antioquia,Santafé de Antioquia,,22903.0,,1544.0,,,,,,,,,,,,,,,6.55,-75.9,geonames
05044,Antioquia,Anza,,7415.0,,1726.0,,,,,,,,,,,,,,,6.33333,-75.91667,geonames
05045,Antioquia,Apartadó,,200931.0,,239.0,,,,,,,,,,,,,,,7.90404,-76.57314,geonames
50450,Meta,Puerto Concordia,,15964.0,,190.0,,,,,,,,,,,,,,,2.62257,-72.76108,geonames
05051,Antioquia,Arboletes,,45710.0,,65.0,,,,,,,,,,,,,,,8.60681,-76.41752,geonames
05055,Antioquia,Argelia,,20136.0,,1295.0,,,,,,,,,,,,,,,2.31728,-77.257,geonames
50568,Meta,Puerto Gaitán,,17306.0,,190.0,,,,,,,,,,,,,,,3.99382,-71.63701,geonames
50573,Meta,Puerto López,,28790.0,,202.0,,,,,,,,,,,,,,,4.04426,-72.65731,geonames
50577,Meta,Puerto Lleras,,8982.0,,262.0,,,,,,,,,,,,,,,3.21794,-73.23215,geonames
05059,Antioquia,Armenia,,304314.0,,1390.0,,,,,,,,,,,,,,,4.53656,-75.67263,geonames
50590,Meta,Puerto Rico,,33765.0,,259.0,,,,,,,,,,,,,,,1.90999,-75.15931,geonames
50606,Meta,Restrepo,,17610.0,,474.0,,,,,,,,,,,,,,,4.25833,-73.56142,geonames
50680,Meta,San Carlos de Guaroa,,11512.0,,224.0,,,,,,,,,,,,,,,3.71161,-73.24344,geonames
50683,Meta,San Juan de Arama,,9218.0,,361.0,,,,,,,,,,,,,,,3.29034,-73.82065,geonames
50686,Meta,San Juanito,,1864.0,,2066.0,,,,,,,,,,,,,,,4.42906,-73.69636,geonames
50689,Meta,San Martín,,22281.0,,425.0,,,,,,,,,,,,,,,3.69637,-73.69957,geonames
50711,Meta,Vistahermosa,,21048.0,,288.0,,,,,,,,,,,,,,,2.90407,-73.53212,geonames
05079,Antioquia,Barbosa,,53943.0,,1297.0,,,,,,,,,,,,,,,6.43809,-75.33136,geonames
05086,Antioquia,Belmira,,6188.0,,3251.0,,,,,,,,,,,,,,,6.66667,-75.66667,geonames
05088,Antioquia,Bello,,392939.0,,1456.0,,,,,,,,,,,,,,,6.33732,-75.55795,geonames
05091,Antioquia,Betania,,9286.0,,1537.0,,,,,,,,,,,,,,,5.73571,-75.98964,geonames
05093,Antioquia,Betulia,,15097.0,,1631.0,,,,,,,,,,,,,,,6.11284,-75.98378,geonames
05101,Antioquia,Ciudad Bolívar,,28279.0,,1247.0,,,,,,,,,,,,,,,5.83945,-76.01088,geonames
05107,Antioquia,Briceño,,8783.0,,1363.0,,,,,,,,,,,,,,,7.05001,-75.50903,geonames
05113,Antioquia,Buriticá,,6955.0,,1685.0,,,,,,,,,,,,,,,6.80549,-75.92093,geonames
05120,Antioquia,Cáceres,,28945.0,,83.0,,,,,,,,,,,,,,,7.68252,-75.22481,geonames
05125,Antioquia,Caicedo,,7686.0,,2173.0,,,,,,,,,,,,,,,6.42805,-75.99715,geonames
05129,Antioquia,Caldas,,82234.0,,1756.0,,,,,,,,,,,,,,,6.09106,-75.63569,geonames
05134,Antioquia,Campamento,,9688.0,,1385.0,,,,,,,,,,,,,,,7.0391,-75.28938,geonames
05138,Antioquia,Cañasgordas,,13595.0,,1291.0,,,,,,,,,,,,,,,6.74989,-76.02539,geonames
05142,Antioquia,Caracolí,,4855.0,,657.0,,,,,,,,,,,,,,,6.32649,-74.74194,geonames
05145,Antioquia,Caramanta,,5510.0,,2378.0,,,,,,,,,,,,,,,5.54144,-75.66961,geonames
05147,Antioquia,Carepa,,43125.0,,32.0,,,,,,,,,,,,,,,7.76009,-76.66269,geonames
05148,Antioquia,El Carmen de Viboral,,41012.0,,2375.0,,,,,,,,,,,,,,,5.9781,-75.26322,geonames
05150,Antioquia,Carolina,,3971.0,,2071.0,,,,,,,,,,,,,,,6.74807,-75.32131,geonames
05154,Antioquia,Caucasia,,123304.0,,60.0,,,,,,,,,,,,,,,7.86695,-75.02858,geonames
05172,Antioquia,Chigorodó,,86239.0,,35.0,,,,,,,,,,,,,,,7.66638,-76.68106,geonames
05190,Antioquia,Cisneros,,9058.0,,1248.0,,,,,,,,,,,,,,,6.54507,-75.09415,geonames
05197,Antioquia,Cocorná,,14743.0,,1304.0,,,,,,,,,,,,,,,6.0573,-75.18524,geonames
52001,Nariño,Pasto,,392930.0,,2569.0,,,,,,,,,,,,,,,1.21456,-77.27846,geonames
52019,Nariño,Albán,,19303.0,,2268.0,,,,,,,,,,,,,,,1.4705,-77.06846,geonames
52022,Nariño,Aldana,,6085.0,,3016.0,,,,,,,,,,,,,,,0.88283,-77.70103,geonames
52036,Nariño,Ancuyá,,8991.0,,1813.0,,,,,,,,,,,,,,,1.26538,-77.53258,geonames
52051,Nariño,Arboleda,,7443.0,,2131.0,,,,,,,,,,,,,,,1.4983,-77.13613,geonames
05206,Antioquia,Concepción,,5908.0,,3172.0,,,,,,,,,,,,,,,6.7702,-72.63437,geonames
52079,Nariño,Barbacoas,,38708.0,,346.0,,,,,,,,,,,,,,,1.4817,-78.12223,geonames
52083,Nariño,Belén,,9041.0,,2652.0,,,,,,,,,,,,,,,5.97631,-72.92481,geonames
05209,Antioquia,Concordia,,16095.0,,2000.0,,,,,,,,,,,,,,,6.04639,-75.90705,geonames
52110,Nariño,Buesaco,,19951.0,,1956.0,,,,,,,,,,,,,,,1.38364,-77.15622,geonames
05212,Antioquia,Copacabana,,61234.0,,1449.0,,,,,,,,,,,,,,,6.3623,-75.49922,geonames
52203,Nariño,Colón,,9658.0,,2257.0,,,,,,,,,,,,,,,1.6285,-77.02927,geonames
52207,Nariño,Consaca,,10287.0,,1677.0,,,,,,,,,,,,,,,1.20841,-77.46323,geonames
52210,Nariño,Contadero,,6667.0,,2990.0,,,,,,,,,,,,,,,0.93072,-77.53333,geonames
52215,Nariño,Córdoba,,15012.0,,26.0,,,,,,,,,,,,,,,9.55149,-74.898,geonames
52224,Nariño,Cuaspud,,8101.0,,3215.0,,,,,,,,,,,,,,,0.8757,-77.7364,geonames
52227,Nariño,Cumbal,,41205.0,,3658.0,,,,,,,,,,,,,,,0.95032,-77.94138,geonames
52233,Nariño,Cumbitara,,11425.0,,1942.0,,,,,,,,,,,,,,,1.67681,-77.59294,geonames
52240,Nariño,Chachagüí,,12792.0,,2120.0,,,,,,,,,,,,,,,1.38731,-77.26927,geonames
52250,Nariño,El Charco,,38207.0,,4.0,,,,,,,,,,,,,,,2.4691,-78.09975,geonames
52254,Nariño,El Peñol,,6851.0,,1097.0,,,,,,,,,,,,,,,1.51285,-77.43077,geonames
52256,Nariño,El Rosario,,6498.0,,1612.0,,,,,,,,,,,,,,,1.74404,-77.33481,geonames
52258,Nariño,El Tablón de Gómez,,13991.0,,2576.0,,,,,,,,,,,,,,,1.41201,-76.98526,geonames
52260,Nariño,El Tambo,,45804.0,,1445.0,,,,,,,,,,,,,,,2.53683,-77.01421,geonames
52287,Nariño,Funes,,6991.0,,3759.0,,,,,,,,,,,,,,,0.93182,-77.35218,geonames
52317,Nariño,Guachucal,,18845.0,,3018.0,,,,,,,,,,,,,,,0.977,-77.73558,geonames
52320,Nariño,Guaitarilla,,10774.0,,2702.0,,,,,,,,,,,,,,,1.17931,-77.55838,geonames
52323,Nariño,Gualmatán,,5673.0,,2991.0,,,,,,,,,,,,,,,0.92856,-77.58274,geonames
05234,Antioquia,Dabeiba,,22717.0,,488.0,,,,,,,,,,,,,,,7.00017,-76.26915,geonames
52352,Nariño,Iles,,7836.0,,3056.0,,,,,,,,,,,,,,,0.98002,-77.51918,geonames
52354,Nariño,Imués,,7492.0,,2502.0,,,,,,,,,,,,,,,1.07893,-77.5,geonames
52356,Nariño,Ipiales,,123341.0,,3668.0,,,,,,,,,,,,,,,0.58333,-77.41667,geonames
05237,Antioquia,Don Matías,,17701.0,,2281.0,,,,,,,,,,,,,,,6.50559,-75.36645,geonames
52378,Nariño,La Cruz,,16674.0,,2430.0,,,,,,,,,,,,,,,1.58748,-76.92194,geonames
52381,Nariño,La Florida,,9047.0,,2195.0,,,,,,,,,,,,,,,1.35693,-77.41271,geonames
52385,Nariño,La Llanada,,6544.0,,1274.0,,,,,,,,,,,,,,,1.51233,-77.70535,geonames
52390,Nariño,La Tola,,8408.0,,13.0,,,,,,,,,,,,,,,2.33584,-78.20676,geonames
52399,Nariño,La Unión,,41013.0,,967.0,,,,,,,,,,,,,,,4.53282,-76.10318,geonames
05240,Antioquia,Ebéjico,,10338.0,,1159.0,,,,,,,,,,,,,,,6.32598,-75.76835,geonames
52405,Nariño,Leiva,,8201.0,,1561.0,,,,,,,,,,,,,,,1.93497,-77.30634,geonames
52411,Nariño,Linares,,8974.0,,1475.0,,,,,,,,,,,,,,,1.35078,-77.52339,geonames
52418,Nariño,Los Andes,,8703.0,,1668.0,,,,,,,,,,,,,,,1.62831,-77.67959,geonames
52427,Nariño,Magüi,,16394.0,,79.0,,,,,,,,,,,,,,,1.90504,-78.04916,geonames
52435,Nariño,Mallama,,9286.0,,2365.0,,,,,,,,,,,,,,,1.15887,-77.84688,geonames
52473,Nariño,Mosquera,,128012.0,,2544.0,,,,,,,,,,,,,,,4.70592,-74.23021,geonames
52480,Nariño,Nariño,,15579.0,,1366.0,,,,,,,,,,,,,,,5.59687,-75.19329,geonames
52490,Nariño,Olaya Herrera,,27359.0,,19.0,,,,,,,,,,,,,,,2.21927,-78.32235,geonames
05250,Antioquia,El Bagre,,51150.0,,51.0,,,,,,,,,,,,,,,7.60347,-74.80951,geonames
52506,Nariño,Ospina,,8221.0,,2966.0,,,,,,,,,,,,,,,1.02962,-77.55252,geonames
52520,Nariño,Francisco Pizarro,,11029.0,,19.0,,,,,,,,,,,,,,,2.14713,-78.58883,geonames
52540,Nariño,Policarpa,,13785.0,,1184.0,,,,,,,,,,,,,,,1.73298,-77.49181,geonames
52560,Nariño,Potosí,,10186.0,,2742.0,,,,,,,,,,,,,,,0.80739,-77.57216,geonames
52565,Nariño,Providencia,,11699.0,,2369.0,,,,,,,,,,,,,,,1.24204,-77.60468,geonames
52573,Nariño,Puerres,,8979.0,,1815.0,,,,,,,,,,,,,,,0.82122,-77.31978,geonames
52585,Nariño,Pupiales,,16431.0,,2974.0,,,,,,,,,,,,,,,0.87136,-77.64027,geonames
52612,Nariño,Ricaurte,,18067.0,,1968.0,,,,,,,,,,,,,,,1.18788,-78.05537,geonames
52621,Nariño,Roberto Payán,,16892.0,,18.0,,,,,,,,,,,,,,,1.91757,-78.38191,geonames
05264,Antioquia,Entrerrios,,8820.0,,2312.0,,,,,,,,,,,,,,,6.5654,-75.5169,geonames
05266,Antioquia,Envigado,,174108.0,,2444.0,,,,,,,,,,,,,,,6.15336,-75.54497,geonames
52678,Nariño,Samaniego,,49085.0,,1459.0,,,,,,,,,,,,,,,1.33849,-77.5957,geonames
52683,Nariño,Sandoná,,18859.0,,1643.0,,,,,,,,,,,,,,,1.30722,-77.48284,geonames
52685,Nariño,San Bernardo,,8874.0,,2258.0,,,,,,,,,,,,,,,1.53859,-77.03795,geonames
52687,Nariño,San Lorenzo,,16653.0,,1867.0,,,,,,,,,,,,,,,1.55731,-77.24599,geonames
52693,Nariño,San Pablo,,37160.0,,14.0,,,,,,,,,,,,,,,10.05154,-75.26775,geonames
52694,Nariño,San Pedro de Cartago,,7051.0,,2202.0,,,,,,,,,,,,,,,1.55533,-77.12984,geonames
52696,Nariño,Santa Bárbara,,22030.0,,1507.0,,,,,,,,,,,,,,,5.88937,-75.58255,geonames
52699,Nariño,Santacruz,,20670.0,,1834.0,,,,,,,,,,,,,,,1.33333,-77.7,geonames
52720,Nariño,Sapuyes,,7473.0,,3352.0,,,,,,,,,,,,,,,1.05954,-77.70662,geonames
52786,Nariño,Taminango,,17218.0,,1128.0,,,,,,,,,,,,,,,1.59388,-77.35522,geonames
52788,Nariño,Tangua,,10892.0,,2298.0,,,,,,,,,,,,,,,1.09189,-77.38645,geonames
05282,Antioquia,Fredonia,,18790.0,,1476.0,,,,,,,,,,,,,,,5.89239,-75.68546,geonames
52835,Nariño,San Andres de Tumaco,,160034.0,,63.0,,,,,,,,,,,,,,,1.63766,-78.61218,geonames
52838,Nariño,Túquerres,,40038.0,,3048.0,,,,,,,,,,,,,,,1.08647,-77.61858,geonames
05284,Antioquia,Frontino,,20156.0,,1389.0,,,,,,,,,,,,,,,6.77133,-76.13324,geonames
52885,Nariño,Yacuanquer,,10579.0,,2708.0,,,,,,,,,,,,,,,1.11577,-77.40169,geonames
05306,Antioquia,Giraldo,,4188.0,,2435.0,,,,,,,,,,,,,,,6.66667,-75.95346,geonames
05308,Antioquia,Girardota,,60611.0,,1471.0,,,,,,,,,,,,,,,6.36789,-75.46231,geonames
05310,Antioquia,Gómez Plata,,11252.0,,1877.0,,,,,,,,,,,,,,,6.69847,-75.2055,geonames
05313,Antioquia,Granada,,68876.0,,336.0,,,,,,,,,,,,,,,3.54625,-73.70687,geonames
05315,Antioquia,Guadalupe,,15913.0,,889.0,,,,,,,,,,,,,,,2.0248,-75.75589,geonames
05318,Antioquia,Guarne,,52129.0,,2149.0,,,,,,,,,,,,,,,6.28345,-75.44363,geonames
05321,Antioquia,Guatapé,,5838.0,,1881.0,,,,,,,,,,,,,,,6.25548,-75.16432,geonames
05347,Antioquia,Heliconia,,6656.0,,1554.0,,,,,,,,,,,,,,,6.21689,-75.74452,geonames
05353,Antioquia,Hispania,,4821.0,,903.0,,,,,,,,,,,,,,,5.79555,-75.9041,geonames
05360,Antioquia,Itagui,,281853.0,,1538.0,,,,,,,,,,,,,,,6.18461,-75.59913,geonames
05361,Antioquia,Ituango,,23784.0,,1623.0,,,,,,,,,,,,,,,7.17117,-75.76404,geonames
05364,Antioquia,Jardín,,13541.0,,1844.0,,,,,,,,,,,,,,,5.59038,-75.81846,geonames
05368,Antioquia,Jericó,,12789.0,,1828.0,,,,,,,,,,,,,,,5.78054,-75.76096,geonames
05376,Antioquia,La Ceja,,36584.0,,2153.0,,,,,,,,,,,,,,,6.03131,-75.43333,geonames
05380,Antioquia,La Estrella,,67254.0,,1992.0,,,,,,,,,,,,,,,6.14239,-75.65257,geonames
05390,Antioquia,La Pintada,,7066.0,,694.0,,,,,,,,,,,,,,,5.7508,-75.60023,geonames
05400,Antioquia,La Unión,,41013.0,,967.0,,,,,,,,,,,,,,,4.53282,-76.10318,geonames
54001,Norte De Santander,Cúcuta,,777106.0,,298.0,,,,,,,,,,,,,,,7.90745,-72.5049,geonames
54003,Norte De Santander,Abrego,,38627.0,,1535.0,,,,,,,,,,,,,,,8.0,-73.2,geonames
54051,Norte De Santander,Arboledas,,8984.0,,1492.0,,,,,,,,,,,,,,,7.63494,-72.8605,geonames
54099,Norte De Santander,Bochalema,,6973.0,,1900.0,,,,,,,,,,,,,,,7.60217,-72.68839,geonames
54109,Norte De Santander,Bucarasica,,4561.0,,1922.0,,,,,,,,,,,,,,,8.08065,-72.92905,geonames
05411,Antioquia,Liborina,,9475.0,,2011.0,,,,,,,,,,,,,,,6.73043,-75.7821,geonames
54125,Norte De Santander,Cácota,,2583.0,,3076.0,,,,,,,,,,,,,,,7.25046,-72.6783,geonames
54128,Norte De Santander,Cachirá,,10970.0,,1550.0,,,,,,,,,,,,,,,7.75,-73.16667,geonames
54172,Norte De Santander,Chinácota,,14784.0,,1770.0,,,,,,,,,,,,,,,7.55543,-72.60413,geonames
54174,Norte De Santander,Chitagá,,10179.0,,1774.0,,,,,,,,,,,,,,,7.03202,-72.55073,geonames
54206,Norte De Santander,Convención,,18112.0,,1168.0,,,,,,,,,,,,,,,8.82242,-73.2285,geonames
54223,Norte De Santander,Cucutilla,,8447.0,,1843.0,,,,,,,,,,,,,,,7.49891,-72.79705,geonames
54239,Norte De Santander,Durania,,4289.0,,1283.0,,,,,,,,,,,,,,,7.71915,-72.70029,geonames
54245,Norte De Santander,El Carmen,,16377.0,,857.0,,,,,,,,,,,,,,,8.85175,-73.35303,geonames
05425,Antioquia,Maceo,,7630.0,,833.0,,,,,,,,,,,,,,,6.54463,-74.73277,geonames
54250,Norte De Santander,El Tarra,,10772.0,,318.0,,,,,,,,,,,,,,,8.65445,-73.0531,geonames
54261,Norte De Santander,El Zulia,,26019.0,,207.0,,,,,,,,,,,,,,,7.93248,-72.60125,geonames
54313,Norte De Santander,Gramalote,,6329.0,,1818.0,,,,,,,,,,,,,,,7.87847,-72.82202,geonames
54344,Norte De Santander,Hacarí,,10121.0,,603.0,,,,,,,,,,,,,,,8.34389,-73.09632,geonames
54347,Norte De Santander,Herrán,,4501.0,,2338.0,,,,,,,,,,,,,,,7.4807,-72.50059,geonames
54377,Norte De Santander,Labateca,,5852.0,,2546.0,,,,,,,,,,,,,,,7.24558,-72.55286,geonames
54385,Norte De Santander,La Esperanza,,11040.0,,92.0,,,,,,,,,,,,,,,7.68603,-73.40726,geonames
54398,Norte De Santander,La Playa,,8546.0,,1523.0,,,,,,,,,,,,,,,8.25833,-73.19222,geonames
05440,Antioquia,Marinilla,,57403.0,,2085.0,,,,,,,,,,,,,,,6.17358,-75.33621,geonames
54405,Norte De Santander,Los Patios,,67281.0,,743.0,,,,,,,,,,,,,,,7.7054,-72.5692,geonames
54418,Norte De Santander,Lourdes,,3448.0,,1312.0,,,,,,,,,,,,,,,7.96774,-72.84519,geonames
54480,Norte De Santander,Mutiscua,,3759.0,,3715.0,,,,,,,,,,,,,,,7.2981,-72.79879,geonames
54498,Norte De Santander,Ocaña,,101158.0,,1197.0,,,,,,,,,,,,,,,8.23773,-73.35604,geonames
54518,Norte De Santander,Pamplona,,57803.0,,3356.0,,,,,,,,,,,,,,,7.3494,-72.69952,geonames
54520,Norte De Santander,Pamplonita,,4792.0,,2091.0,,,,,,,,,,,,,,,7.45814,-72.65965,geonames
54553,Norte De Santander,Puerto Santander,,16275.0,,50.0,,,,,,,,,,,,,,,8.36361,-72.4063,geonames
54599,Norte De Santander,Ragonvalia,,6800.0,,2276.0,,,,,,,,,,,,,,,7.59756,-72.50985,geonames
54660,Norte De Santander,Salazar,,8964.0,,1603.0,,,,,,,,,,,,,,,7.78249,-72.85741,geonames
05467,Antioquia,Montebello,,7523.0,,1983.0,,,,,,,,,,,,,,,5.93703,-75.52741,geonames
54670,Norte De Santander,San Calixto,,12581.0,,1582.0,,,,,,,,,,,,,,,8.44179,-73.16598,geonames
54673,Norte De Santander,San Cayetano,,5424.0,,330.0,,,,,,,,,,,,,,,7.84771,-72.61014,geonames
54680,Norte De Santander,Santiago,,9209.0,,3240.0,,,,,,,,,,,,,,,1.05363,-77.03893,geonames
54720,Norte De Santander,Sardinata,,22733.0,,865.0,,,,,,,,,,,,,,,8.23424,-72.82039,geonames
54743,Norte De Santander,Silos,,5284.0,,3216.0,,,,,,,,,,,,,,,7.18687,-72.78501,geonames
05475,Antioquia,Murindó,,3736.0,,36.0,,,,,,,,,,,,,,,6.84698,-76.71544,geonames
05480,Antioquia,Mutatá,,12607.0,,132.0,,,,,,,,,,,,,,,7.24407,-76.43564,geonames
54800,Norte De Santander,Teorama,,17523.0,,1031.0,,,,,,,,,,,,,,,8.75219,-73.1601,geonames
54810,Norte De Santander,Tibú,,34773.0,,73.0,,,,,,,,,,,,,,,8.6954,-72.81268,geonames
54820,Norte De Santander,Toledo,,17272.0,,2092.0,,,,,,,,,,,,,,,7.23217,-72.31127,geonames
05483,Antioquia,Nariño,,15579.0,,1366.0,,,,,,,,,,,,,,,5.59687,-75.19329,geonames
54871,Norte De Santander,Villa Caro,,5044.0,,2528.0,,,,,,,,,,,,,,,7.91667,-73.0,geonames
54874,Norte De Santander,Villa del Rosario,,69833.0,,737.0,,,,,,,,,,,,,,,7.75816,-72.48182,geonames
05490,Antioquia,Necoclí,,70824.0,,13.0,,,,,,,,,,,,,,,8.42958,-76.77109,geonames
05495,Antioquia,Nechí,,24066.0,,31.0,,,,,,,,,,,,,,,8.09419,-74.77573,geonames
05501,Antioquia,Olaya,,2916.0,,625.0,,,,,,,,,,,,,,,6.60351,-75.78612,geonames
05541,Antioquia,Peñol,,16241.0,,1881.0,,,,,,,,,,,,,,,6.23434,-75.22573,geonames
05543,Antioquia,Peque,,7155.0,,1204.0,,,,,,,,,,,,,,,7.02123,-75.90926,geonames
05576,Antioquia,Pueblorrico,,8294.0,,1894.0,,,,,,,,,,,,,,,5.8,-75.85,geonames
05579,Antioquia,Puerto Berrío,,51079.0,,110.0,,,,,,,,,,,,,,,6.49156,-74.40326,geonames
05585,Antioquia,Puerto Nare,,12161.0,,125.0,,,,,,,,,,,,,,,6.19167,-74.5867,geonames
05591,Antioquia,Puerto Triunfo,,17231.0,,156.0,,,,,,,,,,,,,,,5.87259,-74.6405,geonames
05604,Antioquia,Remedios,,29199.0,,530.0,,,,,,,,,,,,,,,7.02192,-74.54821,geonames
05607,Antioquia,Retiro,,20700.0,,2166.0,,,,,,,,,,,,,,,6.05861,-75.50306,geonames
05615,Antioquia,Rionegro,,128153.0,,2090.0,,,,,,,,,,,,,,,6.15515,-75.37371,geonames
05628,Antioquia,Sabanalarga,,102334.0,,97.0,,,,,,,,,,,,,,,10.63072,-74.92214,geonames
05631,Antioquia,Sabaneta,,82375.0,,1592.0,,,,,,,,,,,,,,,6.15153,-75.61657,geonames
05642,Antioquia,Salgar,,15782.0,,1209.0,,,,,,,,,,,,,,,5.96502,-75.96541,geonames
05647,Antioquia,San Andrés de Cuerquía,,7367.0,,1808.0,,,,,,,,,,,,,,,6.91667,-75.66667,geonames
05649,Antioquia,San Carlos,,23622.0,,35.0,,,,,,,,,,,,,,,8.7104,-75.68959,geonames
05652,Antioquia,San Francisco,,8304.0,,1972.0,,,,,,,,,,,,,,,4.96335,-74.26613,geonames
05656,Antioquia,San Jerónimo,,13158.0,,728.0,,,,,,,,,,,,,,,6.44344,-75.72815,geonames
05658,Antioquia,San José de La Montaña,,3103.0,,2931.0,,,,,,,,,,,,,,,6.82205,-75.69757,geonames
05659,Antioquia,San Juan de Urabá,,20899.0,,46.0,,,,,,,,,,,,,,,8.67161,-76.50514,geonames
05660,Antioquia,San Luis,,19262.0,,538.0,,,,,,,,,,,,,,,4.16667,-75.08333,geonames
05664,Antioquia,San Pedro,,16415.0,,144.0,,,,,,,,,,,,,,,9.39917,-75.035,geonames
05665,Antioquia,San Pedro de Uraba,,30527.0,,141.0,,,,,,,,,,,,,,,8.27515,-76.37641,geonames
05667,Antioquia,San Rafael,,12578.0,,1385.0,,,,,,,,,,,,,,,6.31234,-75.02426,geonames
05670,Antioquia,San Roque,,18157.0,,1033.0,,,,,,,,,,,,,,,6.44421,-74.95246,geonames
05674,Antioquia,San Vicente,,18051.0,,2140.0,,,,,,,,,,,,,,,6.28535,-75.33385,geonames
05679,Antioquia,Santa Bárbara,,22030.0,,1507.0,,,,,,,,,,,,,,,5.88937,-75.58255,geonames
05686,Antioquia,Santa Rosa de Osos,,37864.0,,2586.0,,,,,,,,,,,,,,,6.64738,-75.46031,geonames
05690,Antioquia,Santo Domingo,,12394.0,,1968.0,,,,,,,,,,,,,,,6.47282,-75.16547,geonames
05697,Antioquia,El Santuario,,27120.0,,2156.0,,,,,,,,,,,,,,,6.13568,-75.25705,geonames
05736,Antioquia,Segovia,,39938.0,,680.0,,,,,,,,,,,,,,,7.07993,-74.6989,geonames
05756,Antioquia,Sonson,,33598.0,,2493.0,,,,,,,,,,,,,,,5.71062,-75.31069,geonames
05761,Antioquia,Sopetrán,,13748.0,,739.0,,,,,,,,,,,,,,,6.52271,-75.74608,geonames
05789,Antioquia,Támesis,,16387.0,,1823.0,,,,,,,,,,,,,,,5.67053,-75.72153,geonames
05790,Antioquia,Tarazá,,48926.0,,275.0,,,,,,,,,,,,,,,7.49302,-75.5049,geonames
05792,Antioquia,Tarso,,7155.0,,1155.0,,,,,,,,,,,,,,,5.8812,-75.83098,geonames
05809,Antioquia,Titiribí,,8316.0,,1540.0,,,,,,,,,,,,,,,6.06276,-75.7937,geonames
05819,Antioquia,Toledo,,17272.0,,2092.0,,,,,,,,,,,,,,,7.23217,-72.31127,geonames
05837,Antioquia,Turbo,,163525.0,,1.0,,,,,,,,,,,,,,,8.09539,-76.73345,geonames
05842,Antioquia,Uramita,,8304.0,,880.0,,,,,,,,,,,,,,,6.91662,-76.13082,geonames
05847,Antioquia,Urrao,,38923.0,,2173.0,,,,,,,,,,,,,,,6.19,-76.08,geonames
05854,Antioquia,Valdivia,,11511.0,,234.0,,,,,,,,,,,,,,,7.29382,-75.3919,geonames
05856,Antioquia,Valparaíso,,11100.0,,231.0,,,,,,,,,,,,,,,1.05706,-75.75969,geonames
05858,Antioquia,Vegachí,,11293.0,,982.0,,,,,,,,,,,,,,,6.81666,-74.78697,geonames
05861,Antioquia,Venecia,,10280.0,,1308.0,,,,,,,,,,,,,,,5.96278,-75.73806,geonames
05873,Antioquia,Vigía del Fuerte,,5624.0,,12.0,,,,,,,,,,,,,,,6.58933,-76.89599,geonames
05885,Antioquia,Yalí,,7734.0,,968.0,,,,,,,,,,,,,,,6.70257,-74.79018,geonames
05887,Antioquia,Yarumal,,41240.0,,2424.0,,,,,,,,,,,,,,,6.98532,-75.45402,geonames
05890,Antioquia,Yolombó,,23958.0,,1378.0,,,,,,,,,,,,,,,6.66569,-74.9912,geonames
05893,Antioquia,Yondó,,17597.0,,72.0,,,,,,,,,,,,,,,7.00621,-73.90972,geonames
05895,Antioquia,Zaragoza,,24067.0,,66.0,,,,,,,,,,,,,,,7.48971,-74.86919,geonames
63001,Quindio,Armenia,,304314.0,,1390.0,,,,,,,,,,,,,,,4.53656,-75.67263,geonames
63111,Quindio,Buenavista,,18344.0,,43.0,,,,,,,,,,,,,,,8.17697,-75.44481,geonames
63130,Quindio,Calarca,,79569.0,,1537.0,,,,,,,,,,,,,,,4.52949,-75.64091,geonames
63190,Quindio,Circasia,,27135.0,,1772.0,,,,,,,,,,,,,,,4.61889,-75.63583,geonames
63212,Quindio,Córdoba,,15012.0,,26.0,,,,,,,,,,,,,,,9.55149,-74.898,geonames
63272,Quindio,Filandia,,12921.0,,1777.0,,,,,,,,,,,,,,,4.67525,-75.67142,geonames
63302,Quindio,Génova,,9634.0,,1878.0,,,,,,,,,,,,,,,4.22743,-75.7548,geonames
63401,Quindio,La Tebaida,,33504.0,,1150.0,,,,,,,,,,,,,,,4.43353,-75.81476,geonames
63470,Quindio,Montenegro,,41996.0,,1297.0,,,,,,,,,,,,,,,4.56639,-75.75111,geonames
63548,Quindio,Pijao,,6683.0,,2668.0,,,,,,,,,,,,,,,4.30588,-75.68176,geonames
63594,Quindio,Quimbaya,,35350.0,,1313.0,,,,,,,,,,,,,,,4.62306,-75.76278,geonames
63690,Quindio,Salento,,7247.0,,1977.0,,,,,,,,,,,,,,,4.63643,-75.5674,geonames
66001,Risaralda,Pereira,,467269.0,,1392.0,,,,,,,,,,,,,,,4.76896,-75.72222,geonames
66045,Risaralda,Apía,,17514.0,,1530.0,,,,,,,,,,,,,,,5.13959,-75.95756,geonames
66075,Risaralda,Balboa,,18910.0,,1616.0,,,,,,,,,,,,,,,2.04183,-77.21646,geonames
66088,Risaralda,Belén de Umbría,,27717.0,,1431.0,,,,,,,,,,,,,,,5.20899,-75.87213,geonames
66170,Risaralda,Dosquebradas,,206693.0,,1454.0,,,,,,,,,,,,,,,4.83916,-75.66727,geonames
66318,Risaralda,Guática,,15752.0,,1658.0,,,,,,,,,,,,,,,5.32529,-75.80982,geonames
66383,Risaralda,La Celia,,8761.0,,1455.0,,,,,,,,,,,,,,,4.99997,-76.00479,geonames
66400,Risaralda,La Virginia,,25900.0,,901.0,,,,,,,,,,,,,,,4.89972,-75.8825,geonames
66440,Risaralda,Marsella,,15455.0,,1543.0,,,,,,,,,,,,,,,4.93722,-75.73778,geonames
66456,Risaralda,Mistrató,,15166.0,,2011.0,,,,,,,,,,,,,,,5.4182,-75.94744,geonames
66572,Risaralda,Pueblo Rico,,14429.0,,1554.0,,,,,,,,,,,,,,,5.22263,-76.03026,geonames
66594,Risaralda,Quinchía,,34069.0,,1817.0,,,,,,,,,,,,,,,5.33957,-75.73018,geonames
66682,Risaralda,Santa Rosa de Cabal,,69960.0,,2403.0,,,,,,,,,,,,,,,4.84524,-75.54498,geonames
66687,Risaralda,Santuario,,17722.0,,2119.0,,,,,,,,,,,,,,,6.13833,-75.26417,geonames
68001,Santander,Bucaramanga,,581130.0,,1010.0,,,,,,,,,,,,,,,7.125,-73.11895,geonames
68013,Santander,Aguada,,1855.0,,1767.0,,,,,,,,,,,,,,,6.16019,-73.52747,geonames
68020,Santander,Albania,,29148.0,,86.0,,,,,,,,,,,,,,,11.1597,-72.5856,geonames
68051,Santander,Aratoca,,8395.0,,1331.0,,,,,,,,,,,,,,,6.7045,-73.02877,geonames
68077,Santander,Barbosa,,53943.0,,1297.0,,,,,,,,,,,,,,,6.43809,-75.33136,geonames
68079,Santander,Barichara,,7651.0,,1027.0,,,,,,,,,,,,,,,6.64555,-73.23387,geonames
68081,Santander,Barrancabermeja,,191704.0,,69.0,,,,,,,,,,,,,,,7.05452,-73.7712,geonames
68092,Santander,Betulia,,15097.0,,1631.0,,,,,,,,,,,,,,,6.11284,-75.98378,geonames
68101,Santander,Bolívar,,44864.0,,1935.0,,,,,,,,,,,,,,,1.8467,-76.98292,geonames
68121,Santander,Cabrera,,4684.0,,2934.0,,,,,,,,,,,,,,,3.87443,-74.4719,geonames
68132,Santander,California,,1793.0,,2151.0,,,,,,,,,,,,,,,7.3434,-72.95815,geonames
68147,Santander,Capitanejo,,6152.0,,1284.0,,,,,,,,,,,,,,,6.52083,-72.67432,geonames
68152,Santander,Carcasí,,5200.0,,2279.0,,,,,,,,,,,,,,,6.64799,-72.59325,geonames
68160,Santander,Cepitá,,2022.0,,1289.0,,,,,,,,,,,,,,,6.73375,-72.9491,geonames
68162,Santander,Cerrito,,6319.0,,3257.0,,,,,,,,,,,,,,,6.8907,-72.67103,geonames
68167,Santander,Charalá,,10540.0,,1385.0,,,,,,,,,,,,,,,6.17513,-73.17587,geonames
68169,Santander,Charta,,3142.0,,2256.0,,,,,,,,,,,,,,,7.24489,-73.00715,geonames
68176,Santander,Chima,,13492.0,,8.0,,,,,,,,,,,,,,,9.14893,-75.62841,geonames
68179,Santander,Chipatá,,5151.0,,2047.0,,,,,,,,,,,,,,,6.06312,-73.65392,geonames
68190,Santander,Cimitarra,,50892.0,,156.0,,,,,,,,,,,,,,,6.31419,-73.94968,geonames
68207,Santander,Concepción,,5908.0,,3172.0,,,,,,,,,,,,,,,6.7702,-72.63437,geonames
68209,Santander,Confines,,2753.0,,1827.0,,,,,,,,,,,,,,,6.34875,-73.2099,geonames
68211,Santander,Contratación,,4021.0,,1811.0,,,,,,,,,,,,,,,6.29318,-73.48399,geonames
68217,Santander,Coromoro,,7376.0,,2690.0,,,,,,,,,,,,,,,6.23321,-72.97541,geonames
68229,Santander,Curití,,11653.0,,1490.0,,,,,,,,,,,,,,,6.60519,-73.06809,geonames
68235,Santander,El Carmen de Chucurí,,18098.0,,529.0,,,,,,,,,,,,,,,6.67037,-73.61542,geonames
68245,Santander,El Guacamayo,,2303.0,,1760.0,,,,,,,,,,,,,,,6.24856,-73.52957,geonames
68250,Santander,El Peñón,,7234.0,,21.0,,,,,,,,,,,,,,,8.98885,-73.94898,geonames
68255,Santander,El Playón,,12966.0,,897.0,,,,,,,,,,,,,,,7.51699,-73.19559,geonames
68264,Santander,Encino,,2711.0,,3278.0,,,,,,,,,,,,,,,6.05337,-73.06736,geonames
68266,Santander,Enciso,,3989.0,,1351.0,,,,,,,,,,,,,,,6.64651,-72.70709,geonames
68271,Santander,Florián,,6378.0,,1310.0,,,,,,,,,,,,,,,5.80384,-74.01578,geonames
68276,Santander,Floridablanca,,267591.0,,928.0,,,,,,,,,,,,,,,7.06222,-73.08644,geonames
68296,Santander,Galán,,2992.0,,1860.0,,,,,,,,,,,,,,,6.66271,-73.34233,geonames
68298,Santander,Gambita,,5168.0,,2224.0,,,,,,,,,,,,,,,5.90273,-73.36788,geonames
68307,Santander,Girón,,206005.0,,355.0,,,,,,,,,,,,,,,7.06865,-73.31729,geonames
68318,Santander,Guaca,,6916.0,,2571.0,,,,,,,,,,,,,,,6.91596,-72.84792,geonames
68320,Santander,Guadalupe,,15913.0,,889.0,,,,,,,,,,,,,,,2.0248,-75.75589,geonames
68322,Santander,Guapotá,,2271.0,,1337.0,,,,,,,,,,,,,,,6.30697,-73.32848,geonames
68324,Santander,Guavatá,,4402.0,,1811.0,,,,,,,,,,,,,,,5.93393,-73.71737,geonames
68327,Santander,Güepsa,,4285.0,,1380.0,,,,,,,,,,,,,,,6.02684,-73.5941,geonames
68344,Santander,Hato,,2401.0,,1540.0,,,,,,,,,,,,,,,6.56113,-73.35895,geonames
68368,Santander,Jesús María,,3455.0,,1875.0,,,,,,,,,,,,,,,5.85453,-73.80995,geonames
68370,Santander,Jordán,,1164.0,,856.0,,,,,,,,,,,,,,,6.69857,-73.10966,geonames
68377,Santander,La Belleza,,8462.0,,549.0,,,,,,,,,,,,,,,5.89014,-74.03839,geonames
68385,Santander,Landázuri,,15192.0,,1123.0,,,,,,,,,,,,,,,6.30654,-73.85134,geonames
68397,Santander,La Paz,,26109.0,,135.0,,,,,,,,,,,,,,,10.10487,-73.22056,geonames
68406,Santander,Lebríja,,42895.0,,599.0,,,,,,,,,,,,,,,7.19714,-73.31566,geonames
68418,Santander,Los Santos,,12433.0,,1226.0,,,,,,,,,,,,,,,6.79734,-73.1249,geonames
68425,Santander,Macaravita,,2753.0,,2888.0,,,,,,,,,,,,,,,6.49734,-72.61074,geonames
68432,Santander,Málaga,,19884.0,,2210.0,,,,,,,,,,,,,,,6.69903,-72.73233,geonames
68444,Santander,Matanza,,5840.0,,2386.0,,,,,,,,,,,,,,,7.35605,-73.05303,geonames
68464,Santander,Mogotes,,10165.0,,1681.0,,,,,,,,,,,,,,,6.47559,-72.97046,geonames
68468,Santander,Molagavita,,5764.0,,1358.0,,,,,,,,,,,,,,,6.62625,-72.85226,geonames
68498,Santander,Ocamonte,,4984.0,,1536.0,,,,,,,,,,,,,,,6.34375,-73.13683,geonames
68500,Santander,Oiba,,10983.0,,1807.0,,,,,,,,,,,,,,,6.22974,-73.27869,geonames
68502,Santander,Onzaga,,5707.0,,2349.0,,,,,,,,,,,,,,,6.32438,-72.8324,geonames
68522,Santander,Palmar,,2883.0,,855.0,,,,,,,,,,,,,,,6.4974,-73.3074,geonames
68524,Santander,Palmas del Socorro,,2443.0,,1349.0,,,,,,,,,,,,,,,6.37289,-73.2815,geonames
68533,Santander,Páramo,,3671.0,,1740.0,,,,,,,,,,,,,,,6.4375,-73.18027,geonames
68547,Santander,Piedecuesta,,163362.0,,1014.0,,,,,,,,,,,,,,,6.98789,-73.04953,geonames
68549,Santander,Pinchote,,4420.0,,1558.0,,,,,,,,,,,,,,,6.50842,-73.18876,geonames
68572,Santander,Puente Nacional,,14538.0,,2176.0,,,,,,,,,,,,,,,5.81658,-73.69287,geonames
68573,Santander,Puerto Parra,,6514.0,,140.0,,,,,,,,,,,,,,,6.67654,-73.98224,geonames
68575,Santander,Puerto Wilches,,31698.0,,67.0,,,,,,,,,,,,,,,7.34828,-73.89601,geonames
68615,Santander,Rionegro,,128153.0,,2090.0,,,,,,,,,,,,,,,6.15515,-75.37371,geonames
68655,Santander,Sabana de Torres,,27845.0,,137.0,,,,,,,,,,,,,,,7.3915,-73.49574,geonames
68669,Santander,San Andrés,,58257.0,,-9999.0,,,,,,,,,,,,,,,12.57858,-81.69973,geonames
68673,Santander,San Benito,,3907.0,,1214.0,,,,,,,,,,,,,,,6.10206,-73.53753,geonames
68679,Santander,San Gil,,46152.0,,1152.0,,,,,,,,,,,,,,,6.55952,-73.13637,geonames
68682,Santander,San Joaquín,,2948.0,,2594.0,,,,,,,,,,,,,,,6.46554,-72.84852,geonames
68684,Santander,San José de Miranda,,4855.0,,1642.0,,,,,,,,,,,,,,,6.63051,-72.73155,geonames
68686,Santander,San Miguel,,21838.0,,307.0,,,,,,,,,,,,,,,0.343,-76.91,geonames
68689,Santander,San Vicente de Chucurí,,33267.0,,573.0,,,,,,,,,,,,,,,6.88395,-73.41704,geonames
68705,Santander,Santa Bárbara,,22030.0,,1507.0,,,,,,,,,,,,,,,5.88937,-75.58255,geonames
68720,Santander,Santa Helena del Opón,,4473.0,,1082.0,,,,,,,,,,,,,,,6.39694,-73.60037,geonames
68745,Santander,Simacota,,8910.0,,612.0,,,,,,,,,,,,,,,6.52407,-73.66928,geonames
68755,Santander,Socorro,,29997.0,,1234.0,,,,,,,,,,,,,,,6.46838,-73.26022,geonames
68770,Santander,Suaita,,10975.0,,1710.0,,,,,,,,,,,,,,,6.08221,-73.37008,geonames
68773,Santander,Sucre,,23971.0,,14.0,,,,,,,,,,,,,,,8.83333,-74.75,geonames
68780,Santander,Suratá,,3662.0,,1651.0,,,,,,,,,,,,,,,7.51696,-73.05902,geonames
68820,Santander,Tona,,6690.0,,2737.0,,,,,,,,,,,,,,,7.15727,-72.96559,geonames
68855,Santander,Valle de San José,,5315.0,,1502.0,,,,,,,,,,,,,,,6.41984,-73.12946,geonames
68861,Santander,Vélez,,19376.0,,2160.0,,,,,,,,,,,,,,,6.01335,-73.67352,geonames
68867,Santander,Vetas,,2349.0,,3228.0,,,,,,,,,,,,,,,7.32261,-72.88132,geonames
68872,Santander,Villanueva,,31727.0,,185.0,,,,,,,,,,,,,,,5.28333,-71.96667,geonames
68895,Santander,Zapatoca,,9449.0,,1725.0,,,,,,,,,,,,,,,6.80577,-73.26766,geonames
70001,Sucre,Sincelejo,,277773.0,,209.0,,,,,,,,,,,,,,,9.3045,-75.3905,geonames
70110,Sucre,Buenavista,,18344.0,,43.0,,,,,,,,,,,,,,,8.17697,-75.44481,geonames
70124,Sucre,Caimito,,13331.0,,29.0,,,,,,,,,,,,,,,8.78834,-75.13583,geonames
70204,Sucre,Coloso,,6214.0,,180.0,,,,,,,,,,,,,,,9.51176,-75.36233,geonames
70215,Sucre,Corozal,,57756.0,,143.0,,,,,,,,,,,,,,,9.20001,-75.27916,geonames
70221,Sucre,Coveñas,,17091.0,,0.0,,,,,,,,,,,,,,,9.39413,-75.6572,geonames
70230,Sucre,Chalán,,4188.0,,570.0,,,,,,,,,,,,,,,9.57013,-75.31806,geonames
70233,Sucre,El Roble,,9786.0,,71.0,,,,,,,,,,,,,,,9.06997,-75.13679,geonames
70235,Sucre,Galeras,,20239.0,,80.0,,,,,,,,,,,,,,,9.16095,-75.04811,geonames
70265,Sucre,Guaranda,,15498.0,,23.0,,,,,,,,,,,,,,,8.39479,-74.79862,geonames
70400,Sucre,La Unión,,41013.0,,967.0,,,,,,,,,,,,,,,4.53282,-76.10318,geonames
70418,Sucre,Los Palmitos,,19315.0,,229.0,,,,,,,,,,,,,,,9.4249,-75.20653,geonames
70429,Sucre,Majagual,,31657.0,,23.0,,,,,,,,,,,,,,,8.535,-74.71499,geonames
70473,Sucre,Morroa,,12846.0,,109.0,,,,,,,,,,,,,,,9.39607,-75.33029,geonames
70508,Sucre,Ovejas,,21091.0,,268.0,,,,,,,,,,,,,,,9.54083,-75.18333,geonames
70523,Sucre,Palmito,,13682.0,,28.0,,,,,,,,,,,,,,,9.33667,-75.56333,geonames
70670,Sucre,Sampués,,38631.0,,130.0,,,,,,,,,,,,,,,9.15417,-75.34583,geonames
70678,Sucre,San Benito Abad,,22972.0,,12.0,,,,,,,,,,,,,,,8.78833,-74.95666,geonames
70702,Sucre,San Juan de Betulia,,13437.0,,145.0,,,,,,,,,,,,,,,9.28486,-75.1941,geonames
70708,Sucre,San Marcos,,60735.0,,25.0,,,,,,,,,,,,,,,8.65972,-75.12809,geonames
70713,Sucre,San Onofre,,46383.0,,37.0,,,,,,,,,,,,,,,9.73714,-75.52483,geonames
70717,Sucre,San Pedro,,16415.0,,144.0,,,,,,,,,,,,,,,9.39917,-75.035,geonames
70742,Sucre,San Luis de Sincé,,30768.0,,141.0,,,,,,,,,,,,,,,9.24391,-75.14675,geonames
70771,Sucre,Sucre,,23971.0,,14.0,,,,,,,,,,,,,,,8.83333,-74.75,geonames
70820,Sucre,Santiago de Tolú,,28108.0,,14.0,,,,,,,,,,,,,,,9.53221,-75.53584,geonames
70823,Sucre,Tolú Viejo,,20033.0,,68.0,,,,,,,,,,,,,,,9.45082,-75.43864,geonames
73001,Tolima,Ibagué,,529635.0,,1450.0,,,,,,,,,,,,,,,4.43537,-75.2642,geonames
73024,Tolima,Alpujarra,,4963.0,,1311.0,,,,,,,,,,,,,,,3.39222,-74.93271,geonames
73026,Tolima,Alvarado,,8796.0,,415.0,,,,,,,,,,,,,,,4.56826,-74.9523,geonames
73030,Tolima,Ambalema,,6683.0,,231.0,,,,,,,,,,,,,,,4.78405,-74.76268,geonames
73043,Tolima,Anzoátegui,,18849.0,,3139.0,,,,,,,,,,,,,,,4.62232,-75.18046,geonames
73055,Tolima,Armero,,11724.0,,306.0,,,,,,,,,,,,,,,4.98873,-74.8813,geonames
73067,Tolima,Ataco,,13470.0,,453.0,,,,,,,,,,,,,,,3.59147,-75.38178,geonames
73124,Tolima,Cajamarca,,17309.0,,3129.0,,,,,,,,,,,,,,,4.41667,-75.5,geonames
73148,Tolima,Carmen de Apicalá,,8880.0,,316.0,,,,,,,,,,,,,,,4.10771,-74.76777,geonames
73152,Tolima,Casabianca,,6639.0,,2036.0,,,,,,,,,,,,,,,5.07959,-75.12059,geonames
73168,Tolima,Chaparral,,47293.0,,1160.0,,,,,,,,,,,,,,,3.75,-75.58333,geonames
73200,Tolima,Coello,,9887.0,,1303.0,,,,,,,,,,,,,,,4.40306,-75.29417,geonames
73217,Tolima,Coyaima,,28379.0,,489.0,,,,,,,,,,,,,,,3.72781,-75.17397,geonames
73226,Tolima,Cunday,,9544.0,,457.0,,,,,,,,,,,,,,,4.06004,-74.69212,geonames
73236,Tolima,Dolores,,7923.0,,1554.0,,,,,,,,,,,,,,,3.60534,-74.80585,geonames
73268,Tolima,Espinal,,76226.0,,332.0,,,,,,,,,,,,,,,4.15089,-74.91233,geonames
73270,Tolima,Falan,,9204.0,,974.0,,,,,,,,,,,,,,,5.12383,-74.95181,geonames
73275,Tolima,Flandes,,29296.0,,285.0,,,,,,,,,,,,,,,4.29005,-74.81612,geonames
73283,Tolima,Fresno,,31317.0,,1421.0,,,,,,,,,,,,,,,5.19952,-75.03762,geonames
73319,Tolima,Guamo,,30516.0,,323.0,,,,,,,,,,,,,,,4.03078,-74.9701,geonames
73347,Tolima,Herveo,,7893.0,,2320.0,,,,,,,,,,,,,,,5.08004,-75.17556,geonames
73349,Tolima,Honda,,28158.0,,200.0,,,,,,,,,,,,,,,5.20856,-74.73584,geonames
73352,Tolima,Icononzo,,10801.0,,1308.0,,,,,,,,,,,,,,,4.17698,-74.53254,geonames
73408,Tolima,Lérida,,17197.0,,345.0,,,,,,,,,,,,,,,4.86242,-74.90977,geonames
73411,Tolima,Líbano,,39459.0,,2106.0,,,,,,,,,,,,,,,4.8356,-75.10834,geonames
73443,Tolima,Mariquita,,0.0,,1553.0,,,,,,,,,,,,,,,8.04297,-73.33028,geonames
73449,Tolima,Melgar,,36641.0,,398.0,,,,,,,,,,,,,,,4.17848,-74.67207,geonames
73461,Tolima,Murillo,,5075.0,,4038.0,,,,,,,,,,,,,,,4.81714,-75.27883,geonames
73483,Tolima,Natagaima,,22455.0,,326.0,,,,,,,,,,,,,,,3.62057,-75.09415,geonames
73504,Tolima,Ortega,,33873.0,,433.0,,,,,,,,,,,,,,,3.94514,-75.27245,geonames
73520,Tolima,Palocabildo,,9120.0,,1451.0,,,,,,,,,,,,,,,5.11705,-75.01732,geonames
73547,Tolima,Piedras,,5662.0,,436.0,,,,,,,,,,,,,,,4.5,-74.91667,geonames
73555,Tolima,Planadas,,21557.0,,1212.0,,,,,,,,,,,,,,,3.19698,-75.64506,geonames
73563,Tolima,Prado,,7607.0,,322.0,,,,,,,,,,,,,,,3.75118,-74.93004,geonames
73585,Tolima,Purificación,,29539.0,,305.0,,,,,,,,,,,,,,,3.85871,-74.93129,geonames
73616,Tolima,Rioblanco,,19090.0,,1038.0,,,,,,,,,,,,,,,3.52973,-75.64525,geonames
73622,Tolima,Roncesvalles,,6340.0,,2597.0,,,,,,,,,,,,,,,4.0108,-75.60493,geonames
73624,Tolima,Rovira,,20452.0,,867.0,,,,,,,,,,,,,,,4.23922,-75.23996,geonames
73671,Tolima,Saldaña,,14329.0,,328.0,,,,,,,,,,,,,,,3.88874,-75.0347,geonames
73675,Tolima,San Antonio,,15331.0,,2426.0,,,,,,,,,,,,,,,3.95664,-75.5,geonames
73678,Tolima,San Luis,,19262.0,,538.0,,,,,,,,,,,,,,,4.16667,-75.08333,geonames
73686,Tolima,Santa Isabel,,6565.0,,3290.0,,,,,,,,,,,,,,,4.72626,-75.22391,geonames
73770,Tolima,Suárez,,19690.0,,1075.0,,,,,,,,,,,,,,,2.95395,-76.69644,geonames
73854,Tolima,Valle de San Juan,,6178.0,,796.0,,,,,,,,,,,,,,,4.17198,-75.19392,geonames
73861,Tolima,Venadillo,,18769.0,,373.0,,,,,,,,,,,,,,,4.69177,-74.93669,geonames
73870,Tolima,Villahermosa,,11196.0,,2505.0,,,,,,,,,,,,,,,4.96503,-75.1565,geonames
73873,Tolima,Villarrica,,5449.0,,1571.0,,,,,,,,,,,,,,,3.83099,-74.65258,geonames
76001,Valle Del Cauca,Cali,,2392877.0,,758.0,,,,,,,,,,,,,,,3.43054,-76.5199,geonames
76020,Valle Del Cauca,Alcalá,,21352.0,,1260.0,,,,,,,,,,,,,,,4.67458,-75.77188,geonames
76036,Valle Del Cauca,Andalucía,,18132.0,,1077.0,,,,,,,,,,,,,,,4.14035,-76.14739,geonames
76041,Valle Del Cauca,Ansermanuevo,,20692.0,,1162.0,,,,,,,,,,,,,,,4.80214,-76.03445,geonames
76054,Valle Del Cauca,Argelia,,20136.0,,1295.0,,,,,,,,,,,,,,,2.31728,-77.257,geonames
76100,Valle Del Cauca,Bolívar,,44864.0,,1935.0,,,,,,,,,,,,,,,1.8467,-76.98292,geonames
76109,Valle Del Cauca,Buenaventura,,432385.0,,8.0,,,,,,,,,,,,,,,3.86425,-77.03545,geonames
76111,Valle Del Cauca,Guadalajara de Buga,,116893.0,,2926.0,,,,,,,,,,,,,,,3.85594,-76.10131,geonames
76113,Valle Del Cauca,Bugalagrande,,21601.0,,1086.0,,,,,,,,,,,,,,,4.16667,-76.08333,geonames
76122,Valle Del Cauca,Caicedonia,,32417.0,,1165.0,,,,,,,,,,,,,,,4.3324,-75.82665,geonames
76126,Valle Del Cauca,Calima,,16054.0,,1520.0,,,,,,,,,,,,,,,3.92511,-76.62654,geonames
76130,Valle Del Cauca,Candelaria,,87811.0,,957.0,,,,,,,,,,,,,,,3.38367,-76.42466,geonames
76147,Valle Del Cauca,Cartago,,134972.0,,915.0,,,,,,,,,,,,,,,4.74639,-75.91167,geonames
76233,Valle Del Cauca,Dagua,,35270.0,,1787.0,,,,,,,,,,,,,,,3.61642,-76.73213,geonames
76243,Valle Del Cauca,El Águila,,7393.0,,1485.0,,,,,,,,,,,,,,,4.91946,-76.0568,geonames
76246,Valle Del Cauca,El Cairo,,9976.0,,1504.0,,,,,,,,,,,,,,,4.74889,-76.24443,geonames
76248,Valle Del Cauca,El Cerrito,,57749.0,,1172.0,,,,,,,,,,,,,,,3.64273,-76.2096,geonames
76250,Valle Del Cauca,El Dovio,,9548.0,,1493.0,,,,,,,,,,,,,,,4.54376,-76.28538,geonames
76275,Valle Del Cauca,Florida,,56008.0,,1553.0,,,,,,,,,,,,,,,3.3094,-76.18989,geonames
76306,Valle Del Cauca,Ginebra,,21055.0,,1728.0,,,,,,,,,,,,,,,3.74296,-76.19412,geonames
76318,Valle Del Cauca,Guacarí,,31802.0,,1002.0,,,,,,,,,,,,,,,3.77501,-76.30813,geonames
76364,Valle Del Cauca,Jamundí,,96993.0,,972.0,,,,,,,,,,,,,,,3.26083,-76.53694,geonames
76377,Valle Del Cauca,La Cumbre,,11512.0,,1459.0,,,,,,,,,,,,,,,3.69623,-76.58615,geonames
76400,Valle Del Cauca,La Unión,,41013.0,,967.0,,,,,,,,,,,,,,,4.53282,-76.10318,geonames
76403,Valle Del Cauca,La Victoria,,13247.0,,960.0,,,,,,,,,,,,,,,4.47621,-75.98118,geonames
76497,Valle Del Cauca,Obando,,10970.0,,932.0,,,,,,,,,,,,,,,4.57583,-75.97389,geonames
76520,Valle Del Cauca,Palmira,,312519.0,,1005.0,,,,,,,,,,,,,,,3.53944,-76.30361,geonames
76563,Valle Del Cauca,Pradera,,48843.0,,1826.0,,,,,,,,,,,,,,,3.42793,-76.17159,geonames
76606,Valle Del Cauca,Restrepo,,17610.0,,474.0,,,,,,,,,,,,,,,4.25833,-73.56142,geonames
76616,Valle Del Cauca,Riofrío,,17376.0,,1746.0,,,,,,,,,,,,,,,4.10279,-76.41593,geonames
76622,Valle Del Cauca,Roldanillo,,34698.0,,1218.0,,,,,,,,,,,,,,,4.446,-76.16387,geonames
76670,Valle Del Cauca,San Pedro,,16415.0,,144.0,,,,,,,,,,,,,,,9.39917,-75.035,geonames
76736,Valle Del Cauca,Sevilla,,43738.0,,1617.0,,,,,,,,,,,,,,,4.26425,-75.93085,geonames
76823,Valle Del Cauca,Toro,,15913.0,,1034.0,,,,,,,,,,,,,,,4.62707,-76.07964,geonames
76828,Valle Del Cauca,Trujillo,,18667.0,,1935.0,,,,,,,,,,,,,,,4.23696,-76.3473,geonames
76834,Valle Del Cauca,Tuluá,,221684.0,,974.0,,,,,,,,,,,,,,,4.08466,-76.19536,geonames
76845,Valle Del Cauca,Ulloa,,5745.0,,1229.0,,,,,,,,,,,,,,,4.70745,-75.77781,geonames
76863,Valle Del Cauca,Versalles,,8270.0,,1676.0,,,,,,,,,,,,,,,4.66335,-76.24649,geonames
76869,Valle Del Cauca,Vijes,,9787.0,,1716.0,,,,,,,,,,,,,,,3.73283,-76.49363,geonames
76890,Valle Del Cauca,Yotoco,,15563.0,,1584.0,,,,,,,,,,,,,,,3.93169,-76.42494,geonames
76892,Valle Del Cauca,Yumbo,,92192.0,,1726.0,,,,,,,,,,,,,,,3.56989,-76.54378,geonames
76895,Valle Del Cauca,Zarzal,,40983.0,,934.0,,,,,,,,,,,,,,,4.3608,-76.04842,geonames
08001,Atlántico,Barranquilla,,1206319.0,,24.0,,,,,,,,,,,,,,,10.96854,-74.78132,geonames
08078,Atlántico,Baranoa,,68383.0,,120.0,,,,,,,,,,,,,,,10.79408,-74.9164,geonames
81001,Arauca,Arauca,,85585.0,,132.0,,,,,,,,,,,,,,,7.08471,-70.75908,geonames
81065,Arauca,Arauquita,,36745.0,,158.0,,,,,,,,,,,,,,,6.94583,-71.4697,geonames
81220,Arauca,Cravo Norte,,4787.0,,103.0,,,,,,,,,,,,,,,6.30173,-70.20415,geonames
81300,Arauca,Fortul,,21851.0,,392.0,,,,,,,,,,,,,,,6.74611,-71.85667,geonames
08137,Atlántico,Campo de La Cruz,,22810.0,,9.0,,,,,,,,,,,,,,,10.37808,-74.88356,geonames
08141,Atlántico,Candelaria,,87811.0,,957.0,,,,,,,,,,,,,,,3.38367,-76.42466,geonames
81591,Arauca,Puerto Rondón,,3962.0,,128.0,,,,,,,,,,,,,,,6.41889,-70.965,geonames
81736,Arauca,Saravena,,42766.0,,213.0,,,,,,,,,,,,,,,6.92056,-71.85333,geonames
81794,Arauca,Tame,,47576.0,,419.0,,,,,,,,,,,,,,,6.39833,-71.78389,geonames
08296,Atlántico,Galapa,,32012.0,,89.0,,,,,,,,,,,,,,,10.8979,-74.887,geonames
08372,Atlántico,Juan de Acosta,,18828.0,,51.0,,,,,,,,,,,,,,,10.8293,-75.03346,geonames
08421,Atlántico,Luruaco,,27647.0,,28.0,,,,,,,,,,,,,,,10.61712,-75.15146,geonames
08433,Atlántico,Malambo,,129148.0,,17.0,,,,,,,,,,,,,,,10.85953,-74.77386,geonames
08436,Atlántico,Manatí,,19233.0,,12.0,,,,,,,,,,,,,,,10.44589,-74.95869,geonames
85001,Casanare,Yopal,,168433.0,,426.0,,,,,,,,,,,,,,,5.33573,-72.3939,geonames
85010,Casanare,Aguazul,,44381.0,,279.0,,,,,,,,,,,,,,,5.09922,-72.57163,geonames
85015,Casanare,Chameza,,1820.0,,1566.0,,,,,,,,,,,,,,,5.19237,-72.88952,geonames
85125,Casanare,Hato Corozal,,10091.0,,131.0,,,,,,,,,,,,,,,6.16278,-70.99694,geonames
85136,Casanare,La Salina,,1310.0,,2616.0,,,,,,,,,,,,,,,6.18528,-72.34444,geonames
85139,Casanare,Maní,,13291.0,,178.0,,,,,,,,,,,,,,,4.81638,-72.27946,geonames
85162,Casanare,Monterrey,,14828.0,,477.0,,,,,,,,,,,,,,,4.82015,-72.87901,geonames
08520,Atlántico,Palmar de Varela,,27098.0,,12.0,,,,,,,,,,,,,,,10.74055,-74.75443,geonames
85225,Casanare,Nunchía,,8420.0,,229.0,,,,,,,,,,,,,,,5.54444,-72.10139,geonames
85230,Casanare,Orocué,,7717.0,,148.0,,,,,,,,,,,,,,,4.92194,-71.59722,geonames
85250,Casanare,Paz de Ariporo,,34446.0,,271.0,,,,,,,,,,,,,,,5.88148,-71.89167,geonames
85263,Casanare,Pore,,7968.0,,219.0,,,,,,,,,,,,,,,5.67083,-71.93,geonames
85279,Casanare,Recetor,,2608.0,,1168.0,,,,,,,,,,,,,,,5.22846,-72.78643,geonames
85300,Casanare,Sabanalarga,,102334.0,,97.0,,,,,,,,,,,,,,,10.63072,-74.92214,geonames
85315,Casanare,Sácama,,1706.0,,1323.0,,,,,,,,,,,,,,,6.05213,-72.21049,geonames
85325,Casanare,San Luis de Palenque,,7415.0,,155.0,,,,,,,,,,,,,,,5.28056,-71.58194,geonames
85400,Casanare,Támara,,7118.0,,1362.0,,,,,,,,,,,,,,,5.88972,-72.21306,geonames
85410,Casanare,Tauramena,,21709.0,,457.0,,,,,,,,,,,,,,,5.01789,-72.74675,geonames
85430,Casanare,Trinidad,,11734.0,,168.0,,,,,,,,,,,,,,,5.40849,-71.66196,geonames
85440,Casanare,Villanueva,,31727.0,,185.0,,,,,,,,,,,,,,,5.28333,-71.96667,geonames
08549,Atlántico,Piojó,,5017.0,,190.0,,,,,,,,,,,,,,,10.74613,-75.13797,geonames
08558,Atlántico,Polonuevo,,19454.0,,86.0,,,,,,,,,,,,,,,10.77697,-74.85344,geonames
08560,Atlántico,Ponedera,,23420.0,,15.0,,,,,,,,,,,,,,,10.64297,-74.75393,geonames
08573,Atlántico,Puerto Colombia,,27837.0,,25.0,,,,,,,,,,,,,,,11.00854,-74.90887,geonames
86001,Putumayo,Mocoa,,56398.0,,612.0,,,,,,,,,,,,,,,1.15284,-76.65208,geonames
08606,Atlántico,Repelón,,25467.0,,13.0,,,,,,,,,,,,,,,10.4952,-75.12448,geonames
86219,Putumayo,Colón,,9658.0,,2257.0,,,,,,,,,,,,,,,1.6285,-77.02927,geonames
86320,Putumayo,Orito,,57774.0,,349.0,,,,,,,,,,,,,,,0.66749,-76.87297,geonames
08634,Atlántico,Sabanagrande,,35044.0,,9.0,,,,,,,,,,,,,,,10.79115,-74.76059,geonames
08638,Atlántico,Sabanalarga,,102334.0,,97.0,,,,,,,,,,,,,,,10.63072,-74.92214,geonames
86568,Putumayo,Puerto Asís,,55759.0,,252.0,,,,,,,,,,,,,,,0.46155,-76.34227,geonames
86569,Putumayo,Puerto Caicedo,,14206.0,,278.0,,,,,,,,,,,,,,,0.67635,-76.41348,geonames
86571,Putumayo,Puerto Guzmán,,22679.0,,252.0,,,,,,,,,,,,,,,0.73047,-75.90611,geonames
86573,Putumayo,Leguízamo,,16044.0,,217.0,,,,,,,,,,,,,,,0.05683,-75.05832,geonames
86749,Putumayo,Sibundoy,,14104.0,,2754.0,,,,,,,,,,,,,,,1.22956,-76.90236,geonames
08675,Atlántico,Santa Lucía,,15760.0,,9.0,,,,,,,,,,,,,,,10.3242,-74.96017,geonames
86755,Putumayo,San Francisco,,8304.0,,1972.0,,,,,,,,,,,,,,,4.96335,-74.26613,geonames
86757,Putumayo,San Miguel,,21838.0,,307.0,,,,,,,,,,,,,,,0.343,-76.91,geonames
86760,Putumayo,Santiago,,9209.0,,3240.0,,,,,,,,,,,,,,,1.05363,-77.03893,geonames
08685,Atlántico,Santo Tomás,,28693.0,,10.0,,,,,,,,,,,,,,,10.75773,-74.75451,geonames
86865,Putumayo,Valle del Guamuez,,44959.0,,287.0,,,,,,,,,,,,,,,0.3558,-76.86734,geonames
86885,Putumayo,Villagarzón,,20785.0,,430.0,,,,,,,,,,,,,,,0.89663,-76.72794,geonames
08758,Atlántico,Soledad,,683486.0,,34.0,,,,,,,,,,,,,,,10.89986,-74.78787,geonames
08770,Atlántico,Suan,,10381.0,,10.0,,,,,,,,,,,,,,,10.33347,-74.88016,geonames
88001,Archipiélago De San Andrés,San Andrés,,58257.0,,-9999.0,,,,,,,,,,,,,,,12.57858,-81.69973,geonames
08832,Atlántico,Tubará,,10915.0,,225.0,,,,,,,,,,,,,,,10.91551,-74.98366,geonames
08849,Atlántico,Usiacurí,,9543.0,,112.0,,,,,,,,,,,,,,,10.74313,-74.97604,geonames
88564,Archipiélago De San Andrés,Providencia,,11699.0,,2369.0,,,,,,,,,,,,,,,1.24204,-77.60468,geonames
91001,Amazonas,Leticia,,48144.0,,84.0,,,,,,,,,,,,,,,-4.21079,-69.93944,geonames
91263,Amazonas,El Encanto,,4376.0,,167.0,,,,,,,,,,,,,,,-1.56261,-73.25684,geonames
91405,Amazonas,La Chorrera,,3337.0,,134.0,,,,,,,,,,,,,,,-1.48894,-72.72935,geonames
91407,Amazonas,La Pedrera,,3711.0,,118.0,,,,,,,,,,,,,,,-1.65596,-70.22186,geonames
91430,Amazonas,La Victoria,,13247.0,,960.0,,,,,,,,,,,,,,,4.47621,-75.98118,geonames
91460,Amazonas,Miriti - Paraná,,1643.0,,147.0,,,,,,,,,,,,,,,-0.81858,-70.78925,geonames
91530,Amazonas,Puerto Alegría,,1277.0,,164.0,,,,,,,,,,,,,,,-0.96886,-73.74962,geonames
91536,Amazonas,Puerto Arica,,1440.0,,144.0,,,,,,,,,,,,,,,-1.90677,-71.14653,geonames
91540,Amazonas,Puerto Nariño,,6983.0,,127.0,,,,,,,,,,,,,,,-3.60552,-70.41458,geonames
91669,Amazonas,Puerto Santander,,16275.0,,50.0,,,,,,,,,,,,,,,8.36361,-72.4063,geonames
91798,Amazonas,Tarapacá,,3775.0,,95.0,,,,,,,,,,,,,,,-2.88544,-69.77692,geonames
94001,Guainía,Inírida,,17866.0,,109.0,,,,,,,,,,,,,,,2.92409,-68.93526,geonames
94343,Guainía,Barranco Minas,,4384.0,,182.0,,,,,,,,,,,,,,,3.09899,-69.58297,geonames
94663,Guainía,Mapiripana,,3072.0,,170.0,,,,,,,,,,,,,,,2.81003,-70.28568,geonames
94883,Guainía,San Felipe,,1362.0,,115.0,,,,,,,,,,,,,,,2.14321,-67.34122,geonames
94884,Guainía,Puerto Colombia,,27837.0,,25.0,,,,,,,,,,,,,,,11.00854,-74.90887,geonames
94885,Guainía,La Guadalupe,,225.0,,109.0,,,,,,,,,,,,,,,1.39579,-67.0015,geonames
94886,Guainía,Cacahual,,1592.0,,100.0,,,,,,,,,,,,,,,3.32533,-67.62397,geonames
94887,Guainía,Pana Pana,,2224.0,,174.0,,,,,,,,,,,,,,,1.96249,-69.126,geonames
94888,Guainía,Morichal,,752.0,,183.0,,,,,,,,,,,,,,,2.4298,-69.83284,geonames
95001,Guaviare,San José del Guaviare,,53994.0,,226.0,,,,,,,,,,,,,,,2.55368,-72.07462,geonames
95015,Guaviare,Calamar,,22202.0,,5.0,,,,,,,,,,,,,,,10.23377,-74.9424,geonames
95025,Guaviare,El Retorno,,19063.0,,224.0,,,,,,,,,,,,,,,1.92608,-71.57561,geonames
95200,Guaviare,Miraflores,,11311.0,,230.0,,,,,,,,,,,,,,,1.3098,-72.0419,geonames
97001,Vaupés,Mitú,,29850.0,,174.0,,,,,,,,,,,,,,,1.25744,-70.23551,geonames
97161,Vaupés,Caruru,,3242.0,,218.0,,,,,,,,,,,,,,,1.02081,-71.33788,geonames
97511,Vaupés,Pacoa,,4459.0,,232.0,,,,,,,,,,,,,,,0.15636,-70.89274,geonames
97666,Vaupés,Taraira,,1048.0,,117.0,,,,,,,,,,,,,,,-0.74835,-69.89662,geonames
97777,Vaupés,Papunaua,,879.0,,207.0,,,,,,,,,,,,,,,1.68335,-70.70968,geonames
97889,Vaupés,Yavaraté,,1269.0,,167.0,,,,,,,,,,,,,,,0.82828,-69.62959,geonames
99001,Vichada,Puerto Carreño,,20936.0,,16.0,,,,,,,,,,,,,,,6.19041,-67.48391,geonames
99524,Vichada,La Primavera,,10616.0,,87.0,,,,,,,,,,,,,,,5.51465,-69.49786,geonames
99624,Vichada,Santa Rosalía,,3250.0,,133.0,,,,,,,,,,,,,,,5.02169,-70.65985,geonames
99773,Vichada,Cumaribo,,28718.0,,148.0,,,,,,,,,,,,,,,4.57565,-69.59554,geonames
