codigo_dane,departamento,municipio,subregion,provincia,categoria_municipal,cabecera_municipal,poblacion,altitud_ms_nm,temperatura_promedio,superficie_km2,latitud,longitud,anio_fundacion,gentilicio,festival_principal,fecha_inicio,fecha_fin,descripcion_festival,sitio_1,maps_1,sitio_2,maps_2,sitio_3,maps_3,hotel_1,wa_1,hotel_2,wa_2,hotel_3,wa_3,fuente_datos,estado_enriquecimiento,observaciones
05001,Antioquia,Medellín,,,,,,,,,,,,,,,,,,,,,,,,,,,,,,pendiente,
05002,Antioquia,Abejorral,,,,,,,,,,,,,,,,,,,,,,,,,,,,,,pendiente,
05004,Antioquia,Abriaquí,,,,,,,,,,,,,,,,,,,,,,,,,,,,,,pendiente,
05021,Antioquia,Alejandría,,,,,,,,,,,,,,,,,,,,,,,,,,,,,,pendiente,
05030,Antioquia,Amagá,,,,,,,,,,,,,,,,,,,,,,,,,,,,,,pendiente,
05031,Antioquia,Amalfi,,,,,,,,,,,,,,,,,,,,,,,,,,,,,,pendiente,
05034,Antioquia,Andes,,,,,,,,,,,,,,,,,,,,,,,,,,,,,,pendiente,
05036,Antioquia,Angelópolis,,,,,,,,,,,,,,,,,,,,,,,,,,,,,,pendiente,
05038,Antioquia,Angostura,,,,,,,,,,,,,,,,,,,,,,,,,,,,,,pendiente,
05040,Antioquia,Anorí,,,,,,,,,,,,,,,,,,,,,,,,,,,,,,pendiente,
05042,Antioquia,Santafé de Antioquia,,,,,,,,,,,,,,,,,,,,,,,,,,,,,,pendiente,
05044,Antioquia,Anza,,,,,,,,,,,,,,,,,,,,,,,,,,,,,,pendiente,
05045,Antioquia,Apartadó,,,,,,,,,,,,,,,,,,,,,,,,,,,,,,pendiente,
05051,Antioquia,Arboletes,,,,,,,,,,,,,,,,,,,,,,,,,,,,,,pendiente,
05055,Antioquia,Argelia,,,,,,,,,,,,,,,,,,,,,,,,,,,,,,pendiente,
05059,Antioquia,Armenia,,,,,,,,,,,,,,,,,,,,,,,,,,,,,,pendiente,
05079,Antioquia,Barbosa,,,,,,,,,,,,,,,,,,,,,,,,,,,,,,pendiente,
05086,Antioquia,Belmira,,,,,,,,,,,,,,,,,,,,,,,,,,,,,,pendiente,
05088,Antioquia,Bello,,,,,,,,,,,,,,,,,,,,,,,,,,,,,,pendiente,
05091,Antioquia,Betania,,,,,,,,,,,,,,,,,,,,,,,,,,,,,,pendiente,
05093,Antioquia,Betulia,,,,,,,,,,,,,,,,,,,,,,,,,,,,,,pendiente,
05101,Antioquia,Ciudad Bolívar,,,,,,,,,,,,,,,,,,,,,,,,,,,,,,pendiente,
05107,Antioquia,Briceño,,,,,,,,,,,,,,,,,,,,,,,,,,,,,,pendiente,
05113,Antioquia,Buriticá,,,,,,,,,,,,,,,,,,,,,,,,,,,,,,pendiente,
05120,Antioquia,Cáceres,,,,,,,,,,,,,,,,,,,,,,,,,,,,,,pendiente,
05125,Antioquia,Caicedo,,,,,,,,,,,,,,,,,,,,,,,,,,,,,,pendiente,
05129,Antioquia,Caldas,,,,,,,,,,,,,,,,,,,,,,,,,,,,,,pendiente,
05134,Antioquia,Campamento,,,,,,,,,,,,,,,,,,,,,,,,,,,,,,pendiente,
05138,Antioquia,Cañasgordas,,,,,,,,,,,,,,,,,,,,,,,,,,,,,,pendiente,
05142,Antioquia,Caracolí,,,,,,,,,,,,,,,,,,,,,,,,,,,,,,pendiente,
05145,Antioquia,Caramanta,,,,,,,,,,,,,,,,,,,,,,,,,,,,,,pendiente,
05147,Antioquia,Carepa,,,,,,,,,,,,,,,,,,,,,,,,,,,,,,pendiente,
05148,Antioquia,El Carmen de Viboral,,,,,,,,,,,,,,,,,,,,,,,,,,,,,,pendiente,
05150,Antioquia,Carolina,,,,,,,,,,,,,,,,,,,,,,,,,,,,,,pendiente,
05154,Antioquia,Caucasia,,,,,,,,,,,,,,,,,,,,,,,,,,,,,,pendiente,
05172,Antioquia,Chigorodó,,,,,,,,,,,,,,,,,,,,,,,,,,,,,,pendiente,
05190,Antioquia,Cisneros,,,,,,,,,,,,,,,,,,,,,,,,,,,,,,pendiente,
05197,Antioquia,Cocorná,,,,,,,,,,,,,,,,,,,,,,,,,,,,,,pendiente,
05206,Antioquia,Concepción,,,,,,,,,,,,,,,,,,,,,,,,,,,,,,pendiente,
05209,Antioquia,Concordia,,,,,,,,,,,,,,,,,,,,,,,,,,,,,,pendiente,
05212,Antioquia,Copacabana,,,,,,,,,,,,,,,,,,,,,,,,,,,,,,pendiente,
05234,Antioquia,Dabeiba,,,,,,,,,,,,,,,,,,,,,,,,,,,,,,pendiente,
05237,Antioquia,Don Matías,,,,,,,,,,,,,,,,,,,,,,,,,,,,,,pendiente,
05240,Antioquia,Ebéjico,,,,,,,,,,,,,,,,,,,,,,,,,,,,,,pendiente,
05250,Antioquia,El Bagre,,,,,,,,,,,,,,,,,,,,,,,,,,,,,,pendiente,
05264,Antioquia,Entrerrios,,,,,,,,,,,,,,,,,,,,,,,,,,,,,,pendiente,
05266,Antioquia,Envigado,,,,,,,,,,,,,,,,,,,,,,,,,,,,,,pendiente,
05282,Antioquia,Fredonia,,,,,,,,,,,,,,,,,,,,,,,,,,,,,,pendiente,
05284,Antioquia,Frontino,,,,,,,,,,,,,,,,,,,,,,,,,,,,,,pendiente,
05306,Antioquia,Giraldo,,,,,,,,,,,,,,,,,,,,,,,,,,,,,,pendiente,
05308,Antioquia,Girardota,,,,,,,,,,,,,,,,,,,,,,,,,,,,,,pendiente,
05310,Antioquia,Gómez Plata,,,,,,,,,,,,,,,,,,,,,,,,,,,,,,pendiente,
05313,Antioquia,Granada,,,,,,,,,,,,,,,,,,,,,,,,,,,,,,pendiente,
05315,Antioquia,Guadalupe,,,,,,,,,,,,,,,,,,,,,,,,,,,,,,pendiente,
05318,Antioquia,Guarne,,,,,,,,,,,,,,,,,,,,,,,,,,,,,,pendiente,
05321,Antioquia,Guatapé,,,,,,,,,,,,,,,,,,,,,,,,,,,,,,pendiente,
05347,Antioquia,Heliconia,,,,,,,,,,,,,,,,,,,,,,,,,,,,,,pendiente,
05353,Antioquia,Hispania,,,,,,,,,,,,,,,,,,,,,,,,,,,,,,pendiente,
05360,Antioquia,Itagui,,,,,,,,,,,,,,,,,,,,,,,,,,,,,,pendiente,
05361,Antioquia,Ituango,,,,,,,,,,,,,,,,,,,,,,,,,,,,,,pendiente,
05364,Antioquia,Jardín,,,,,,,,,,,,,,,,,,,,,,,,,,,,,,pendiente,
05368,Antioquia,Jericó,,,,,,,,,,,,,,,,,,,,,,,,,,,,,,pendiente,
05376,Antioquia,La Ceja,,,,,,,,,,,,,,,,,,,,,,,,,,,,,,pendiente,
05380,Antioquia,La Estrella,,,,,,,,,,,,,,,,,,,,,,,,,,,,,,pendiente,
05390,Antioquia,La Pintada,,,,,,,,,,,,,,,,,,,,,,,,,,,,,,pendiente,
05400,Antioquia,La Unión,,,,,,,,,,,,,,,,,,,,,,,,,,,,,,pendiente,
05411,Antioquia,Liborina,,,,,,,,,,,,,,,,,,,,,,,,,,,,,,pendiente,
05425,Antioquia,Maceo,,,,,,,,,,,,,,,,,,,,,,,,,,,,,,pendiente,
05440,Antioquia,Marinilla,,,,,,,,,,,,,,,,,,,,,,,,,,,,,,pendiente,
05467,Antioquia,Montebello,,,,,,,,,,,,,,,,,,,,,,,,,,,,,,pendiente,
05475,Antioquia,Murindó,,,,,,,,,,,,,,,,,,,,,,,,,,,,,,pendiente,
05480,Antioquia,Mutatá,,,,,,,,,,,,,,,,,,,,,,,,,,,,,,pendiente,
05483,Antioquia,Nariño,,,,,,,,,,,,,,,,,,,,,,,,,,,,,,pendiente,
05490,Antioquia,Necoclí,,,,,,,,,,,,,,,,,,,,,,,,,,,,,,pendiente,
05495,Antioquia,Nechí,,,,,,,,,,,,,,,,,,,,,,,,,,,,,,pendiente,
05501,Antioquia,Olaya,,,,,,,,,,,,,,,,,,,,,,,,,,,,,,pendiente,
05541,Antioquia,Peñol,,,,,,,,,,,,,,,,,,,,,,,,,,,,,,pendiente,
05543,Antioquia,Peque,,,,,,,,,,,,,,,,,,,,,,,,,,,,,,pendiente,
05576,Antioquia,Pueblorrico,,,,,,,,,,,,,,,,,,,,,,,,,,,,,,pendiente,
05579,Antioquia,Puerto Berrío,,,,,,,,,,,,,,,,,,,,,,,,,,,,,,pendiente,
05585,Antioquia,Puerto Nare,,,,,,,,,,,,,,,,,,,,,,,,,,,,,,pendiente,
05591,Antioquia,Puerto Triunfo,,,,,,,,,,,,,,,,,,,,,,,,,,,,,,pendiente,
05604,Antioquia,Remedios,,,,,,,,,,,,,,,,,,,,,,,,,,,,,,pendiente,
05607,Antioquia,Retiro,,,,,,,,,,,,,,,,,,,,,,,,,,,,,,pendiente,
05615,Antioquia,Rionegro,,,,,,,,,,,,,,,,,,,,,,,,,,,,,,pendiente,
05628,Antioquia,Sabanalarga,,,,,,,,,,,,,,,,,,,,,,,,,,,,,,pendiente,
05631,Antioquia,Sabaneta,,,,,,,,,,,,,,,,,,,,,,,,,,,,,,pendiente,
05642,Antioquia,Salgar,,,,,,,,,,,,,,,,,,,,,,,,,,,,,,pendiente,
05647,Antioquia,San Andrés de Cuerquía,,,,,,,,,,,,,,,,,,,,,,,,,,,,,,pendiente,
05649,Antioquia,San Carlos,,,,,,,,,,,,,,,,,,,,,,,,,,,,,,pendiente,
05652,Antioquia,San Francisco,,,,,,,,,,,,,,,,,,,,,,,,,,,,,,pendiente,
05656,Antioquia,San Jerónimo,,,,,,,,,,,,,,,,,,,,,,,,,,,,,,pendiente,
05658,Antioquia,San José de La Montaña,,,,,,,,,,,,,,,,,,,,,,,,,,,,,,pendiente,
05659,Antioquia,San Juan de Urabá,,,,,,,,,,,,,,,,,,,,,,,,,,,,,,pendiente,
05660,Antioquia,San Luis,,,,,,,,,,,,,,,,,,,,,,,,,,,,,,pendiente,
05664,Antioquia,San Pedro,,,,,,,,,,,,,,,,,,,,,,,,,,,,,,pendiente,
05665,Antioquia,San Pedro de Uraba,,,,,,,,,,,,,,,,,,,,,,,,,,,,,,pendiente,
05667,Antioquia,San Rafael,,,,,,,,,,,,,,,,,,,,,,,,,,,,,,pendiente,
05670,Antioquia,San Roque,,,,,,,,,,,,,,,,,,,,,,,,,,,,,,pendiente,
05674,Antioquia,San Vicente,,,,,,,,,,,,,,,,,,,,,,,,,,,,,,pendiente,
05679,Antioquia,Santa Bárbara,,,,,,,,,,,,,,,,,,,,,,,,,,,,,,pendiente,
05686,Antioquia,Santa Rosa de Osos,,,,,,,,,,,,,,,,,,,,,,,,,,,,,,pendiente,
05690,Antioquia,Santo Domingo,,,,,,,,,,,,,,,,,,,,,,,,,,,,,,pendiente,
05697,Antioquia,El Santuario,,,,,,,,,,,,,,,,,,,,,,,,,,,,,,pendiente,
05736,Antioquia,Segovia,,,,,,,,,,,,,,,,,,,,,,,,,,,,,,pendiente,
05756,Antioquia,Sonson,,,,,,,,,,,,,,,,,,,,,,,,,,,,,,pendiente,
05761,Antioquia,Sopetrán,,,,,,,,,,,,,,,,,,,,,,,,,,,,,,pendiente,
05789,Antioquia,Támesis,,,,,,,,,,,,,,,,,,,,,,,,,,,,,,pendiente,
05790,Antioquia,Tarazá,,,,,,,,,,,,,,,,,,,,,,,,,,,,,,pendiente,
05792,Antioquia,Tarso,,,,,,,,,,,,,,,,,,,,,,,,,,,,,,pendiente,
05809,Antioquia,Titiribí,,,,,,,,,,,,,,,,,,,,,,,,,,,,,,pendiente,
05819,Antioquia,Toledo,,,,,,,,,,,,,,,,,,,,,,,,,,,,,,pendiente,
05837,Antioquia,Turbo,,,,,,,,,,,,,,,,,,,,,,,,,,,,,,pendiente,
05842,Antioquia,Uramita,,,,,,,,,,,,,,,,,,,,,,,,,,,,,,pendiente,
05847,Antioquia,Urrao,,,,,,,,,,,,,,,,,,,,,,,,,,,,,,pendiente,
05854,Antioquia,Valdivia,,,,,,,,,,,,,,,,,,,,,,,,,,,,,,pendiente,
05856,Antioquia,Valparaíso,,,,,,,,,,,,,,,,,,,,,,,,,,,,,,pendiente,
05858,Antioquia,Vegachí,,,,,,,,,,,,,,,,,,,,,,,,,,,,,,pendiente,
05861,Antioquia,Venecia,,,,,,,,,,,,,,,,,,,,,,,,,,,,,,pendiente,
05873,Antioquia,Vigía del Fuerte,,,,,,,,,,,,,,,,,,,,,,,,,,,,,,pendiente,
05885,Antioquia,Yalí,,,,,,,,,,,,,,,,,,,,,,,,,,,,,,pendiente,
05887,Antioquia,Yarumal,,,,,,,,,,,,,,,,,,,,,,,,,,,,,,pendiente,
05890,Antioquia,Yolombó,,,,,,,,,,,,,,,,,,,,,,,,,,,,,,pendiente,
05893,Antioquia,Yondó,,,,,,,,,,,,,,,,,,,,,,,,,,,,,,pendiente,
05895,Antioquia,Zaragoza,,,,,,,,,,,,,,,,,,,,,,,,,,,,,,pendiente,
08001,Atlántico,Barranquilla,,,,,,,,,,,,,,,,,,,,,,,,,,,,,,pendiente,
08078,Atlántico,Baranoa,,,,,,,,,,,,,,,,,,,,,,,,,,,,,,pendiente,
08137,Atlántico,Campo de La Cruz,,,,,,,,,,,,,,,,,,,,,,,,,,,,,,pendiente,
08141,Atlántico,Candelaria,,,,,,,,,,,,,,,,,,,,,,,,,,,,,,pendiente,
08296,Atlántico,Galapa,,,,,,,,,,,,,,,,,,,,,,,,,,,,,,pendiente,
08372,Atlántico,Juan de Acosta,,,,,,,,,,,,,,,,,,,,,,,,,,,,,,pendiente,
08421,Atlántico,Luruaco,,,,,,,,,,,,,,,,,,,,,,,,,,,,,,pendiente,
08433,Atlántico,Malambo,,,,,,,,,,,,,,,,,,,,,,,,,,,,,,pendiente,
08436,Atlántico,Manatí,,,,,,,,,,,,,,,,,,,,,,,,,,,,,,pendiente,
08520,Atlántico,Palmar de Varela,,,,,,,,,,,,,,,,,,,,,,,,,,,,,,pendiente,
08549,Atlántico,Piojó,,,,,,,,,,,,,,,,,,,,,,,,,,,,,,pendiente,
08558,Atlántico,Polonuevo,,,,,,,,,,,,,,,,,,,,,,,,,,,,,,pendiente,
08560,Atlántico,Ponedera,,,,,,,,,,,,,,,,,,,,,,,,,,,,,,pendiente,
08573,Atlántico,Puerto Colombia,,,,,,,,,,,,,,,,,,,,,,,,,,,,,,pendiente,
08606,Atlántico,Repelón,,,,,,,,,,,,,,,,,,,,,,,,,,,,,,pendiente,
08634,Atlántico,Sabanagrande,,,,,,,,,,,,,,,,,,,,,,,,,,,,,,pendiente,
08638,Atlántico,Sabanalarga,,,,,,,,,,,,,,,,,,,,,,,,,,,,,,pendiente,
08675,Atlántico,Santa Lucía,,,,,,,,,,,,,,,,,,,,,,,,,,,,,,pendiente,
08685,Atlántico,Santo Tomás,,,,,,,,,,,,,,,,,,,,,,,,,,,,,,pendiente,
08758,Atlántico,Soledad,,,,,,,,,,,,,,,,,,,,,,,,,,,,,,pendiente,
08770,Atlántico,Suan,,,,,,,,,,,,,,,,,,,,,,,,,,,,,,pendiente,
08832,Atlántico,Tubará,,,,,,,,,,,,,,,,,,,,,,,,,,,,,,pendiente,
08849,Atlántico,Usiacurí,,,,,,,,,,,,,,,,,,,,,,,,,,,,,,pendiente,
11001,"Bogotá, D.C.","Bogotá, D.C.",,,,,,,,,,,,,,,,,,,,,,,,,,,,,,pendiente,
13001,Bolívar,Cartagena,,,,,,,,,,,,,,,,,,,,,,,,,,,,,,pendiente,
13006,Bolívar,Achí,,,,,,,,,,,,,,,,,,,,,,,,,,,,,,pendiente,
13030,Bolívar,Altos del Rosario,,,,,,,,,,,,,,,,,,,,,,,,,,,,,,pendiente,
13042,Bolívar,Arenal,,,,,,,,,,,,,,,,,,,,,,,,,,,,,,pendiente,
13052,Bolívar,Arjona,,,,,,,,,,,,,,,,,,,,,,,,,,,,,,pendiente,
13062,Bolívar,Arroyohondo,,,,,,,,,,,,,,,,,,,,,,,,,,,,,,pendiente,
13074,Bolívar,Barranco de Loba,,,,,,,,,,,,,,,,,,,,,,,,,,,,,,pendiente,
13140,Bolívar,Calamar,,,,,,,,,,,,,,,,,,,,,,,,,,,,,,pendiente,
13160,Bolívar,Cantagallo,,,,,,,,,,,,,,,,,,,,,,,,,,,,,,pendiente,
13188,Bolívar,Cicuco,,,,,,,,,,,,,,,,,,,,,,,,,,,,,,pendiente,
13212,Bolívar,Córdoba,,,,,,,,,,,,,,,,,,,,,,,,,,,,,,pendiente,
13222,Bolívar,Clemencia,,,,,,,,,,,,,,,,,,,,,,,,,,,,,,pendiente,
13244,Bolívar,El Carmen de Bolívar,,,,,,,,,,,,,,,,,,,,,,,,,,,,,,pendiente,
13248,Bolívar,El Guamo,,,,,,,,,,,,,,,,,,,,,,,,,,,,,,pendiente,
13268,Bolívar,El Peñón,,,,,,,,,,,,,,,,,,,,,,,,,,,,,,pendiente,
13300,Bolívar,Hatillo de Loba,,,,,,,,,,,,,,,,,,,,,,,,,,,,,,pendiente,
13430,Bolívar,Magangué,,,,,,,,,,,,,,,,,,,,,,,,,,,,,,pendiente,
13433,Bolívar,Mahates,,,,,,,,,,,,,,,,,,,,,,,,,,,,,,pendiente,
13440,Bolívar,Margarita,,,,,,,,,,,,,,,,,,,,,,,,,,,,,,pendiente,
13442,Bolívar,María La Baja,,,,,,,,,,,,,,,,,,,,,,,,,,,,,,pendiente,
13458,Bolívar,Montecristo,,,,,,,,,,,,,,,,,,,,,,,,,,,,,,pendiente,
13468,Bolívar,Mompós,,,,,,,,,,,,,,,,,,,,,,,,,,,,,,pendiente,
13473,Bolívar,Morales,,,,,,,,,,,,,,,,,,,,,,,,,,,,,,pendiente,
13549,Bolívar,Pinillos,,,,,,,,,,,,,,,,,,,,,,,,,,,,,,pendiente,
13580,Bolívar,Regidor,,,,,,,,,,,,,,,,,,,,,,,,,,,,,,pendiente,
13600,Bolívar,Río Viejo,,,,,,,,,,,,,,,,,,,,,,,,,,,,,,pendiente,
13620,Bolívar,San Cristóbal,,,,,,,,,,,,,,,,,,,,,,,,,,,,,,pendiente,
13647,Bolívar,San Estanislao,,,,,,,,,,,,,,,,,,,,,,,,,,,,,,pendiente,
13650,Bolívar,San Fernando,,,,,,,,,,,,,,,,,,,,,,,,,,,,,,pendiente,
13654,Bolívar,San Jacinto,,,,,,,,,,,,,,,,,,,,,,,,,,,,,,pendiente,
13655,Bolívar,San Jacinto del Cauca,,,,,,,,,,,,,,,,,,,,,,,,,,,,,,pendiente,
13657,Bolívar,San Juan Nepomuceno,,,,,,,,,,,,,,,,,,,,,,,,,,,,,,pendiente,
13667,Bolívar,San Martín de Loba,,,,,,,,,,,,,,,,,,,,,,,,,,,,,,pendiente,
13670,Bolívar,San Pablo,,,,,,,,,,,,,,,,,,,,,,,,,,,,,,pendiente,
13673,Bolívar,Santa Catalina,,,,,,,,,,,,,,,,,,,,,,,,,,,,,,pendiente,
13683,Bolívar,Santa Rosa,,,,,,,,,,,,,,,,,,,,,,,,,,,,,,pendiente,
13688,Bolívar,Santa Rosa del Sur,,,,,,,,,,,,,,,,,,,,,,,,,,,,,,pendiente,
13744,Bolívar,Simití,,,,,,,,,,,,,,,,,,,,,,,,,,,,,,pendiente,
13760,Bolívar,Soplaviento,,,,,,,,,,,,,,,,,,,,,,,,,,,,,,pendiente,
13780,Bolívar,Talaigua Nuevo,,,,,,,,,,,,,,,,,,,,,,,,,,,,,,pendiente,
13810,Bolívar,Tiquisio,,,,,,,,,,,,,,,,,,,,,,,,,,,,,,pendiente,
13836,Bolívar,Turbaco,,,,,,,,,,,,,,,,,,,,,,,,,,,,,,pendiente,
13838,Bolívar,Turbaná,,,,,,,,,,,,,,,,,,,,,,,,,,,,,,pendiente,
13873,Bolívar,Villanueva,,,,,,,,,,,,,,,,,,,,,,,,,,,,,,pendiente,
13894,Bolívar,Zambrano,,,,,,,,,,,,,,,,,,,,,,,,,,,,,,pendiente,
15001,Boyacá,Tunja,,,,,,,,,,,,,,,,,,,,,,,,,,,,,,pendiente,
15022,Boyacá,Almeida,,,,,,,,,,,,,,,,,,,,,,,,,,,,,,pendiente,
15047,Boyacá,Aquitania,,,,,,,,,,,,,,,,,,,,,,,,,,,,,,pendiente,
15051,Boyacá,Arcabuco,,,,,,,,,,,,,,,,,,,,,,,,,,,,,,pendiente,
15087,Boyacá,Belén,,,,,,,,,,,,,,,,,,,,,,,,,,,,,,pendiente,
15090,Boyacá,Berbeo,,,,,,,,,,,,,,,,,,,,,,,,,,,,,,pendiente,
15092,Boyacá,Betéitiva,,,,,,,,,,,,,,,,,,,,,,,,,,,,,,pendiente,
15097,Boyacá,Boavita,,,,,,,,,,,,,,,,,,,,,,,,,,,,,,pendiente,
15104,Boyacá,Boyacá,,,,,,,,,,,,,,,,,,,,,,,,,,,,,,pendiente,
15106,Boyacá,Briceño,,,,,,,,,,,,,,,,,,,,,,,,,,,,,,pendiente,
15109,Boyacá,Buenavista,,,,,,,,,,,,,,,,,,,,,,,,,,,,,,pendiente,
15114,Boyacá,Busbanzá,,,,,,,,,,,,,,,,,,,,,,,,,,,,,,pendiente,
15131,Boyacá,Caldas,,,,,,,,,,,,,,,,,,,,,,,,,,,,,,pendiente,
15135,Boyacá,Campohermoso,,,,,,,,,,,,,,,,,,,,,,,,,,,,,,pendiente,
15162,Boyacá,Cerinza,,,,,,,,,,,,,,,,,,,,,,,,,,,,,,pendiente,
15172,Boyacá,Chinavita,,,,,,,,,,,,,,,,,,,,,,,,,,,,,,pendiente,
15176,Boyacá,Chiquinquirá,,,,,,,,,,,,,,,,,,,,,,,,,,,,,,pendiente,
15180,Boyacá,Chiscas,,,,,,,,,,,,,,,,,,,,,,,,,,,,,,pendiente,
15183,Boyacá,Chita,,,,,,,,,,,,,,,,,,,,,,,,,,,,,,pendiente,
15185,Boyacá,Chitaraque,,,,,,,,,,,,,,,,,,,,,,,,,,,,,,pendiente,
15187,Boyacá,Chivatá,,,,,,,,,,,,,,,,,,,,,,,,,,,,,,pendiente,
15189,Boyacá,Ciénega,,,,,,,,,,,,,,,,,,,,,,,,,,,,,,pendiente,
15204,Boyacá,Cómbita,,,,,,,,,,,,,,,,,,,,,,,,,,,,,,pendiente,
15212,Boyacá,Coper,,,,,,,,,,,,,,,,,,,,,,,,,,,,,,pendiente,
15215,Boyacá,Corrales,,,,,,,,,,,,,,,,,,,,,,,,,,,,,,pendiente,
15218,Boyacá,Covarachía,,,,,,,,,,,,,,,,,,,,,,,,,,,,,,pendiente,
15223,Boyacá,Cubará,,,,,,,,,,,,,,,,,,,,,,,,,,,,,,pendiente,
15224,Boyacá,Cucaita,,,,,,,,,,,,,,,,,,,,,,,,,,,,,,pendiente,
15226,Boyacá,Cuítiva,,,,,,,,,,,,,,,,,,,,,,,,,,,,,,pendiente,
15232,Boyacá,Chíquiza,,,,,,,,,,,,,,,,,,,,,,,,,,,,,,pendiente,
15236,Boyacá,Chivor,,,,,,,,,,,,,,,,,,,,,,,,,,,,,,pendiente,
15238,Boyacá,Duitama,,,,,,,,,,,,,,,,,,,,,,,,,,,,,,pendiente,
15244,Boyacá,El Cocuy,,,,,,,,,,,,,,,,,,,,,,,,,,,,,,pendiente,
15248,Boyacá,El Espino,,,,,,,,,,,,,,,,,,,,,,,,,,,,,,pendiente,
15272,Boyacá,Firavitoba,,,,,,,,,,,,,,,,,,,,,,,,,,,,,,pendiente,
15276,Boyacá,Floresta,,,,,,,,,,,,,,,,,,,,,,,,,,,,,,pendiente,
15293,Boyacá,Gachantivá,,,,,,,,,,,,,,,,,,,,,,,,,,,,,,pendiente,
15296,Boyacá,Gameza,,,,,,,,,,,,,,,,,,,,,,,,,,,,,,pendiente,
15299,Boyacá,Garagoa,,,,,,,,,,,,,,,,,,,,,,,,,,,,,,pendiente,
15317,Boyacá,Guacamayas,,,,,,,,,,,,,,,,,,,,,,,,,,,,,,pendiente,
15322,Boyacá,Guateque,,,,,,,,,,,,,,,,,,,,,,,,,,,,,,pendiente,
15325,Boyacá,Guayatá,,,,,,,,,,,,,,,,,,,,,,,,,,,,,,pendiente,
15332,Boyacá,Güicán,,,,,,,,,,,,,,,,,,,,,,,,,,,,,,pendiente,
15362,Boyacá,Iza,,,,,,,,,,,,,,,,,,,,,,,,,,,,,,pendiente,
15367,Boyacá,Jenesano,,,,,,,,,,,,,,,,,,,,,,,,,,,,,,pendiente,
15368,Boyacá,Jericó,,,,,,,,,,,,,,,,,,,,,,,,,,,,,,pendiente,
15377,Boyacá,Labranzagrande,,,,,,,,,,,,,,,,,,,,,,,,,,,,,,pendiente,
15380,Boyacá,La Capilla,,,,,,,,,,,,,,,,,,,,,,,,,,,,,,pendiente,
15401,Boyacá,La Victoria,,,,,,,,,,,,,,,,,,,,,,,,,,,,,,pendiente,
15403,Boyacá,La Uvita,,,,,,,,,,,,,,,,,,,,,,,,,,,,,,pendiente,
15407,Boyacá,Villa de Leyva,,,,,,,,,,,,,,,,,,,,,,,,,,,,,,pendiente,
15425,Boyacá,Macanal,,,,,,,,,,,,,,,,,,,,,,,,,,,,,,pendiente,
15442,Boyacá,Maripí,,,,,,,,,,,,,,,,,,,,,,,,,,,,,,pendiente,
15455,Boyacá,Miraflores,,,,,,,,,,,,,,,,,,,,,,,,,,,,,,pendiente,
15464,Boyacá,Mongua,,,,,,,,,,,,,,,,,,,,,,,,,,,,,,pendiente,
15466,Boyacá,Monguí,,,,,,,,,,,,,,,,,,,,,,,,,,,,,,pendiente,
15469,Boyacá,Moniquirá,,,,,,,,,,,,,,,,,,,,,,,,,,,,,,pendiente,
15476,Boyacá,Motavita,,,,,,,,,,,,,,,,,,,,,,,,,,,,,,pendiente,
15480,Boyacá,Muzo,,,,,,,,,,,,,,,,,,,,,,,,,,,,,,pendiente,
15491,Boyacá,Nobsa,,,,,,,,,,,,,,,,,,,,,,,,,,,,,,pendiente,
15494,Boyacá,Nuevo Colón,,,,,,,,,,,,,,,,,,,,,,,,,,,,,,pendiente,
15500,Boyacá,Oicatá,,,,,,,,,,,,,,,,,,,,,,,,,,,,,,pendiente,
15507,Boyacá,Otanche,,,,,,,,,,,,,,,,,,,,,,,,,,,,,,pendiente,
15511,Boyacá,Pachavita,,,,,,,,,,,,,,,,,,,,,,,,,,,,,,pendiente,
15514,Boyacá,Páez,,,,,,,,,,,,,,,,,,,,,,,,,,,,,,pendiente,
15516,Boyacá,Paipa,,,,,,,,,,,,,,,,,,,,,,,,,,,,,,pendiente,
15518,Boyacá,Pajarito,,,,,,,,,,,,,,,,,,,,,,,,,,,,,,pendiente,
15522,Boyacá,Panqueba,,,,,,,,,,,,,,,,,,,,,,,,,,,,,,pendiente,
15531,Boyacá,Pauna,,,,,,,,,,,,,,,,,,,,,,,,,,,,,,pendiente,
15533,Boyacá,Paya,,,,,,,,,,,,,,,,,,,,,,,,,,,,,,pendiente,
15537,Boyacá,Paz de Río,,,,,,,,,,,,,,,,,,,,,,,,,,,,,,pendiente,
15542,Boyacá,Pesca,,,,,,,,,,,,,,,,,,,,,,,,,,,,,,pendiente,
15550,Boyacá,Pisba,,,,,,,,,,,,,,,,,,,,,,,,,,,,,,pendiente,
15572,Boyacá,Puerto Boyacá,,,,,,,,,,,,,,,,,,,,,,,,,,,,,,pendiente,
15580,Boyacá,Quípama,,,,,,,,,,,,,,,,,,,,,,,,,,,,,,pendiente,
15599,Boyacá,Ramiriquí,,,,,,,,,,,,,,,,,,,,,,,,,,,,,,pendiente,
15600,Boyacá,Ráquira,,,,,,,,,,,,,,,,,,,,,,,,,,,,,,pendiente,
15621,Boyacá,Rondón,,,,,,,,,,,,,,,,,,,,,,,,,,,,,,pendiente,
15632,Boyacá,Saboyá,,,,,,,,,,,,,,,,,,,,,,,,,,,,,,pendiente,
15638,Boyacá,Sáchica,,,,,,,,,,,,,,,,,,,,,,,,,,,,,,pendiente,
15646,Boyacá,Samacá,,,,,,,,,,,,,,,,,,,,,,,,,,,,,,pendiente,
15660,Boyacá,San Eduardo,,,,,,,,,,,,,,,,,,,,,,,,,,,,,,pendiente,
15664,Boyacá,San José de Pare,,,,,,,,,,,,,,,,,,,,,,,,,,,,,,pendiente,
15667,Boyacá,San Luis de Gaceno,,,,,,,,,,,,,,,,,,,,,,,,,,,,,,pendiente,
15673,Boyacá,San Mateo,,,,,,,,,,,,,,,,,,,,,,,,,,,,,,pendiente,
15676,Boyacá,San Miguel de Sema,,,,,,,,,,,,,,,,,,,,,,,,,,,,,,pendiente,
15681,Boyacá,San Pablo de Borbur,,,,,,,,,,,,,,,,,,,,,,,,,,,,,,pendiente,
15686,Boyacá,Santana,,,,,,,,,,,,,,,,,,,,,,,,,,,,,,pendiente,
15690,Boyacá,Santa María,,,,,,,,,,,,,,,,,,,,,,,,,,,,,,pendiente,
15693,Boyacá,Santa Rosa de Viterbo,,,,,,,,,,,,,,,,,,,,,,,,,,,,,,pendiente,
15696,Boyacá,Santa Sofía,,,,,,,,,,,,,,,,,,,,,,,,,,,,,,pendiente,
15720,Boyacá,Sativanorte,,,,,,,,,,,,,,,,,,,,,,,,,,,,,,pendiente,
15723,Boyacá,Sativasur,,,,,,,,,,,,,,,,,,,,,,,,,,,,,,pendiente,
15740,Boyacá,Siachoque,,,,,,,,,,,,,,,,,,,,,,,,,,,,,,pendiente,
15753,Boyacá,Soatá,,,,,,,,,,,,,,,,,,,,,,,,,,,,,,pendiente,
15755,Boyacá,Socotá,,,,,,,,,,,,,,,,,,,,,,,,,,,,,,pendiente,
15757,Boyacá,Socha,,,,,,,,,,,,,,,,,,,,,,,,,,,,,,pendiente,
15759,Boyacá,Sogamoso,,,,,,,,,,,,,,,,,,,,,,,,,,,,,,pendiente,
15761,Boyacá,Somondoco,,,,,,,,,,,,,,,,,,,,,,,,,,,,,,pendiente,
15762,Boyacá,Sora,,,,,,,,,,,,,,,,,,,,,,,,,,,,,,pendiente,
15763,Boyacá,Sotaquirá,,,,,,,,,,,,,,,,,,,,,,,,,,,,,,pendiente,
15764,Boyacá,Soracá,,,,,,,,,,,,,,,,,,,,,,,,,,,,,,pendiente,
15774,Boyacá,Susacón,,,,,,,,,,,,,,,,,,,,,,,,,,,,,,pendiente,
15776,Boyacá,Sutamarchán,,,,,,,,,,,,,,,,,,,,,,,,,,,,,,pendiente,
15778,Boyacá,Sutatenza,,,,,,,,,,,,,,,,,,,,,,,,,,,,,,pendiente,
15790,Boyacá,Tasco,,,,,,,,,,,,,,,,,,,,,,,,,,,,,,pendiente,
15798,Boyacá,Tenza,,,,,,,,,,,,,,,,,,,,,,,,,,,,,,pendiente,
15804,Boyacá,Tibaná,,,,,,,,,,,,,,,,,,,,,,,,,,,,,,pendiente,
15806,Boyacá,Tibasosa,,,,,,,,,,,,,,,,,,,,,,,,,,,,,,pendiente,
15808,Boyacá,Tinjacá,,,,,,,,,,,,,,,,,,,,,,,,,,,,,,pendiente,
15810,Boyacá,Tipacoque,,,,,,,,,,,,,,,,,,,,,,,,,,,,,,pendiente,
15814,Boyacá,Toca,,,,,,,,,,,,,,,,,,,,,,,,,,,,,,pendiente,
15816,Boyacá,Togüí,,,,,,,,,,,,,,,,,,,,,,,,,,,,,,pendiente,
15820,Boyacá,Tópaga,,,,,,,,,,,,,,,,,,,,,,,,,,,,,,pendiente,
15822,Boyacá,Tota,,,,,,,,,,,,,,,,,,,,,,,,,,,,,,pendiente,
15832,Boyacá,Tununguá,,,,,,,,,,,,,,,,,,,,,,,,,,,,,,pendiente,
15835,Boyacá,Turmequé,,,,,,,,,,,,,,,,,,,,,,,,,,,,,,pendiente,
15837,Boyacá,Tuta,,,,,,,,,,,,,,,,,,,,,,,,,,,,,,pendiente,
15839,Boyacá,Tutazá,,,,,,,,,,,,,,,,,,,,,,,,,,,,,,pendiente,
15842,Boyacá,Umbita,,,,,,,,,,,,,,,,,,,,,,,,,,,,,,pendiente,
15861,Boyacá,Ventaquemada,,,,,,,,,,,,,,,,,,,,,,,,,,,,,,pendiente,
15879,Boyacá,Viracachá,,,,,,,,,,,,,,,,,,,,,,,,,,,,,,pendiente,
15897,Boyacá,Zetaquira,,,,,,,,,,,,,,,,,,,,,,,,,,,,,,pendiente,
17001,Caldas,Manizales,,,,,,,,,,,,,,,,,,,,,,,,,,,,,,pendiente,
17013,Caldas,Aguadas,,,,,,,,,,,,,,,,,,,,,,,,,,,,,,pendiente,
17042,Caldas,Anserma,,,,,,,,,,,,,,,,,,,,,,,,,,,,,,pendiente,
17050,Caldas,Aranzazu,,,,,,,,,,,,,,,,,,,,,,,,,,,,,,pendiente,
17088,Caldas,Belalcázar,,,,,,,,,,,,,,,,,,,,,,,,,,,,,,pendiente,
17174,Caldas,Chinchiná,,,,,,,,,,,,,,,,,,,,,,,,,,,,,,pendiente,
17272,Caldas,Filadelfia,,,,,,,,,,,,,,,,,,,,,,,,,,,,,,pendiente,
17380,Caldas,La Dorada,,,,,,,,,,,,,,,,,,,,,,,,,,,,,,pendiente,
17388,Caldas,La Merced,,,,,,,,,,,,,,,,,,,,,,,,,,,,,,pendiente,
17433,Caldas,Manzanares,,,,,,,,,,,,,,,,,,,,,,,,,,,,,,pendiente,
17442,Caldas,Marmato,,,,,,,,,,,,,,,,,,,,,,,,,,,,,,pendiente,
17444,Caldas,Marquetalia,,,,,,,,,,,,,,,,,,,,,,,,,,,,,,pendiente,
17446,Caldas,Marulanda,,,,,,,,,,,,,,,,,,,,,,,,,,,,,,pendiente,
17486,Caldas,Neira,,,,,,,,,,,,,,,,,,,,,,,,,,,,,,pendiente,
17495,Caldas,Norcasia,,,,,,,,,,,,,,,,,,,,,,,,,,,,,,pendiente,
17513,Caldas,Pácora,,,,,,,,,,,,,,,,,,,,,,,,,,,,,,pendiente,
17524,Caldas,Palestina,,,,,,,,,,,,,,,,,,,,,,,,,,,,,,pendiente,
17541,Caldas,Pensilvania,,,,,,,,,,,,,,,,,,,,,,,,,,,,,,pendiente,
17614,Caldas,Riosucio,,,,,,,,,,,,,,,,,,,,,,,,,,,,,,pendiente,
17616,Caldas,Risaralda,,,,,,,,,,,,,,,,,,,,,,,,,,,,,,pendiente,
17653,Caldas,Salamina,,,,,,,,,,,,,,,,,,,,,,,,,,,,,,pendiente,
17662,Caldas,Samaná,,,,,,,,,,,,,,,,,,,,,,,,,,,,,,pendiente,
17665,Caldas,San José,,,,,,,,,,,,,,,,,,,,,,,,,,,,,,pendiente,
17777,Caldas,Supía,,,,,,,,,,,,,,,,,,,,,,,,,,,,,,pendiente,
17867,Caldas,Victoria,,,,,,,,,,,,,,,,,,,,,,,,,,,,,,pendiente,
17873,Caldas,Villamaría,,,,,,,,,,,,,,,,,,,,,,,,,,,,,,pendiente,
17877,Caldas,Viterbo,,,,,,,,,,,,,,,,,,,,,,,,,,,,,,pendiente,
18001,Caquetá,Florencia,,,,,,,,,,,,,,,,,,,,,,,,,,,,,,pendiente,
18029,Caquetá,Albania,,,,,,,,,,,,,,,,,,,,,,,,,,,,,,pendiente,
18094,Caquetá,Belén de Los Andaquies,,,,,,,,,,,,,,,,,,,,,,,,,,,,,,pendiente,
18150,Caquetá,Cartagena del Chairá,,,,,,,,,,,,,,,,,,,,,,,,,,,,,,pendiente,
18205,Caquetá,Curillo,,,,,,,,,,,,,,,,,,,,,,,,,,,,,,pendiente,
18247,Caquetá,El Doncello,,,,,,,,,,,,,,,,,,,,,,,,,,,,,,pendiente,
18256,Caquetá,El Paujil,,,,,,,,,,,,,,,,,,,,,,,,,,,,,,pendiente,
18410,Caquetá,La Montañita,,,,,,,,,,,,,,,,,,,,,,,,,,,,,,pendiente,
18460,Caquetá,Milán,,,,,,,,,,,,,,,,,,,,,,,,,,,,,,pendiente,
18479,Caquetá,Morelia,,,,,,,,,,,,,,,,,,,,,,,,,,,,,,pendiente,
18592,Caquetá,Puerto Rico,,,,,,,,,,,,,,,,,,,,,,,,,,,,,,pendiente,
18610,Caquetá,San José del Fragua,,,,,,,,,,,,,,,,,,,,,,,,,,,,,,pendiente,
18753,Caquetá,San Vicente del Caguán,,,,,,,,,,,,,,,,,,,,,,,,,,,,,,pendiente,
18756,Caquetá,Solano,,,,,,,,,,,,,,,,,,,,,,,,,,,,,,pendiente,
18785,Caquetá,Solita,,,,,,,,,,,,,,,,,,,,,,,,,,,,,,pendiente,
18860,Caquetá,Valparaíso,,,,,,,,,,,,,,,,,,,,,,,,,,,,,,pendiente,
19001,Cauca,Popayán,,,,,,,,,,,,,,,,,,,,,,,,,,,,,,pendiente,
19022,Cauca,Almaguer,,,,,,,,,,,,,,,,,,,,,,,,,,,,,,pendiente,
19050,Cauca,Argelia,,,,,,,,,,,,,,,,,,,,,,,,,,,,,,pendiente,
19075,Cauca,Balboa,,,,,,,,,,,,,,,,,,,,,,,,,,,,,,pendiente,
19100,Cauca,Bolívar,,,,,,,,,,,,,,,,,,,,,,,,,,,,,,pendiente,
19110,Cauca,Buenos Aires,,,,,,,,,,,,,,,,,,,,,,,,,,,,,,pendiente,
19130,Cauca,Cajibío,,,,,,,,,,,,,,,,,,,,,,,,,,,,,,pendiente,
19137,Cauca,Caldono,,,,,,,,,,,,,,,,,,,,,,,,,,,,,,pendiente,
19142,Cauca,Caloto,,,,,,,,,,,,,,,,,,,,,,,,,,,,,,pendiente,
19212,Cauca,Corinto,,,,,,,,,,,,,,,,,,,,,,,,,,,,,,pendiente,
19256,Cauca,El Tambo,,,,,,,,,,,,,,,,,,,,,,,,,,,,,,pendiente,
19290,Cauca,Florencia,,,,,,,,,,,,,,,,,,,,,,,,,,,,,,pendiente,
19318,Cauca,Guapi,,,,,,,,,,,,,,,,,,,,,,,,,,,,,,pendiente,
19355,Cauca,Inzá,,,,,,,,,,,,,,,,,,,,,,,,,,,,,,pendiente,
19364,Cauca,Jambaló,,,,,,,,,,,,,,,,,,,,,,,,,,,,,,pendiente,
19392,Cauca,La Sierra,,,,,,,,,,,,,,,,,,,,,,,,,,,,,,pendiente,
19397,Cauca,La Vega,,,,,,,,,,,,,,,,,,,,,,,,,,,,,,pendiente,
19418,Cauca,López,,,,,,,,,,,,,,,,,,,,,,,,,,,,,,pendiente,
19450,Cauca,Mercaderes,,,,,,,,,,,,,,,,,,,,,,,,,,,,,,pendiente,
19455,Cauca,Miranda,,,,,,,,,,,,,,,,,,,,,,,,,,,,,,pendiente,
19473,Cauca,Morales,,,,,,,,,,,,,,,,,,,,,,,,,,,,,,pendiente,
19513,Cauca,Padilla,,,,,,,,,,,,,,,,,,,,,,,,,,,,,,pendiente,
19517,Cauca,Paez,,,,,,,,,,,,,,,,,,,,,,,,,,,,,,pendiente,
19532,Cauca,Patía,,,,,,,,,,,,,,,,,,,,,,,,,,,,,,pendiente,
19533,Cauca,Piamonte,,,,,,,,,,,,,,,,,,,,,,,,,,,,,,pendiente,
19548,Cauca,Piendamó,,,,,,,,,,,,,,,,,,,,,,,,,,,,,,pendiente,
19573,Cauca,Puerto Tejada,,,,,,,,,,,,,,,,,,,,,,,,,,,,,,pendiente,
19585,Cauca,Puracé,,,,,,,,,,,,,,,,,,,,,,,,,,,,,,pendiente,
19622,Cauca,Rosas,,,,,,,,,,,,,,,,,,,,,,,,,,,,,,pendiente,
19693,Cauca,San Sebastián,,,,,,,,,,,,,,,,,,,,,,,,,,,,,,pendiente,
19698,Cauca,Santander de Quilichao,,,,,,,,,,,,,,,,,,,,,,,,,,,,,,pendiente,
19701,Cauca,Santa Rosa,,,,,,,,,,,,,,,,,,,,,,,,,,,,,,pendiente,
19743,Cauca,Silvia,,,,,,,,,,,,,,,,,,,,,,,,,,,,,,pendiente,
19760,Cauca,Sotara,,,,,,,,,,,,,,,,,,,,,,,,,,,,,,pendiente,
19780,Cauca,Suárez,,,,,,,,,,,,,,,,,,,,,,,,,,,,,,pendiente,
19785,Cauca,Sucre,,,,,,,,,,,,,,,,,,,,,,,,,,,,,,pendiente,
19807,Cauca,Timbío,,,,,,,,,,,,,,,,,,,,,,,,,,,,,,pendiente,
19809,Cauca,Timbiquí,,,,,,,,,,,,,,,,,,,,,,,,,,,,,,pendiente,
19821,Cauca,Toribio,,,,,,,,,,,,,,,,,,,,,,,,,,,,,,pendiente,
19824,Cauca,Totoró,,,,,,,,,,,,,,,,,,,,,,,,,,,,,,pendiente,
19845,Cauca,Villa Rica,,,,,,,,,,,,,,,,,,,,,,,,,,,,,,pendiente,
20001,Cesar,Valledupar,,,,,,,,,,,,,,,,,,,,,,,,,,,,,,pendiente,
20011,Cesar,Aguachica,,,,,,,,,,,,,,,,,,,,,,,,,,,,,,pendiente,
20013,Cesar,Agustín Codazzi,,,,,,,,,,,,,,,,,,,,,,,,,,,,,,pendiente,
20032,Cesar,Astrea,,,,,,,,,,,,,,,,,,,,,,,,,,,,,,pendiente,
20045,Cesar,Becerril,,,,,,,,,,,,,,,,,,,,,,,,,,,,,,pendiente,
20060,Cesar,Bosconia,,,,,,,,,,,,,,,,,,,,,,,,,,,,,,pendiente,
20175,Cesar,Chimichagua,,,,,,,,,,,,,,,,,,,,,,,,,,,,,,pendiente,
20178,Cesar,Chiriguaná,,,,,,,,,,,,,,,,,,,,,,,,,,,,,,pendiente,
20228,Cesar,Curumaní,,,,,,,,,,,,,,,,,,,,,,,,,,,,,,pendiente,
20238,Cesar,El Copey,,,,,,,,,,,,,,,,,,,,,,,,,,,,,,pendiente,
20250,Cesar,El Paso,,,,,,,,,,,,,,,,,,,,,,,,,,,,,,pendiente,
20295,Cesar,Gamarra,,,,,,,,,,,,,,,,,,,,,,,,,,,,,,pendiente,
20310,Cesar,González,,,,,,,,,,,,,,,,,,,,,,,,,,,,,,pendiente,
20383,Cesar,La Gloria,,,,,,,,,,,,,,,,,,,,,,,,,,,,,,pendiente,
20400,Cesar,La Jagua de Ibirico,,,,,,,,,,,,,,,,,,,,,,,,,,,,,,pendiente,
20443,Cesar,Manaure,,,,,,,,,,,,,,,,,,,,,,,,,,,,,,pendiente,
20517,Cesar,Pailitas,,,,,,,,,,,,,,,,,,,,,,,,,,,,,,pendiente,
20550,Cesar,Pelaya,,,,,,,,,,,,,,,,,,,,,,,,,,,,,,pendiente,
20570,Cesar,Pueblo Bello,,,,,,,,,,,,,,,,,,,,,,,,,,,,,,pendiente,
20614,Cesar,Río de Oro,,,,,,,,,,,,,,,,,,,,,,,,,,,,,,pendiente,
20621,Cesar,La Paz,,,,,,,,,,,,,,,,,,,,,,,,,,,,,,pendiente,
20710,Cesar,San Alberto,,,,,,,,,,,,,,,,,,,,,,,,,,,,,,pendiente,
20750,Cesar,San Diego,,,,,,,,,,,,,,,,,,,,,,,,,,,,,,pendiente,
20770,Cesar,San Martín,,,,,,,,,,,,,,,,,,,,,,,,,,,,,,pendiente,
20787,Cesar,Tamalameque,,,,,,,,,,,,,,,,,,,,,,,,,,,,,,pendiente,
23001,Córdoba,Montería,,,,,,,,,,,,,,,,,,,,,,,,,,,,,,pendiente,
23068,Córdoba,Ayapel,,,,,,,,,,,,,,,,,,,,,,,,,,,,,,pendiente,
23079,Córdoba,Buenavista,,,,,,,,,,,,,,,,,,,,,,,,,,,,,,pendiente,
23090,Córdoba,Canalete,,,,,,,,,,,,,,,,,,,,,,,,,,,,,,pendiente,
23162,Córdoba,Cereté,,,,,,,,,,,,,,,,,,,,,,,,,,,,,,pendiente,
23168,Córdoba,Chimá,,,,,,,,,,,,,,,,,,,,,,,,,,,,,,pendiente,
23182,Córdoba,Chinú,,,,,,,,,,,,,,,,,,,,,,,,,,,,,,pendiente,
23189,Córdoba,Ciénaga de Oro,,,,,,,,,,,,,,,,,,,,,,,,,,,,,,pendiente,
23300,Córdoba,Cotorra,,,,,,,,,,,,,,,,,,,,,,,,,,,,,,pendiente,
23350,Córdoba,La Apartada,,,,,,,,,,,,,,,,,,,,,,,,,,,,,,pendiente,
23417,Córdoba,Lorica,,,,,,,,,,,,,,,,,,,,,,,,,,,,,,pendiente,
23419,Córdoba,Los Córdobas,,,,,,,,,,,,,,,,,,,,,,,,,,,,,,pendiente,
23464,Córdoba,Momil,,,,,,,,,,,,,,,,,,,,,,,,,,,,,,pendiente,
23466,Córdoba,Montelíbano,,,,,,,,,,,,,,,,,,,,,,,,,,,,,,pendiente,
23500,Córdoba,Moñitos,,,,,,,,,,,,,,,,,,,,,,,,,,,,,,pendiente,
23555,Córdoba,Planeta Rica,,,,,,,,,,,,,,,,,,,,,,,,,,,,,,pendiente,
23570,Córdoba,Pueblo Nuevo,,,,,,,,,,,,,,,,,,,,,,,,,,,,,,pendiente,
23574,Córdoba,Puerto Escondido,,,,,,,,,,,,,,,,,,,,,,,,,,,,,,pendiente,
23580,Córdoba,Puerto Libertador,,,,,,,,,,,,,,,,,,,,,,,,,,,,,,pendiente,
23586,Córdoba,Purísima,,,,,,,,,,,,,,,,,,,,,,,,,,,,,,pendiente,
23660,Córdoba,Sahagún,,,,,,,,,,,,,,,,,,,,,,,,,,,,,,pendiente,
23670,Córdoba,San Andrés Sotavento,,,,,,,,,,,,,,,,,,,,,,,,,,,,,,pendiente,
23672,Córdoba,San Antero,,,,,,,,,,,,,,,,,,,,,,,,,,,,,,pendiente,
23675,Córdoba,San Bernardo del Viento,,,,,,,,,,,,,,,,,,,,,,,,,,,,,,pendiente,
23678,Córdoba,San Carlos,,,,,,,,,,,,,,,,,,,,,,,,,,,,,,pendiente,
23686,Córdoba,San Pelayo,,,,,,,,,,,,,,,,,,,,,,,,,,,,,,pendiente,
23807,Córdoba,Tierralta,,,,,,,,,,,,,,,,,,,,,,,,,,,,,,pendiente,
23855,Córdoba,Valencia,,,,,,,,,,,,,,,,,,,,,,,,,,,,,,pendiente,
25001,Cundinamarca,Agua de Dios,,,,,,,,,,,,,,,,,,,,,,,,,,,,,,pendiente,
25019,Cundinamarca,Albán,,,,,,,,,,,,,,,,,,,,,,,,,,,,,,pendiente,
25035,Cundinamarca,Anapoima,,,,,,,,,,,,,,,,,,,,,,,,,,,,,,pendiente,
25040,Cundinamarca,Anolaima,,,,,,,,,,,,,,,,,,,,,,,,,,,,,,pendiente,
25053,Cundinamarca,Arbeláez,,,,,,,,,,,,,,,,,,,,,,,,,,,,,,pendiente,
25086,Cundinamarca,Beltrán,,,,,,,,,,,,,,,,,,,,,,,,,,,,,,pendiente,
25095,Cundinamarca,Bituima,,,,,,,,,,,,,,,,,,,,,,,,,,,,,,pendiente,
25099,Cundinamarca,Bojacá,,,,,,,,,,,,,,,,,,,,,,,,,,,,,,pendiente,
25120,Cundinamarca,Cabrera,,,,,,,,,,,,,,,,,,,,,,,,,,,,,,pendiente,
25123,Cundinamarca,Cachipay,,,,,,,,,,,,,,,,,,,,,,,,,,,,,,pendiente,
25126,Cundinamarca,Cajicá,,,,,,,,,,,,,,,,,,,,,,,,,,,,,,pendiente,
25148,Cundinamarca,Caparrapí,,,,,,,,,,,,,,,,,,,,,,,,,,,,,,pendiente,
25151,Cundinamarca,Caqueza,,,,,,,,,,,,,,,,,,,,,,,,,,,,,,pendiente,
25154,Cundinamarca,Carmen de Carupa,,,,,,,,,,,,,,,,,,,,,,,,,,,,,,pendiente,
25168,Cundinamarca,Chaguaní,,,,,,,,,,,,,,,,,,,,,,,,,,,,,,pendiente,
25175,Cundinamarca,Chía,,,,,,,,,,,,,,,,,,,,,,,,,,,,,,pendiente,
25178,Cundinamarca,Chipaque,,,,,,,,,,,,,,,,,,,,,,,,,,,,,,pendiente,
25181,Cundinamarca,Choachí,,,,,,,,,,,,,,,,,,,,,,,,,,,,,,pendiente,
25183,Cundinamarca,Chocontá,,,,,,,,,,,,,,,,,,,,,,,,,,,,,,pendiente,
25200,Cundinamarca,Cogua,,,,,,,,,,,,,,,,,,,,,,,,,,,,,,pendiente,
25214,Cundinamarca,Cota,,,,,,,,,,,,,,,,,,,,,,,,,,,,,,pendiente,
25224,Cundinamarca,Cucunubá,,,,,,,,,,,,,,,,,,,,,,,,,,,,,,pendiente,
25245,Cundinamarca,El Colegio,,,,,,,,,,,,,,,,,,,,,,,,,,,,,,pendiente,
25258,Cundinamarca,El Peñón,,,,,,,,,,,,,,,,,,,,,,,,,,,,,,pendiente,
25260,Cundinamarca,El Rosal,,,,,,,,,,,,,,,,,,,,,,,,,,,,,,pendiente,
25269,Cundinamarca,Facatativá,,,,,,,,,,,,,,,,,,,,,,,,,,,,,,pendiente,
25279,Cundinamarca,Fomeque,,,,,,,,,,,,,,,,,,,,,,,,,,,,,,pendiente,
25281,Cundinamarca,Fosca,,,,,,,,,,,,,,,,,,,,,,,,,,,,,,pendiente,
25286,Cundinamarca,Funza,,,,,,,,,,,,,,,,,,,,,,,,,,,,,,pendiente,
25288,Cundinamarca,Fúquene,,,,,,,,,,,,,,,,,,,,,,,,,,,,,,pendiente,
25290,Cundinamarca,Fusagasugá,,,,,,,,,,,,,,,,,,,,,,,,,,,,,,pendiente,
25293,Cundinamarca,Gachala,,,,,,,,,,,,,,,,,,,,,,,,,,,,,,pendiente,
25295,Cundinamarca,Gachancipá,,,,,,,,,,,,,,,,,,,,,,,,,,,,,,pendiente,
25297,Cundinamarca,Gachetá,,,,,,,,,,,,,,,,,,,,,,,,,,,,,,pendiente,
25299,Cundinamarca,Gama,,,,,,,,,,,,,,,,,,,,,,,,,,,,,,pendiente,
25307,Cundinamarca,Girardot,,,,,,,,,,,,,,,,,,,,,,,,,,,,,,pendiente,
25312,Cundinamarca,Granada,,,,,,,,,,,,,,,,,,,,,,,,,,,,,,pendiente,
25317,Cundinamarca,Guachetá,,,,,,,,,,,,,,,,,,,,,,,,,,,,,,pendiente,
25320,Cundinamarca,Guaduas,,,,,,,,,,,,,,,,,,,,,,,,,,,,,,pendiente,
25322,Cundinamarca,Guasca,,,,,,,,,,,,,,,,,,,,,,,,,,,,,,pendiente,
25324,Cundinamarca,Guataquí,,,,,,,,,,,,,,,,,,,,,,,,,,,,,,pendiente,
25326,Cundinamarca,Guatavita,,,,,,,,,,,,,,,,,,,,,,,,,,,,,,pendiente,
25328,Cundinamarca,Guayabal de Siquima,,,,,,,,,,,,,,,,,,,,,,,,,,,,,,pendiente,
25335,Cundinamarca,Guayabetal,,,,,,,,,,,,,,,,,,,,,,,,,,,,,,pendiente,
25339,Cundinamarca,Gutiérrez,,,,,,,,,,,,,,,,,,,,,,,,,,,,,,pendiente,
25368,Cundinamarca,Jerusalén,,,,,,,,,,,,,,,,,,,,,,,,,,,,,,pendiente,
25372,Cundinamarca,Junín,,,,,,,,,,,,,,,,,,,,,,,,,,,,,,pendiente,
25377,Cundinamarca,La Calera,,,,,,,,,,,,,,,,,,,,,,,,,,,,,,pendiente,
25386,Cundinamarca,La Mesa,,,,,,,,,,,,,,,,,,,,,,,,,,,,,,pendiente,
25394,Cundinamarca,La Palma,,,,,,,,,,,,,,,,,,,,,,,,,,,,,,pendiente,
25398,Cundinamarca,La Peña,,,,,,,,,,,,,,,,,,,,,,,,,,,,,,pendiente,
25402,Cundinamarca,La Vega,,,,,,,,,,,,,,,,,,,,,,,,,,,,,,pendiente,
25407,Cundinamarca,Lenguazaque,,,,,,,,,,,,,,,,,,,,,,,,,,,,,,pendiente,
25426,Cundinamarca,Macheta,,,,,,,,,,,,,,,,,,,,,,,,,,,,,,pendiente,
25430,Cundinamarca,Madrid,,,,,,,,,,,,,,,,,,,,,,,,,,,,,,pendiente,
25436,Cundinamarca,Manta,,,,,,,,,,,,,,,,,,,,,,,,,,,,,,pendiente,
25438,Cundinamarca,Medina,,,,,,,,,,,,,,,,,,,,,,,,,,,,,,pendiente,
25473,Cundinamarca,Mosquera,,,,,,,,,,,,,,,,,,,,,,,,,,,,,,pendiente,
25483,Cundinamarca,Nariño,,,,,,,,,,,,,,,,,,,,,,,,,,,,,,pendiente,
25486,Cundinamarca,Nemocón,,,,,,,,,,,,,,,,,,,,,,,,,,,,,,pendiente,
25488,Cundinamarca,Nilo,,,,,,,,,,,,,,,,,,,,,,,,,,,,,,pendiente,
25489,Cundinamarca,Nimaima,,,,,,,,,,,,,,,,,,,,,,,,,,,,,,pendiente,
25491,Cundinamarca,Nocaima,,,,,,,,,,,,,,,,,,,,,,,,,,,,,,pendiente,
25506,Cundinamarca,Venecia,,,,,,,,,,,,,,,,,,,,,,,,,,,,,,pendiente,
25513,Cundinamarca,Pacho,,,,,,,,,,,,,,,,,,,,,,,,,,,,,,pendiente,
25518,Cundinamarca,Paime,,,,,,,,,,,,,,,,,,,,,,,,,,,,,,pendiente,
25524,Cundinamarca,Pandi,,,,,,,,,,,,,,,,,,,,,,,,,,,,,,pendiente,
25530,Cundinamarca,Paratebueno,,,,,,,,,,,,,,,,,,,,,,,,,,,,,,pendiente,
25535,Cundinamarca,Pasca,,,,,,,,,,,,,,,,,,,,,,,,,,,,,,pendiente,
25572,Cundinamarca,Puerto Salgar,,,,,,,,,,,,,,,,,,,,,,,,,,,,,,pendiente,
25580,Cundinamarca,Pulí,,,,,,,,,,,,,,,,,,,,,,,,,,,,,,pendiente,
25592,Cundinamarca,Quebradanegra,,,,,,,,,,,,,,,,,,,,,,,,,,,,,,pendiente,
25594,Cundinamarca,Quetame,,,,,,,,,,,,,,,,,,,,,,,,,,,,,,pendiente,
25596,Cundinamarca,Quipile,,,,,,,,,,,,,,,,,,,,,,,,,,,,,,pendiente,
25599,Cundinamarca,Apulo,,,,,,,,,,,,,,,,,,,,,,,,,,,,,,pendiente,
25612,Cundinamarca,Ricaurte,,,,,,,,,,,,,,,,,,,,,,,,,,,,,,pendiente,
25645,Cundinamarca,San Antonio del Tequendama,,,,,,,,,,,,,,,,,,,,,,,,,,,,,,pendiente,
25649,Cundinamarca,San Bernardo,,,,,,,,,,,,,,,,,,,,,,,,,,,,,,pendiente,
25653,Cundinamarca,San Cayetano,,,,,,,,,,,,,,,,,,,,,,,,,,,,,,pendiente,
25658,Cundinamarca,San Francisco,,,,,,,,,,,,,,,,,,,,,,,,,,,,,,pendiente,
25662,Cundinamarca,San Juan de Río Seco,,,,,,,,,,,,,,,,,,,,,,,,,,,,,,pendiente,
25718,Cundinamarca,Sasaima,,,,,,,,,,,,,,,,,,,,,,,,,,,,,,pendiente,
25736,Cundinamarca,Sesquilé,,,,,,,,,,,,,,,,,,,,,,,,,,,,,,pendiente,
25740,Cundinamarca,Sibaté,,,,,,,,,,,,,,,,,,,,,,,,,,,,,,pendiente,
25743,Cundinamarca,Silvania,,,,,,,,,,,,,,,,,,,,,,,,,,,,,,pendiente,
25745,Cundinamarca,Simijaca,,,,,,,,,,,,,,,,,,,,,,,,,,,,,,pendiente,
25754,Cundinamarca,Soacha,,,,,,,,,,,,,,,,,,,,,,,,,,,,,,pendiente,
25758,Cundinamarca,Sopó,,,,,,,,,,,,,,,,,,,,,,,,,,,,,,pendiente,
25769,Cundinamarca,Subachoque,,,,,,,,,,,,,,,,,,,,,,,,,,,,,,pendiente,
25772,Cundinamarca,Suesca,,,,,,,,,,,,,,,,,,,,,,,,,,,,,,pendiente,
25777,Cundinamarca,Supatá,,,,,,,,,,,,,,,,,,,,,,,,,,,,,,pendiente,
25779,Cundinamarca,Susa,,,,,,,,,,,,,,,,,,,,,,,,,,,,,,pendiente,
25781,Cundinamarca,Sutatausa,,,,,,,,,,,,,,,,,,,,,,,,,,,,,,pendiente,
25785,Cundinamarca,Tabio,,,,,,,,,,,,,,,,,,,,,,,,,,,,,,pendiente,
25793,Cundinamarca,Tausa,,,,,,,,,,,,,,,,,,,,,,,,,,,,,,pendiente,
25797,Cundinamarca,Tena,,,,,,,,,,,,,,,,,,,,,,,,,,,,,,pendiente,
25799,Cundinamarca,Tenjo,,,,,,,,,,,,,,,,,,,,,,,,,,,,,,pendiente,
25805,Cundinamarca,Tibacuy,,,,,,,,,,,,,,,,,,,,,,,,,,,,,,pendiente,
25807,Cundinamarca,Tibirita,,,,,,,,,,,,,,,,,,,,,,,,,,,,,,pendiente,
25815,Cundinamarca,Tocaima,,,,,,,,,,,,,,,,,,,,,,,,,,,,,,pendiente,
25817,Cundinamarca,Tocancipá,,,,,,,,,,,,,,,,,,,,,,,,,,,,,,pendiente,
25823,Cundinamarca,Topaipí,,,,,,,,,,,,,,,,,,,,,,,,,,,,,,pendiente,
25839,Cundinamarca,Ubalá,,,,,,,,,,,,,,,,,,,,,,,,,,,,,,pendiente,
25841,Cundinamarca,Ubaque,,,,,,,,,,,,,,,,,,,,,,,,,,,,,,pendiente,
25843,Cundinamarca,Villa de San Diego de Ubate,,,,,,,,,,,,,,,,,,,,,,,,,,,,,,pendiente,
25845,Cundinamarca,Une,,,,,,,,,,,,,,,,,,,,,,,,,,,,,,pendiente,
25851,Cundinamarca,Útica,,,,,,,,,,,,,,,,,,,,,,,,,,,,,,pendiente,
25862,Cundinamarca,Vergara,,,,,,,,,,,,,,,,,,,,,,,,,,,,,,pendiente,
25867,Cundinamarca,Vianí,,,,,,,,,,,,,,,,,,,,,,,,,,,,,,pendiente,
25871,Cundinamarca,Villagómez,,,,,,,,,,,,,,,,,,,,,,,,,,,,,,pendiente,
25873,Cundinamarca,Villapinzón,,,,,,,,,,,,,,,,,,,,,,,,,,,,,,pendiente,
25875,Cundinamarca,Villeta,,,,,,,,,,,,,,,,,,,,,,,,,,,,,,pendiente,
25878,Cundinamarca,Viotá,,,,,,,,,,,,,,,,,,,,,,,,,,,,,,pendiente,
25885,Cundinamarca,Yacopí,,,,,,,,,,,,,,,,,,,,,,,,,,,,,,pendiente,
25898,Cundinamarca,Zipacón,,,,,,,,,,,,,,,,,,,,,,,,,,,,,,pendiente,
25899,Cundinamarca,Zipaquirá,,,,,,,,,,,,,,,,,,,,,,,,,,,,,,pendiente,
27001,Chocó,Quibdó,,,,,,,,,,,,,,,,,,,,,,,,,,,,,,pendiente,
27006,Chocó,Acandí,,,,,,,,,,,,,,,,,,,,,,,,,,,,,,pendiente,
27025,Chocó,Alto Baudo,,,,,,,,,,,,,,,,,,,,,,,,,,,,,,pendiente,
27050,Chocó,Atrato,,,,,,,,,,,,,,,,,,,,,,,,,,,,,,pendiente,
27073,Chocó,Bagadó,,,,,,,,,,,,,,,,,,,,,,,,,,,,,,pendiente,
27075,Chocó,Bahía Solano,,,,,,,,,,,,,,,,,,,,,,,,,,,,,,pendiente,
27077,Chocó,Bajo Baudó,,,,,,,,,,,,,,,,,,,,,,,,,,,,,,pendiente,
27086,Chocó,Belén de Bajirá1,,,,,,,,,,,,,,,,,,,,,,,,,,,,,,pendiente,
27099,Chocó,Bojaya,,,,,,,,,,,,,,,,,,,,,,,,,,,,,,pendiente,
27135,Chocó,El Cantón del San Pablo,,,,,,,,,,,,,,,,,,,,,,,,,,,,,,pendiente,
27150,Chocó,Carmen del Darien,,,,,,,,,,,,,,,,,,,,,,,,,,,,,,pendiente,
27160,Chocó,Cértegui,,,,,,,,,,,,,,,,,,,,,,,,,,,,,,pendiente,
27205,Chocó,Condoto,,,,,,,,,,,,,,,,,,,,,,,,,,,,,,pendiente,
27245,Chocó,El Carmen de Atrato,,,,,,,,,,,,,,,,,,,,,,,,,,,,,,pendiente,
27250,Chocó,El Litoral del San Juan,,,,,,,,,,,,,,,,,,,,,,,,,,,,,,pendiente,
27361,Chocó,Istmina,,,,,,,,,,,,,,,,,,,,,,,,,,,,,,pendiente,
27372,Chocó,Juradó,,,,,,,,,,,,,,,,,,,,,,,,,,,,,,pendiente,
27413,Chocó,Lloró,,,,,,,,,,,,,,,,,,,,,,,,,,,,,,pendiente,
27425,Chocó,Medio Atrato,,,,,,,,,,,,,,,,,,,,,,,,,,,,,,pendiente,
27430,Chocó,Medio Baudó,,,,,,,,,,,,,,,,,,,,,,,,,,,,,,pendiente,
27450,Chocó,Medio San Juan,,,,,,,,,,,,,,,,,,,,,,,,,,,,,,pendiente,
27491,Chocó,Nóvita,,,,,,,,,,,,,,,,,,,,,,,,,,,,,,pendiente,
27495,Chocó,Nuquí,,,,,,,,,,,,,,,,,,,,,,,,,,,,,,pendiente,
27580,Chocó,Río Iro,,,,,,,,,,,,,,,,,,,,,,,,,,,,,,pendiente,
27600,Chocó,Río Quito,,,,,,,,,,,,,,,,,,,,,,,,,,,,,,pendiente,
27615,Chocó,Riosucio,,,,,,,,,,,,,,,,,,,,,,,,,,,,,,pendiente,
27660,Chocó,San José del Palmar,,,,,,,,,,,,,,,,,,,,,,,,,,,,,,pendiente,
27745,Chocó,Sipí,,,,,,,,,,,,,,,,,,,,,,,,,,,,,,pendiente,
27787,Chocó,Tadó,,,,,,,,,,,,,,,,,,,,,,,,,,,,,,pendiente,
27800,Chocó,Unguía,,,,,,,,,,,,,,,,,,,,,,,,,,,,,,pendiente,
27810,Chocó,Unión Panamericana,,,,,,,,,,,,,,,,,,,,,,,,,,,,,,pendiente,
41001,Huila,Neiva,,,,,,,,,,,,,,,,,,,,,,,,,,,,,,pendiente,
41006,Huila,Acevedo,,,,,,,,,,,,,,,,,,,,,,,,,,,,,,pendiente,
41013,Huila,Agrado,,,,,,,,,,,,,,,,,,,,,,,,,,,,,,pendiente,
41016,Huila,Aipe,,,,,,,,,,,,,,,,,,,,,,,,,,,,,,pendiente,
41020,Huila,Algeciras,,,,,,,,,,,,,,,,,,,,,,,,,,,,,,pendiente,
41026,Huila,Altamira,,,,,,,,,,,,,,,,,,,,,,,,,,,,,,pendiente,
41078,Huila,Baraya,,,,,,,,,,,,,,,,,,,,,,,,,,,,,,pendiente,
41132,Huila,Campoalegre,,,,,,,,,,,,,,,,,,,,,,,,,,,,,,pendiente,
41206,Huila,Colombia,,,,,,,,,,,,,,,,,,,,,,,,,,,,,,pendiente,
41244,Huila,Elías,,,,,,,,,,,,,,,,,,,,,,,,,,,,,,pendiente,
41298,Huila,Garzón,,,,,,,,,,,,,,,,,,,,,,,,,,,,,,pendiente,
41306,Huila,Gigante,,,,,,,,,,,,,,,,,,,,,,,,,,,,,,pendiente,
41319,Huila,Guadalupe,,,,,,,,,,,,,,,,,,,,,,,,,,,,,,pendiente,
41349,Huila,Hobo,,,,,,,,,,,,,,,,,,,,,,,,,,,,,,pendiente,
41357,Huila,Iquira,,,,,,,,,,,,,,,,,,,,,,,,,,,,,,pendiente,
41359,Huila,Isnos,,,,,,,,,,,,,,,,,,,,,,,,,,,,,,pendiente,
41378,Huila,La Argentina,,,,,,,,,,,,,,,,,,,,,,,,,,,,,,pendiente,
41396,Huila,La Plata,,,,,,,,,,,,,,,,,,,,,,,,,,,,,,pendiente,
41483,Huila,Nátaga,,,,,,,,,,,,,,,,,,,,,,,,,,,,,,pendiente,
41503,Huila,Oporapa,,,,,,,,,,,,,,,,,,,,,,,,,,,,,,pendiente,
41518,Huila,Paicol,,,,,,,,,,,,,,,,,,,,,,,,,,,,,,pendiente,
41524,Huila,Palermo,,,,,,,,,,,,,,,,,,,,,,,,,,,,,,pendiente,
41530,Huila,Palestina,,,,,,,,,,,,,,,,,,,,,,,,,,,,,,pendiente,
41548,Huila,Pital,,,,,,,,,,,,,,,,,,,,,,,,,,,,,,pendiente,
41551,Huila,Pitalito,,,,,,,,,,,,,,,,,,,,,,,,,,,,,,pendiente,
41615,Huila,Rivera,,,,,,,,,,,,,,,,,,,,,,,,,,,,,,pendiente,
41660,Huila,Saladoblanco,,,,,,,,,,,,,,,,,,,,,,,,,,,,,,pendiente,
41668,Huila,San Agustín,,,,,,,,,,,,,,,,,,,,,,,,,,,,,,pendiente,
41676,Huila,Santa María,,,,,,,,,,,,,,,,,,,,,,,,,,,,,,pendiente,
41770,Huila,Suaza,,,,,,,,,,,,,,,,,,,,,,,,,,,,,,pendiente,
41791,Huila,Tarqui,,,,,,,,,,,,,,,,,,,,,,,,,,,,,,pendiente,
41797,Huila,Tesalia,,,,,,,,,,,,,,,,,,,,,,,,,,,,,,pendiente,
41799,Huila,Tello,,,,,,,,,,,,,,,,,,,,,,,,,,,,,,pendiente,
41801,Huila,Teruel,,,,,,,,,,,,,,,,,,,,,,,,,,,,,,pendiente,
41807,Huila,Timaná,,,,,,,,,,,,,,,,,,,,,,,,,,,,,,pendiente,
41872,Huila,Villavieja,,,,,,,,,,,,,,,,,,,,,,,,,,,,,,pendiente,
41885,Huila,Yaguará,,,,,,,,,,,,,,,,,,,,,,,,,,,,,,pendiente,
44001,La Guajira,Riohacha,,,,,,,,,,,,,,,,,,,,,,,,,,,,,,pendiente,
44035,La Guajira,Albania,,,,,,,,,,,,,,,,,,,,,,,,,,,,,,pendiente,
44078,La Guajira,Barrancas,,,,,,,,,,,,,,,,,,,,,,,,,,,,,,pendiente,
44090,La Guajira,Dibulla,,,,,,,,,,,,,,,,,,,,,,,,,,,,,,pendiente,
44098,La Guajira,Distracción,,,,,,,,,,,,,,,,,,,,,,,,,,,,,,pendiente,
44110,La Guajira,El Molino,,,,,,,,,,,,,,,,,,,,,,,,,,,,,,pendiente,
44279,La Guajira,Fonseca,,,,,,,,,,,,,,,,,,,,,,,,,,,,,,pendiente,
44378,La Guajira,Hatonuevo,,,,,,,,,,,,,,,,,,,,,,,,,,,,,,pendiente,
44420,La Guajira,La Jagua del Pilar,,,,,,,,,,,,,,,,,,,,,,,,,,,,,,pendiente,
44430,La Guajira,Maicao,,,,,,,,,,,,,,,,,,,,,,,,,,,,,,pendiente,
44560,La Guajira,Manaure,,,,,,,,,,,,,,,,,,,,,,,,,,,,,,pendiente,
44650,La Guajira,San Juan del Cesar,,,,,,,,,,,,,,,,,,,,,,,,,,,,,,pendiente,
44847,La Guajira,Uribia,,,,,,,,,,,,,,,,,,,,,,,,,,,,,,pendiente,
44855,La Guajira,Urumita,,,,,,,,,,,,,,,,,,,,,,,,,,,,,,pendiente,
44874,La Guajira,Villanueva,,,,,,,,,,,,,,,,,,,,,,,,,,,,,,pendiente,
47001,Magdalena,Santa Marta,,,,,,,,,,,,,,,,,,,,,,,,,,,,,,pendiente,
47030,Magdalena,Algarrobo,,,,,,,,,,,,,,,,,,,,,,,,,,,,,,pendiente,
47053,Magdalena,Aracataca,,,,,,,,,,,,,,,,,,,,,,,,,,,,,,pendiente,
47058,Magdalena,Ariguaní,,,,,,,,,,,,,,,,,,,,,,,,,,,,,,pendiente,
47161,Magdalena,Cerro San Antonio,,,,,,,,,,,,,,,,,,,,,,,,,,,,,,pendiente,
47170,Magdalena,Chibolo,,,,,,,,,,,,,,,,,,,,,,,,,,,,,,pendiente,
47189,Magdalena,Ciénaga,,,,,,,,,,,,,,,,,,,,,,,,,,,,,,pendiente,
47205,Magdalena,Concordia,,,,,,,,,,,,,,,,,,,,,,,,,,,,,,pendiente,
47245,Magdalena,El Banco,,,,,,,,,,,,,,,,,,,,,,,,,,,,,,pendiente,
47258,Magdalena,El Piñon,,,,,,,,,,,,,,,,,,,,,,,,,,,,,,pendiente,
47268,Magdalena,El Retén,,,,,,,,,,,,,,,,,,,,,,,,,,,,,,pendiente,
47288,Magdalena,Fundación,,,,,,,,,,,,,,,,,,,,,,,,,,,,,,pendiente,
47318,Magdalena,Guamal,,,,,,,,,,,,,,,,,,,,,,,,,,,,,,pendiente,
47460,Magdalena,Nueva Granada,,,,,,,,,,,,,,,,,,,,,,,,,,,,,,pendiente,
47541,Magdalena,Pedraza,,,,,,,,,,,,,,,,,,,,,,,,,,,,,,pendiente,
47545,Magdalena,Pijiño del Carmen,,,,,,,,,,,,,,,,,,,,,,,,,,,,,,pendiente,
47551,Magdalena,Pivijay,,,,,,,,,,,,,,,,,,,,,,,,,,,,,,pendiente,
47555,Magdalena,Plato,,,,,,,,,,,,,,,,,,,,,,,,,,,,,,pendiente,
47570,Magdalena,Puebloviejo,,,,,,,,,,,,,,,,,,,,,,,,,,,,,,pendiente,
47605,Magdalena,Remolino,,,,,,,,,,,,,,,,,,,,,,,,,,,,,,pendiente,
47660,Magdalena,Sabanas de San Angel,,,,,,,,,,,,,,,,,,,,,,,,,,,,,,pendiente,
47675,Magdalena,Salamina,,,,,,,,,,,,,,,,,,,,,,,,,,,,,,pendiente,
47692,Magdalena,San Sebastián de Buenavista,,,,,,,,,,,,,,,,,,,,,,,,,,,,,,pendiente,
47703,Magdalena,San Zenón,,,,,,,,,,,,,,,,,,,,,,,,,,,,,,pendiente,
47707,Magdalena,Santa Ana,,,,,,,,,,,,,,,,,,,,,,,,,,,,,,pendiente,
47720,Magdalena,Santa Bárbara de Pinto,,,,,,,,,,,,,,,,,,,,,,,,,,,,,,pendiente,
47745,Magdalena,Sitionuevo,,,,,,,,,,,,,,,,,,,,,,,,,,,,,,pendiente,
47798,Magdalena,Tenerife,,,,,,,,,,,,,,,,,,,,,,,,,,,,,,pendiente,
47960,Magdalena,Zapayán,,,,,,,,,,,,,,,,,,,,,,,,,,,,,,pendiente,
47980,Magdalena,Zona Bananera,,,,,,,,,,,,,,,,,,,,,,,,,,,,,,pendiente,
50001,Meta,Villavicencio,,,,,,,,,,,,,,,,,,,,,,,,,,,,,,pendiente,
50006,Meta,Acacías,,,,,,,,,,,,,,,,,,,,,,,,,,,,,,pendiente,
50110,Meta,Barranca de Upía,,,,,,,,,,,,,,,,,,,,,,,,,,,,,,pendiente,
50124,Meta,Cabuyaro,,,,,,,,,,,,,,,,,,,,,,,,,,,,,,pendiente,
50150,Meta,Castilla la Nueva,,,,,,,,,,,,,,,,,,,,,,,,,,,,,,pendiente,
50223,Meta,Cubarral,,,,,,,,,,,,,,,,,,,,,,,,,,,,,,pendiente,
50226,Meta,Cumaral,,,,,,,,,,,,,,,,,,,,,,,,,,,,,,pendiente,
50245,Meta,El Calvario,,,,,,,,,,,,,,,,,,,,,,,,,,,,,,pendiente,
50251,Meta,El Castillo,,,,,,,,,,,,,,,,,,,,,,,,,,,,,,pendiente,
50270,Meta,El Dorado,,,,,,,,,,,,,,,,,,,,,,,,,,,,,,pendiente,
50287,Meta,Fuente de Oro,,,,,,,,,,,,,,,,,,,,,,,,,,,,,,pendiente,
50313,Meta,Granada,,,,,,,,,,,,,,,,,,,,,,,,,,,,,,pendiente,
50318,Meta,Guamal,,,,,,,,,,,,,,,,,,,,,,,,,,,,,,pendiente,
50325,Meta,Mapiripán,,,,,,,,,,,,,,,,,,,,,,,,,,,,,,pendiente,
50330,Meta,Mesetas,,,,,,,,,,,,,,,,,,,,,,,,,,,,,,pendiente,
50350,Meta,La Macarena,,,,,,,,,,,,,,,,,,,,,,,,,,,,,,pendiente,
50370,Meta,Uribe,,,,,,,,,,,,,,,,,,,,,,,,,,,,,,pendiente,
50400,Meta,Lejanías,,,,,,,,,,,,,,,,,,,,,,,,,,,,,,pendiente,
50450,Meta,Puerto Concordia,,,,,,,,,,,,,,,,,,,,,,,,,,,,,,pendiente,
50568,Meta,Puerto Gaitán,,,,,,,,,,,,,,,,,,,,,,,,,,,,,,pendiente,
50573,Meta,Puerto López,,,,,,,,,,,,,,,,,,,,,,,,,,,,,,pendiente,
50577,Meta,Puerto Lleras,,,,,,,,,,,,,,,,,,,,,,,,,,,,,,pendiente,
50590,Meta,Puerto Rico,,,,,,,,,,,,,,,,,,,,,,,,,,,,,,pendiente,
50606,Meta,Restrepo,,,,,,,,,,,,,,,,,,,,,,,,,,,,,,pendiente,
50680,Meta,San Carlos de Guaroa,,,,,,,,,,,,,,,,,,,,,,,,,,,,,,pendiente,
50683,Meta,San Juan de Arama,,,,,,,,,,,,,,,,,,,,,,,,,,,,,,pendiente,
50686,Meta,San Juanito,,,,,,,,,,,,,,,,,,,,,,,,,,,,,,pendiente,
50689,Meta,San Martín,,,,,,,,,,,,,,,,,,,,,,,,,,,,,,pendiente,
50711,Meta,Vistahermosa,,,,,,,,,,,,,,,,,,,,,,,,,,,,,,pendiente,
52001,Nariño,Pasto,,,,,,,,,,,,,,,,,,,,,,,,,,,,,,pendiente,
52019,Nariño,Albán,,,,,,,,,,,,,,,,,,,,,,,,,,,,,,pendiente,
52022,Nariño,Aldana,,,,,,,,,,,,,,,,,,,,,,,,,,,,,,pendiente,
52036,Nariño,Ancuyá,,,,,,,,,,,,,,,,,,,,,,,,,,,,,,pendiente,
52051,Nariño,Arboleda,,,,,,,,,,,,,,,,,,,,,,,,,,,,,,pendiente,
52079,Nariño,Barbacoas,,,,,,,,,,,,,,,,,,,,,,,,,,,,,,pendiente,
52083,Nariño,Belén,,,,,,,,,,,,,,,,,,,,,,,,,,,,,,pendiente,
52110,Nariño,Buesaco,,,,,,,,,,,,,,,,,,,,,,,,,,,,,,pendiente,
52203,Nariño,Colón,,,,,,,,,,,,,,,,,,,,,,,,,,,,,,pendiente,
52207,Nariño,Consaca,,,,,,,,,,,,,,,,,,,,,,,,,,,,,,pendiente,
52210,Nariño,Contadero,,,,,,,,,,,,,,,,,,,,,,,,,,,,,,pendiente,
52215,Nariño,Córdoba,,,,,,,,,,,,,,,,,,,,,,,,,,,,,,pendiente,
52224,Nariño,Cuaspud,,,,,,,,,,,,,,,,,,,,,,,,,,,,,,pendiente,
52227,Nariño,Cumbal,,,,,,,,,,,,,,,,,,,,,,,,,,,,,,pendiente,
52233,Nariño,Cumbitara,,,,,,,,,,,,,,,,,,,,,,,,,,,,,,pendiente,
52240,Nariño,Chachagüí,,,,,,,,,,,,,,,,,,,,,,,,,,,,,,pendiente,
52250,Nariño,El Charco,,,,,,,,,,,,,,,,,,,,,,,,,,,,,,pendiente,
52254,Nariño,El Peñol,,,,,,,,,,,,,,,,,,,,,,,,,,,,,,pendiente,
52256,Nariño,El Rosario,,,,,,,,,,,,,,,,,,,,,,,,,,,,,,pendiente,
52258,Nariño,El Tablón de Gómez,,,,,,,,,,,,,,,,,,,,,,,,,,,,,,pendiente,
52260,Nariño,El Tambo,,,,,,,,,,,,,,,,,,,,,,,,,,,,,,pendiente,
52287,Nariño,Funes,,,,,,,,,,,,,,,,,,,,,,,,,,,,,,pendiente,
52317,Nariño,Guachucal,,,,,,,,,,,,,,,,,,,,,,,,,,,,,,pendiente,
52320,Nariño,Guaitarilla,,,,,,,,,,,,,,,,,,,,,,,,,,,,,,pendiente,
52323,Nariño,Gualmatán,,,,,,,,,,,,,,,,,,,,,,,,,,,,,,pendiente,
52352,Nariño,Iles,,,,,,,,,,,,,,,,,,,,,,,,,,,,,,pendiente,
52354,Nariño,Imués,,,,,,,,,,,,,,,,,,,,,,,,,,,,,,pendiente,
52356,Nariño,Ipiales,,,,,,,,,,,,,,,,,,,,,,,,,,,,,,pendiente,
52378,Nariño,La Cruz,,,,,,,,,,,,,,,,,,,,,,,,,,,,,,pendiente,
52381,Nariño,La Florida,,,,,,,,,,,,,,,,,,,,,,,,,,,,,,pendiente,
52385,Nariño,La Llanada,,,,,,,,,,,,,,,,,,,,,,,,,,,,,,pendiente,
52390,Nariño,La Tola,,,,,,,,,,,,,,,,,,,,,,,,,,,,,,pendiente,
52399,Nariño,La Unión,,,,,,,,,,,,,,,,,,,,,,,,,,,,,,pendiente,
52405,Nariño,Leiva,,,,,,,,,,,,,,,,,,,,,,,,,,,,,,pendiente,
52411,Nariño,Linares,,,,,,,,,,,,,,,,,,,,,,,,,,,,,,pendiente,
52418,Nariño,Los Andes,,,,,,,,,,,,,,,,,,,,,,,,,,,,,,pendiente,
52427,Nariño,Magüi,,,,,,,,,,,,,,,,,,,,,,,,,,,,,,pendiente,
52435,Nariño,Mallama,,,,,,,,,,,,,,,,,,,,,,,,,,,,,,pendiente,
52473,Nariño,Mosquera,,,,,,,,,,,,,,,,,,,,,,,,,,,,,,pendiente,
52480,Nariño,Nariño,,,,,,,,,,,,,,,,,,,,,,,,,,,,,,pendiente,
52490,Nariño,Olaya Herrera,,,,,,,,,,,,,,,,,,,,,,,,,,,,,,pendiente,
52506,Nariño,Ospina,,,,,,,,,,,,,,,,,,,,,,,,,,,,,,pendiente,
52520,Nariño,Francisco Pizarro,,,,,,,,,,,,,,,,,,,,,,,,,,,,,,pendiente,
52540,Nariño,Policarpa,,,,,,,,,,,,,,,,,,,,,,,,,,,,,,pendiente,
52560,Nariño,Potosí,,,,,,,,,,,,,,,,,,,,,,,,,,,,,,pendiente,
52565,Nariño,Providencia,,,,,,,,,,,,,,,,,,,,,,,,,,,,,,pendiente,
52573,Nariño,Puerres,,,,,,,,,,,,,,,,,,,,,,,,,,,,,,pendiente,
52585,Nariño,Pupiales,,,,,,,,,,,,,,,,,,,,,,,,,,,,,,pendiente,
52612,Nariño,Ricaurte,,,,,,,,,,,,,,,,,,,,,,,,,,,,,,pendiente,
52621,Nariño,Roberto Payán,,,,,,,,,,,,,,,,,,,,,,,,,,,,,,pendiente,
52678,Nariño,Samaniego,,,,,,,,,,,,,,,,,,,,,,,,,,,,,,pendiente,
52683,Nariño,Sandoná,,,,,,,,,,,,,,,,,,,,,,,,,,,,,,pendiente,
52685,Nariño,San Bernardo,,,,,,,,,,,,,,,,,,,,,,,,,,,,,,pendiente,
52687,Nariño,San Lorenzo,,,,,,,,,,,,,,,,,,,,,,,,,,,,,,pendiente,
52693,Nariño,San Pablo,,,,,,,,,,,,,,,,,,,,,,,,,,,,,,pendiente,
52694,Nariño,San Pedro de Cartago,,,,,,,,,,,,,,,,,,,,,,,,,,,,,,pendiente,
52696,Nariño,Santa Bárbara,,,,,,,,,,,,,,,,,,,,,,,,,,,,,,pendiente,
52699,Nariño,Santacruz,,,,,,,,,,,,,,,,,,,,,,,,,,,,,,pendiente,
52720,Nariño,Sapuyes,,,,,,,,,,,,,,,,,,,,,,,,,,,,,,pendiente,
52786,Nariño,Taminango,,,,,,,,,,,,,,,,,,,,,,,,,,,,,,pendiente,
52788,Nariño,Tangua,,,,,,,,,,,,,,,,,,,,,,,,,,,,,,pendiente,
52835,Nariño,San Andres de Tumaco,,,,,,,,,,,,,,,,,,,,,,,,,,,,,,pendiente,
52838,Nariño,Túquerres,,,,,,,,,,,,,,,,,,,,,,,,,,,,,,pendiente,
52885,Nariño,Yacuanquer,,,,,,,,,,,,,,,,,,,,,,,,,,,,,,pendiente,
54001,Norte De Santander,Cúcuta,,,,,,,,,,,,,,,,,,,,,,,,,,,,,,pendiente,
54003,Norte De Santander,Abrego,,,,,,,,,,,,,,,,,,,,,,,,,,,,,,pendiente,
54051,Norte De Santander,Arboledas,,,,,,,,,,,,,,,,,,,,,,,,,,,,,,pendiente,
54099,Norte De Santander,Bochalema,,,,,,,,,,,,,,,,,,,,,,,,,,,,,,pendiente,
54109,Norte De Santander,Bucarasica,,,,,,,,,,,,,,,,,,,,,,,,,,,,,,pendiente,
54125,Norte De Santander,Cácota,,,,,,,,,,,,,,,,,,,,,,,,,,,,,,pendiente,
54128,Norte De Santander,Cachirá,,,,,,,,,,,,,,,,,,,,,,,,,,,,,,pendiente,
54172,Norte De Santander,Chinácota,,,,,,,,,,,,,,,,,,,,,,,,,,,,,,pendiente,
54174,Norte De Santander,Chitagá,,,,,,,,,,,,,,,,,,,,,,,,,,,,,,pendiente,
54206,Norte De Santander,Convención,,,,,,,,,,,,,,,,,,,,,,,,,,,,,,pendiente,
54223,Norte De Santander,Cucutilla,,,,,,,,,,,,,,,,,,,,,,,,,,,,,,pendiente,
54239,Norte De Santander,Durania,,,,,,,,,,,,,,,,,,,,,,,,,,,,,,pendiente,
54245,Norte De Santander,El Carmen,,,,,,,,,,,,,,,,,,,,,,,,,,,,,,pendiente,
54250,Norte De Santander,El Tarra,,,,,,,,,,,,,,,,,,,,,,,,,,,,,,pendiente,
54261,Norte De Santander,El Zulia,,,,,,,,,,,,,,,,,,,,,,,,,,,,,,pendiente,
54313,Norte De Santander,Gramalote,,,,,,,,,,,,,,,,,,,,,,,,,,,,,,pendiente,
54344,Norte De Santander,Hacarí,,,,,,,,,,,,,,,,,,,,,,,,,,,,,,pendiente,
54347,Norte De Santander,Herrán,,,,,,,,,,,,,,,,,,,,,,,,,,,,,,pendiente,
54377,Norte De Santander,Labateca,,,,,,,,,,,,,,,,,,,,,,,,,,,,,,pendiente,
54385,Norte De Santander,La Esperanza,,,,,,,,,,,,,,,,,,,,,,,,,,,,,,pendiente,
54398,Norte De Santander,La Playa,,,,,,,,,,,,,,,,,,,,,,,,,,,,,,pendiente,
54405,Norte De Santander,Los Patios,,,,,,,,,,,,,,,,,,,,,,,,,,,,,,pendiente,
54418,Norte De Santander,Lourdes,,,,,,,,,,,,,,,,,,,,,,,,,,,,,,pendiente,
54480,Norte De Santander,Mutiscua,,,,,,,,,,,,,,,,,,,,,,,,,,,,,,pendiente,
54498,Norte De Santander,Ocaña,,,,,,,,,,,,,,,,,,,,,,,,,,,,,,pendiente,
54518,Norte De Santander,Pamplona,,,,,,,,,,,,,,,,,,,,,,,,,,,,,,pendiente,
54520,Norte De Santander,Pamplonita,,,,,,,,,,,,,,,,,,,,,,,,,,,,,,pendiente,
54553,Norte De Santander,Puerto Santander,,,,,,,,,,,,,,,,,,,,,,,,,,,,,,pendiente,
54599,Norte De Santander,Ragonvalia,,,,,,,,,,,,,,,,,,,,,,,,,,,,,,pendiente,
54660,Norte De Santander,Salazar,,,,,,,,,,,,,,,,,,,,,,,,,,,,,,pendiente,
54670,Norte De Santander,San Calixto,,,,,,,,,,,,,,,,,,,,,,,,,,,,,,pendiente,
54673,Norte De Santander,San Cayetano,,,,,,,,,,,,,,,,,,,,,,,,,,,,,,pendiente,
54680,Norte De Santander,Santiago,,,,,,,,,,,,,,,,,,,,,,,,,,,,,,pendiente,
54720,Norte De Santander,Sardinata,,,,,,,,,,,,,,,,,,,,,,,,,,,,,,pendiente,
54743,Norte De Santander,Silos,,,,,,,,,,,,,,,,,,,,,,,,,,,,,,pendiente,
54800,Norte De Santander,Teorama,,,,,,,,,,,,,,,,,,,,,,,,,,,,,,pendiente,
54810,Norte De Santander,Tibú,,,,,,,,,,,,,,,,,,,,,,,,,,,,,,pendiente,
54820,Norte De Santander,Toledo,,,,,,,,,,,,,,,,,,,,,,,,,,,,,,pendiente,
54871,Norte De Santander,Villa Caro,,,,,,,,,,,,,,,,,,,,,,,,,,,,,,pendiente,
54874,Norte De Santander,Villa del Rosario,,,,,,,,,,,,,,,,,,,,,,,,,,,,,,pendiente,
63001,Quindio,Armenia,,,,,,,,,,,,,,,,,,,,,,,,,,,,,,pendiente,
63111,Quindio,Buenavista,,,,,,,,,,,,,,,,,,,,,,,,,,,,,,pendiente,
63130,Quindio,Calarca,,,,,,,,,,,,,,,,,,,,,,,,,,,,,,pendiente,
63190,Quindio,Circasia,,,,,,,,,,,,,,,,,,,,,,,,,,,,,,pendiente,
63212,Quindio,Córdoba,,,,,,,,,,,,,,,,,,,,,,,,,,,,,,pendiente,
63272,Quindio,Filandia,,,,,,,,,,,,,,,,,,,,,,,,,,,,,,pendiente,
63302,Quindio,Génova,,,,,,,,,,,,,,,,,,,,,,,,,,,,,,pendiente,
63401,Quindio,La Tebaida,,,,,,,,,,,,,,,,,,,,,,,,,,,,,,pendiente,
63470,Quindio,Montenegro,,,,,,,,,,,,,,,,,,,,,,,,,,,,,,pendiente,
63548,Quindio,Pijao,,,,,,,,,,,,,,,,,,,,,,,,,,,,,,pendiente,
63594,Quindio,Quimbaya,,,,,,,,,,,,,,,,,,,,,,,,,,,,,,pendiente,
63690,Quindio,Salento,,,,,,,,,,,,,,,,,,,,,,,,,,,,,,pendiente,
66001,Risaralda,Pereira,,,,,,,,,,,,,,,,,,,,,,,,,,,,,,pendiente,
66045,Risaralda,Apía,,,,,,,,,,,,,,,,,,,,,,,,,,,,,,pendiente,
66075,Risaralda,Balboa,,,,,,,,,,,,,,,,,,,,,,,,,,,,,,pendiente,
66088,Risaralda,Belén de Umbría,,,,,,,,,,,,,,,,,,,,,,,,,,,,,,pendiente,
66170,Risaralda,Dosquebradas,,,,,,,,,,,,,,,,,,,,,,,,,,,,,,pendiente,
66318,Risaralda,Guática,,,,,,,,,,,,,,,,,,,,,,,,,,,,,,pendiente,
66383,Risaralda,La Celia,,,,,,,,,,,,,,,,,,,,,,,,,,,,,,pendiente,
66400,Risaralda,La Virginia,,,,,,,,,,,,,,,,,,,,,,,,,,,,,,pendiente,
66440,Risaralda,Marsella,,,,,,,,,,,,,,,,,,,,,,,,,,,,,,pendiente,
66456,Risaralda,Mistrató,,,,,,,,,,,,,,,,,,,,,,,,,,,,,,pendiente,
66572,Risaralda,Pueblo Rico,,,,,,,,,,,,,,,,,,,,,,,,,,,,,,pendiente,
66594,Risaralda,Quinchía,,,,,,,,,,,,,,,,,,,,,,,,,,,,,,pendiente,
66682,Risaralda,Santa Rosa de Cabal,,,,,,,,,,,,,,,,,,,,,,,,,,,,,,pendiente,
66687,Risaralda,Santuario,,,,,,,,,,,,,,,,,,,,,,,,,,,,,,pendiente,
68001,Santander,Bucaramanga,,,,,,,,,,,,,,,,,,,,,,,,,,,,,,pendiente,
68013,Santander,Aguada,,,,,,,,,,,,,,,,,,,,,,,,,,,,,,pendiente,
68020,Santander,Albania,,,,,,,,,,,,,,,,,,,,,,,,,,,,,,pendiente,
68051,Santander,Aratoca,,,,,,,,,,,,,,,,,,,,,,,,,,,,,,pendiente,
68077,Santander,Barbosa,,,,,,,,,,,,,,,,,,,,,,,,,,,,,,pendiente,
68079,Santander,Barichara,,,,,,,,,,,,,,,,,,,,,,,,,,,,,,pendiente,
68081,Santander,Barrancabermeja,,,,,,,,,,,,,,,,,,,,,,,,,,,,,,pendiente,
68092,Santander,Betulia,,,,,,,,,,,,,,,,,,,,,,,,,,,,,,pendiente,
68101,Santander,Bolívar,,,,,,,,,,,,,,,,,,,,,,,,,,,,,,pendiente,
68121,Santander,Cabrera,,,,,,,,,,,,,,,,,,,,,,,,,,,,,,pendiente,
68132,Santander,California,,,,,,,,,,,,,,,,,,,,,,,,,,,,,,pendiente,
68147,Santander,Capitanejo,,,,,,,,,,,,,,,,,,,,,,,,,,,,,,pendiente,
68152,Santander,Carcasí,,,,,,,,,,,,,,,,,,,,,,,,,,,,,,pendiente,
68160,Santander,Cepitá,,,,,,,,,,,,,,,,,,,,,,,,,,,,,,pendiente,
68162,Santander,Cerrito,,,,,,,,,,,,,,,,,,,,,,,,,,,,,,pendiente,
68167,Santander,Charalá,,,,,,,,,,,,,,,,,,,,,,,,,,,,,,pendiente,
68169,Santander,Charta,,,,,,,,,,,,,,,,,,,,,,,,,,,,,,pendiente,
68176,Santander,Chima,,,,,,,,,,,,,,,,,,,,,,,,,,,,,,pendiente,
68179,Santander,Chipatá,,,,,,,,,,,,,,,,,,,,,,,,,,,,,,pendiente,
68190,Santander,Cimitarra,,,,,,,,,,,,,,,,,,,,,,,,,,,,,,pendiente,
68207,Santander,Concepción,,,,,,,,,,,,,,,,,,,,,,,,,,,,,,pendiente,
68209,Santander,Confines,,,,,,,,,,,,,,,,,,,,,,,,,,,,,,pendiente,
68211,Santander,Contratación,,,,,,,,,,,,,,,,,,,,,,,,,,,,,,pendiente,
68217,Santander,Coromoro,,,,,,,,,,,,,,,,,,,,,,,,,,,,,,pendiente,
68229,Santander,Curití,,,,,,,,,,,,,,,,,,,,,,,,,,,,,,pendiente,
68235,Santander,El Carmen de Chucurí,,,,,,,,,,,,,,,,,,,,,,,,,,,,,,pendiente,
68245,Santander,El Guacamayo,,,,,,,,,,,,,,,,,,,,,,,,,,,,,,pendiente,
68250,Santander,El Peñón,,,,,,,,,,,,,,,,,,,,,,,,,,,,,,pendiente,
68255,Santander,El Playón,,,,,,,,,,,,,,,,,,,,,,,,,,,,,,pendiente,
68264,Santander,Encino,,,,,,,,,,,,,,,,,,,,,,,,,,,,,,pendiente,
68266,Santander,Enciso,,,,,,,,,,,,,,,,,,,,,,,,,,,,,,pendiente,
68271,Santander,Florián,,,,,,,,,,,,,,,,,,,,,,,,,,,,,,pendiente,
68276,Santander,Floridablanca,,,,,,,,,,,,,,,,,,,,,,,,,,,,,,pendiente,
68296,Santander,Galán,,,,,,,,,,,,,,,,,,,,,,,,,,,,,,pendiente,
68298,Santander,Gambita,,,,,,,,,,,,,,,,,,,,,,,,,,,,,,pendiente,
68307,Santander,Girón,,,,,,,,,,,,,,,,,,,,,,,,,,,,,,pendiente,
68318,Santander,Guaca,,,,,,,,,,,,,,,,,,,,,,,,,,,,,,pendiente,
68320,Santander,Guadalupe,,,,,,,,,,,,,,,,,,,,,,,,,,,,,,pendiente,
68322,Santander,Guapotá,,,,,,,,,,,,,,,,,,,,,,,,,,,,,,pendiente,
68324,Santander,Guavatá,,,,,,,,,,,,,,,,,,,,,,,,,,,,,,pendiente,
68327,Santander,Güepsa,,,,,,,,,,,,,,,,,,,,,,,,,,,,,,pendiente,
68344,Santander,Hato,,,,,,,,,,,,,,,,,,,,,,,,,,,,,,pendiente,
68368,Santander,Jesús María,,,,,,,,,,,,,,,,,,,,,,,,,,,,,,pendiente,
68370,Santander,Jordán,,,,,,,,,,,,,,,,,,,,,,,,,,,,,,pendiente,
68377,Santander,La Belleza,,,,,,,,,,,,,,,,,,,,,,,,,,,,,,pendiente,
68385,Santander,Landázuri,,,,,,,,,,,,,,,,,,,,,,,,,,,,,,pendiente,
68397,Santander,La Paz,,,,,,,,,,,,,,,,,,,,,,,,,,,,,,pendiente,
68406,Santander,Lebríja,,,,,,,,,,,,,,,,,,,,,,,,,,,,,,pendiente,
68418,Santander,Los Santos,,,,,,,,,,,,,,,,,,,,,,,,,,,,,,pendiente,
68425,Santander,Macaravita,,,,,,,,,,,,,,,,,,,,,,,,,,,,,,pendiente,
68432,Santander,Málaga,,,,,,,,,,,,,,,,,,,,,,,,,,,,,,pendiente,
68444,Santander,Matanza,,,,,,,,,,,,,,,,,,,,,,,,,,,,,,pendiente,
68464,Santander,Mogotes,,,,,,,,,,,,,,,,,,,,,,,,,,,,,,pendiente,
68468,Santander,Molagavita,,,,,,,,,,,,,,,,,,,,,,,,,,,,,,pendiente,
68498,Santander,Ocamonte,,,,,,,,,,,,,,,,,,,,,,,,,,,,,,pendiente,
68500,Santander,Oiba,,,,,,,,,,,,,,,,,,,,,,,,,,,,,,pendiente,
68502,Santander,Onzaga,,,,,,,,,,,,,,,,,,,,,,,,,,,,,,pendiente,
68522,Santander,Palmar,,,,,,,,,,,,,,,,,,,,,,,,,,,,,,pendiente,
68524,Santander,Palmas del Socorro,,,,,,,,,,,,,,,,,,,,,,,,,,,,,,pendiente,
68533,Santander,Páramo,,,,,,,,,,,,,,,,,,,,,,,,,,,,,,pendiente,
68547,Santander,Piedecuesta,,,,,,,,,,,,,,,,,,,,,,,,,,,,,,pendiente,
68549,Santander,Pinchote,,,,,,,,,,,,,,,,,,,,,,,,,,,,,,pendiente,
68572,Santander,Puente Nacional,,,,,,,,,,,,,,,,,,,,,,,,,,,,,,pendiente,
68573,Santander,Puerto Parra,,,,,,,,,,,,,,,,,,,,,,,,,,,,,,pendiente,
68575,Santander,Puerto Wilches,,,,,,,,,,,,,,,,,,,,,,,,,,,,,,pendiente,
68615,Santander,Rionegro,,,,,,,,,,,,,,,,,,,,,,,,,,,,,,pendiente,
68655,Santander,Sabana de Torres,,,,,,,,,,,,,,,,,,,,,,,,,,,,,,pendiente,
68669,Santander,San Andrés,,,,,,,,,,,,,,,,,,,,,,,,,,,,,,pendiente,
68673,Santander,San Benito,,,,,,,,,,,,,,,,,,,,,,,,,,,,,,pendiente,
68679,Santander,San Gil,,,,,,,,,,,,,,,,,,,,,,,,,,,,,,pendiente,
68682,Santander,San Joaquín,,,,,,,,,,,,,,,,,,,,,,,,,,,,,,pendiente,
68684,Santander,San José de Miranda,,,,,,,,,,,,,,,,,,,,,,,,,,,,,,pendiente,
68686,Santander,San Miguel,,,,,,,,,,,,,,,,,,,,,,,,,,,,,,pendiente,
68689,Santander,San Vicente de Chucurí,,,,,,,,,,,,,,,,,,,,,,,,,,,,,,pendiente,
68705,Santander,Santa Bárbara,,,,,,,,,,,,,,,,,,,,,,,,,,,,,,pendiente,
68720,Santander,Santa Helena del Opón,,,,,,,,,,,,,,,,,,,,,,,,,,,,,,pendiente,
68745,Santander,Simacota,,,,,,,,,,,,,,,,,,,,,,,,,,,,,,pendiente,
68755,Santander,Socorro,,,,,,,,,,,,,,,,,,,,,,,,,,,,,,pendiente,
68770,Santander,Suaita,,,,,,,,,,,,,,,,,,,,,,,,,,,,,,pendiente,
68773,Santander,Sucre,,,,,,,,,,,,,,,,,,,,,,,,,,,,,,pendiente,
68780,Santander,Suratá,,,,,,,,,,,,,,,,,,,,,,,,,,,,,,pendiente,
68820,Santander,Tona,,,,,,,,,,,,,,,,,,,,,,,,,,,,,,pendiente,
68855,Santander,Valle de San José,,,,,,,,,,,,,,,,,,,,,,,,,,,,,,pendiente,
68861,Santander,Vélez,,,,,,,,,,,,,,,,,,,,,,,,,,,,,,pendiente,
68867,Santander,Vetas,,,,,,,,,,,,,,,,,,,,,,,,,,,,,,pendiente,
68872,Santander,Villanueva,,,,,,,,,,,,,,,,,,,,,,,,,,,,,,pendiente,
68895,Santander,Zapatoca,,,,,,,,,,,,,,,,,,,,,,,,,,,,,,pendiente,
70001,Sucre,Sincelejo,,,,,,,,,,,,,,,,,,,,,,,,,,,,,,pendiente,
70110,Sucre,Buenavista,,,,,,,,,,,,,,,,,,,,,,,,,,,,,,pendiente,
70124,Sucre,Caimito,,,,,,,,,,,,,,,,,,,,,,,,,,,,,,pendiente,
70204,Sucre,Coloso,,,,,,,,,,,,,,,,,,,,,,,,,,,,,,pendiente,
70215,Sucre,Corozal,,,,,,,,,,,,,,,,,,,,,,,,,,,,,,pendiente,
70221,Sucre,Coveñas,,,,,,,,,,,,,,,,,,,,,,,,,,,,,,pendiente,
70230,Sucre,Chalán,,,,,,,,,,,,,,,,,,,,,,,,,,,,,,pendiente,
70233,Sucre,El Roble,,,,,,,,,,,,,,,,,,,,,,,,,,,,,,pendiente,
70235,Sucre,Galeras,,,,,,,,,,,,,,,,,,,,,,,,,,,,,,pendiente,
70265,Sucre,Guaranda,,,,,,,,,,,,,,,,,,,,,,,,,,,,,,pendiente,
70400,Sucre,La Unión,,,,,,,,,,,,,,,,,,,,,,,,,,,,,,pendiente,
70418,Sucre,Los Palmitos,,,,,,,,,,,,,,,,,,,,,,,,,,,,,,pendiente,
70429,Sucre,Majagual,,,,,,,,,,,,,,,,,,,,,,,,,,,,,,pendiente,
70473,Sucre,Morroa,,,,,,,,,,,,,,,,,,,,,,,,,,,,,,pendiente,
70508,Sucre,Ovejas,,,,,,,,,,,,,,,,,,,,,,,,,,,,,,pendiente,
70523,Sucre,Palmito,,,,,,,,,,,,,,,,,,,,,,,,,,,,,,pendiente,
70670,Sucre,Sampués,,,,,,,,,,,,,,,,,,,,,,,,,,,,,,pendiente,
70678,Sucre,San Benito Abad,,,,,,,,,,,,,,,,,,,,,,,,,,,,,,pendiente,
70702,Sucre,San Juan de Betulia,,,,,,,,,,,,,,,,,,,,,,,,,,,,,,pendiente,
70708,Sucre,San Marcos,,,,,,,,,,,,,,,,,,,,,,,,,,,,,,pendiente,
70713,Sucre,San Onofre,,,,,,,,,,,,,,,,,,,,,,,,,,,,,,pendiente,
70717,Sucre,San Pedro,,,,,,,,,,,,,,,,,,,,,,,,,,,,,,pendiente,
70742,Sucre,San Luis de Sincé,,,,,,,,,,,,,,,,,,,,,,,,,,,,,,pendiente,
70771,Sucre,Sucre,,,,,,,,,,,,,,,,,,,,,,,,,,,,,,pendiente,
70820,Sucre,Santiago de Tolú,,,,,,,,,,,,,,,,,,,,,,,,,,,,,,pendiente,
70823,Sucre,Tolú Viejo,,,,,,,,,,,,,,,,,,,,,,,,,,,,,,pendiente,
73001,Tolima,Ibagué,,,,,,,,,,,,,,,,,,,,,,,,,,,,,,pendiente,
73024,Tolima,Alpujarra,,,,,,,,,,,,,,,,,,,,,,,,,,,,,,pendiente,
73026,Tolima,Alvarado,,,,,,,,,,,,,,,,,,,,,,,,,,,,,,pendiente,
73030,Tolima,Ambalema,,,,,,,,,,,,,,,,,,,,,,,,,,,,,,pendiente,
73043,Tolima,Anzoátegui,,,,,,,,,,,,,,,,,,,,,,,,,,,,,,pendiente,
73055,Tolima,Armero,,,,,,,,,,,,,,,,,,,,,,,,,,,,,,pendiente,
73067,Tolima,Ataco,,,,,,,,,,,,,,,,,,,,,,,,,,,,,,pendiente,
73124,Tolima,Cajamarca,,,,,,,,,,,,,,,,,,,,,,,,,,,,,,pendiente,
73148,Tolima,Carmen de Apicalá,,,,,,,,,,,,,,,,,,,,,,,,,,,,,,pendiente,
73152,Tolima,Casabianca,,,,,,,,,,,,,,,,,,,,,,,,,,,,,,pendiente,
73168,Tolima,Chaparral,,,,,,,,,,,,,,,,,,,,,,,,,,,,,,pendiente,
73200,Tolima,Coello,,,,,,,,,,,,,,,,,,,,,,,,,,,,,,pendiente,
73217,Tolima,Coyaima,,,,,,,,,,,,,,,,,,,,,,,,,,,,,,pendiente,
73226,Tolima,Cunday,,,,,,,,,,,,,,,,,,,,,,,,,,,,,,pendiente,
73236,Tolima,Dolores,,,,,,,,,,,,,,,,,,,,,,,,,,,,,,pendiente,
73268,Tolima,Espinal,,,,,,,,,,,,,,,,,,,,,,,,,,,,,,pendiente,
73270,Tolima,Falan,,,,,,,,,,,,,,,,,,,,,,,,,,,,,,pendiente,
73275,Tolima,Flandes,,,,,,,,,,,,,,,,,,,,,,,,,,,,,,pendiente,
73283,Tolima,Fresno,,,,,,,,,,,,,,,,,,,,,,,,,,,,,,pendiente,
73319,Tolima,Guamo,,,,,,,,,,,,,,,,,,,,,,,,,,,,,,pendiente,
73347,Tolima,Herveo,,,,,,,,,,,,,,,,,,,,,,,,,,,,,,pendiente,
73349,Tolima,Honda,,,,,,,,,,,,,,,,,,,,,,,,,,,,,,pendiente,
73352,Tolima,Icononzo,,,,,,,,,,,,,,,,,,,,,,,,,,,,,,pendiente,
73408,Tolima,Lérida,,,,,,,,,,,,,,,,,,,,,,,,,,,,,,pendiente,
73411,Tolima,Líbano,,,,,,,,,,,,,,,,,,,,,,,,,,,,,,pendiente,
73443,Tolima,Mariquita,,,,,,,,,,,,,,,,,,,,,,,,,,,,,,pendiente,
73449,Tolima,Melgar,,,,,,,,,,,,,,,,,,,,,,,,,,,,,,pendiente,
73461,Tolima,Murillo,,,,,,,,,,,,,,,,,,,,,,,,,,,,,,pendiente,
73483,Tolima,Natagaima,,,,,,,,,,,,,,,,,,,,,,,,,,,,,,pendiente,
73504,Tolima,Ortega,,,,,,,,,,,,,,,,,,,,,,,,,,,,,,pendiente,
73520,Tolima,Palocabildo,,,,,,,,,,,,,,,,,,,,,,,,,,,,,,pendiente,
73547,Tolima,Piedras,,,,,,,,,,,,,,,,,,,,,,,,,,,,,,pendiente,
73555,Tolima,Planadas,,,,,,,,,,,,,,,,,,,,,,,,,,,,,,pendiente,
73563,Tolima,Prado,,,,,,,,,,,,,,,,,,,,,,,,,,,,,,pendiente,
73585,Tolima,Purificación,,,,,,,,,,,,,,,,,,,,,,,,,,,,,,pendiente,
73616,Tolima,Rioblanco,,,,,,,,,,,,,,,,,,,,,,,,,,,,,,pendiente,
73622,Tolima,Roncesvalles,,,,,,,,,,,,,,,,,,,,,,,,,,,,,,pendiente,
73624,Tolima,Rovira,,,,,,,,,,,,,,,,,,,,,,,,,,,,,,pendiente,
73671,Tolima,Saldaña,,,,,,,,,,,,,,,,,,,,,,,,,,,,,,pendiente,
73675,Tolima,San Antonio,,,,,,,,,,,,,,,,,,,,,,,,,,,,,,pendiente,
73678,Tolima,San Luis,,,,,,,,,,,,,,,,,,,,,,,,,,,,,,pendiente,
73686,Tolima,Santa Isabel,,,,,,,,,,,,,,,,,,,,,,,,,,,,,,pendiente,
73770,Tolima,Suárez,,,,,,,,,,,,,,,,,,,,,,,,,,,,,,pendiente,
73854,Tolima,Valle de San Juan,,,,,,,,,,,,,,,,,,,,,,,,,,,,,,pendiente,
73861,Tolima,Venadillo,,,,,,,,,,,,,,,,,,,,,,,,,,,,,,pendiente,
73870,Tolima,Villahermosa,,,,,,,,,,,,,,,,,,,,,,,,,,,,,,pendiente,
73873,Tolima,Villarrica,,,,,,,,,,,,,,,,,,,,,,,,,,,,,,pendiente,
76001,Valle Del Cauca,Cali,,,,,,,,,,,,,,,,,,,,,,,,,,,,,,pendiente,
76020,Valle Del Cauca,Alcalá,,,,,,,,,,,,,,,,,,,,,,,,,,,,,,pendiente,
76036,Valle Del Cauca,Andalucía,,,,,,,,,,,,,,,,,,,,,,,,,,,,,,pendiente,
76041,Valle Del Cauca,Ansermanuevo,,,,,,,,,,,,,,,,,,,,,,,,,,,,,,pendiente,
76054,Valle Del Cauca,Argelia,,,,,,,,,,,,,,,,,,,,,,,,,,,,,,pendiente,
76100,Valle Del Cauca,Bolívar,,,,,,,,,,,,,,,,,,,,,,,,,,,,,,pendiente,
76109,Valle Del Cauca,Buenaventura,,,,,,,,,,,,,,,,,,,,,,,,,,,,,,pendiente,
76111,Valle Del Cauca,Guadalajara de Buga,,,,,,,,,,,,,,,,,,,,,,,,,,,,,,pendiente,
76113,Valle Del Cauca,Bugalagrande,,,,,,,,,,,,,,,,,,,,,,,,,,,,,,pendiente,
76122,Valle Del Cauca,Caicedonia,,,,,,,,,,,,,,,,,,,,,,,,,,,,,,pendiente,
76126,Valle Del Cauca,Calima,,,,,,,,,,,,,,,,,,,,,,,,,,,,,,pendiente,
76130,Valle Del Cauca,Candelaria,,,,,,,,,,,,,,,,,,,,,,,,,,,,,,pendiente,
76147,Valle Del Cauca,Cartago,,,,,,,,,,,,,,,,,,,,,,,,,,,,,,pendiente,
76233,Valle Del Cauca,Dagua,,,,,,,,,,,,,,,,,,,,,,,,,,,,,,pendiente,
76243,Valle Del Cauca,El Águila,,,,,,,,,,,,,,,,,,,,,,,,,,,,,,pendiente,
76246,Valle Del Cauca,El Cairo,,,,,,,,,,,,,,,,,,,,,,,,,,,,,,pendiente,
76248,Valle Del Cauca,El Cerrito,,,,,,,,,,,,,,,,,,,,,,,,,,,,,,pendiente,
76250,Valle Del Cauca,El Dovio,,,,,,,,,,,,,,,,,,,,,,,,,,,,,,pendiente,
76275,Valle Del Cauca,Florida,,,,,,,,,,,,,,,,,,,,,,,,,,,,,,pendiente,
76306,Valle Del Cauca,Ginebra,,,,,,,,,,,,,,,,,,,,,,,,,,,,,,pendiente,
76318,Valle Del Cauca,Guacarí,,,,,,,,,,,,,,,,,,,,,,,,,,,,,,pendiente,
76364,Valle Del Cauca,Jamundí,,,,,,,,,,,,,,,,,,,,,,,,,,,,,,pendiente,
76377,Valle Del Cauca,La Cumbre,,,,,,,,,,,,,,,,,,,,,,,,,,,,,,pendiente,
76400,Valle Del Cauca,La Unión,,,,,,,,,,,,,,,,,,,,,,,,,,,,,,pendiente,
76403,Valle Del Cauca,La Victoria,,,,,,,,,,,,,,,,,,,,,,,,,,,,,,pendiente,
76497,Valle Del Cauca,Obando,,,,,,,,,,,,,,,,,,,,,,,,,,,,,,pendiente,
76520,Valle Del Cauca,Palmira,,,,,,,,,,,,,,,,,,,,,,,,,,,,,,pendiente,
76563,Valle Del Cauca,Pradera,,,,,,,,,,,,,,,,,,,,,,,,,,,,,,pendiente,
76606,Valle Del Cauca,Restrepo,,,,,,,,,,,,,,,,,,,,,,,,,,,,,,pendiente,
76616,Valle Del Cauca,Riofrío,,,,,,,,,,,,,,,,,,,,,,,,,,,,,,pendiente,
76622,Valle Del Cauca,Roldanillo,,,,,,,,,,,,,,,,,,,,,,,,,,,,,,pendiente,
76670,Valle Del Cauca,San Pedro,,,,,,,,,,,,,,,,,,,,,,,,,,,,,,pendiente,
76736,Valle Del Cauca,Sevilla,,,,,,,,,,,,,,,,,,,,,,,,,,,,,,pendiente,
76823,Valle Del Cauca,Toro,,,,,,,,,,,,,,,,,,,,,,,,,,,,,,pendiente,
76828,Valle Del Cauca,Trujillo,,,,,,,,,,,,,,,,,,,,,,,,,,,,,,pendiente,
76834,Valle Del Cauca,Tuluá,,,,,,,,,,,,,,,,,,,,,,,,,,,,,,pendiente,
76845,Valle Del Cauca,Ulloa,,,,,,,,,,,,,,,,,,,,,,,,,,,,,,pendiente,
76863,Valle Del Cauca,Versalles,,,,,,,,,,,,,,,,,,,,,,,,,,,,,,pendiente,
76869,Valle Del Cauca,Vijes,,,,,,,,,,,,,,,,,,,,,,,,,,,,,,pendiente,
76890,Valle Del Cauca,Yotoco,,,,,,,,,,,,,,,,,,,,,,,,,,,,,,pendiente,
76892,Valle Del Cauca,Yumbo,,,,,,,,,,,,,,,,,,,,,,,,,,,,,,pendiente,
76895,Valle Del Cauca,Zarzal,,,,,,,,,,,,,,,,,,,,,,,,,,,,,,pendiente,
81001,Arauca,Arauca,,,,,,,,,,,,,,,,,,,,,,,,,,,,,,pendiente,
81065,Arauca,Arauquita,,,,,,,,,,,,,,,,,,,,,,,,,,,,,,pendiente,
81220,Arauca,Cravo Norte,,,,,,,,,,,,,,,,,,,,,,,,,,,,,,pendiente,
81300,Arauca,Fortul,,,,,,,,,,,,,,,,,,,,,,,,,,,,,,pendiente,
81591,Arauca,Puerto Rondón,,,,,,,,,,,,,,,,,,,,,,,,,,,,,,pendiente,
81736,Arauca,Saravena,,,,,,,,,,,,,,,,,,,,,,,,,,,,,,pendiente,
81794,Arauca,Tame,,,,,,,,,,,,,,,,,,,,,,,,,,,,,,pendiente,
85001,Casanare,Yopal,,,,,,,,,,,,,,,,,,,,,,,,,,,,,,pendiente,
85010,Casanare,Aguazul,,,,,,,,,,,,,,,,,,,,,,,,,,,,,,pendiente,
85015,Casanare,Chameza,,,,,,,,,,,,,,,,,,,,,,,,,,,,,,pendiente,
85125,Casanare,Hato Corozal,,,,,,,,,,,,,,,,,,,,,,,,,,,,,,pendiente,
85136,Casanare,La Salina,,,,,,,,,,,,,,,,,,,,,,,,,,,,,,pendiente,
85139,Casanare,Maní,,,,,,,,,,,,,,,,,,,,,,,,,,,,,,pendiente,
85162,Casanare,Monterrey,,,,,,,,,,,,,,,,,,,,,,,,,,,,,,pendiente,
85225,Casanare,Nunchía,,,,,,,,,,,,,,,,,,,,,,,,,,,,,,pendiente,
85230,Casanare,Orocué,,,,,,,,,,,,,,,,,,,,,,,,,,,,,,pendiente,
85250,Casanare,Paz de Ariporo,,,,,,,,,,,,,,,,,,,,,,,,,,,,,,pendiente,
85263,Casanare,Pore,,,,,,,,,,,,,,,,,,,,,,,,,,,,,,pendiente,
85279,Casanare,Recetor,,,,,,,,,,,,,,,,,,,,,,,,,,,,,,pendiente,
85300,Casanare,Sabanalarga,,,,,,,,,,,,,,,,,,,,,,,,,,,,,,pendiente,
85315,Casanare,Sácama,,,,,,,,,,,,,,,,,,,,,,,,,,,,,,pendiente,
85325,Casanare,San Luis de Palenque,,,,,,,,,,,,,,,,,,,,,,,,,,,,,,pendiente,
85400,Casanare,Támara,,,,,,,,,,,,,,,,,,,,,,,,,,,,,,pendiente,
85410,Casanare,Tauramena,,,,,,,,,,,,,,,,,,,,,,,,,,,,,,pendiente,
85430,Casanare,Trinidad,,,,,,,,,,,,,,,,,,,,,,,,,,,,,,pendiente,
85440,Casanare,Villanueva,,,,,,,,,,,,,,,,,,,,,,,,,,,,,,pendiente,
86001,Putumayo,Mocoa,,,,,,,,,,,,,,,,,,,,,,,,,,,,,,pendiente,
86219,Putumayo,Colón,,,,,,,,,,,,,,,,,,,,,,,,,,,,,,pendiente,
86320,Putumayo,Orito,,,,,,,,,,,,,,,,,,,,,,,,,,,,,,pendiente,
86568,Putumayo,Puerto Asís,,,,,,,,,,,,,,,,,,,,,,,,,,,,,,pendiente,
86569,Putumayo,Puerto Caicedo,,,,,,,,,,,,,,,,,,,,,,,,,,,,,,pendiente,
86571,Putumayo,Puerto Guzmán,,,,,,,,,,,,,,,,,,,,,,,,,,,,,,pendiente,
86573,Putumayo,Leguízamo,,,,,,,,,,,,,,,,,,,,,,,,,,,,,,pendiente,
86749,Putumayo,Sibundoy,,,,,,,,,,,,,,,,,,,,,,,,,,,,,,pendiente,
86755,Putumayo,San Francisco,,,,,,,,,,,,,,,,,,,,,,,,,,,,,,pendiente,
86757,Putumayo,San Miguel,,,,,,,,,,,,,,,,,,,,,,,,,,,,,,pendiente,
86760,Putumayo,Santiago,,,,,,,,,,,,,,,,,,,,,,,,,,,,,,pendiente,
86865,Putumayo,Valle del Guamuez,,,,,,,,,,,,,,,,,,,,,,,,,,,,,,pendiente,
86885,Putumayo,Villagarzón,,,,,,,,,,,,,,,,,,,,,,,,,,,,,,pendiente,
88001,Archipiélago De San Andrés,San Andrés,,,,,,,,,,,,,,,,,,,,,,,,,,,,,,pendiente,
88564,Archipiélago De San Andrés,Providencia,,,,,,,,,,,,,,,,,,,,,,,,,,,,,,pendiente,
91001,Amazonas,Leticia,,,,,,,,,,,,,,,,,,,,,,,,,,,,,,pendiente,
91263,Amazonas,El Encanto,,,,,,,,,,,,,,,,,,,,,,,,,,,,,,pendiente,
91405,Amazonas,La Chorrera,,,,,,,,,,,,,,,,,,,,,,,,,,,,,,pendiente,
91407,Amazonas,La Pedrera,,,,,,,,,,,,,,,,,,,,,,,,,,,,,,pendiente,
91430,Amazonas,La Victoria,,,,,,,,,,,,,,,,,,,,,,,,,,,,,,pendiente,
91460,Amazonas,Miriti - Paraná,,,,,,,,,,,,,,,,,,,,,,,,,,,,,,pendiente,
91530,Amazonas,Puerto Alegría,,,,,,,,,,,,,,,,,,,,,,,,,,,,,,pendiente,
91536,Amazonas,Puerto Arica,,,,,,,,,,,,,,,,,,,,,,,,,,,,,,pendiente,
91540,Amazonas,Puerto Nariño,,,,,,,,,,,,,,,,,,,,,,,,,,,,,,pendiente,
91669,Amazonas,Puerto Santander,,,,,,,,,,,,,,,,,,,,,,,,,,,,,,pendiente,
91798,Amazonas,Tarapacá,,,,,,,,,,,,,,,,,,,,,,,,,,,,,,pendiente,
94001,Guainía,Inírida,,,,,,,,,,,,,,,,,,,,,,,,,,,,,,pendiente,
94343,Guainía,Barranco Minas,,,,,,,,,,,,,,,,,,,,,,,,,,,,,,pendiente,
94663,Guainía,Mapiripana,,,,,,,,,,,,,,,,,,,,,,,,,,,,,,pendiente,
94883,Guainía,San Felipe,,,,,,,,,,,,,,,,,,,,,,,,,,,,,,pendiente,
94884,Guainía,Puerto Colombia,,,,,,,,,,,,,,,,,,,,,,,,,,,,,,pendiente,
94885,Guainía,La Guadalupe,,,,,,,,,,,,,,,,,,,,,,,,,,,,,,pendiente,
94886,Guainía,Cacahual,,,,,,,,,,,,,,,,,,,,,,,,,,,,,,pendiente,
94887,Guainía,Pana Pana,,,,,,,,,,,,,,,,,,,,,,,,,,,,,,pendiente,
94888,Guainía,Morichal,,,,,,,,,,,,,,,,,,,,,,,,,,,,,,pendiente,
95001,Guaviare,San José del Guaviare,,,,,,,,,,,,,,,,,,,,,,,,,,,,,,pendiente,
95015,Guaviare,Calamar,,,,,,,,,,,,,,,,,,,,,,,,,,,,,,pendiente,
95025,Guaviare,El Retorno,,,,,,,,,,,,,,,,,,,,,,,,,,,,,,pendiente,
95200,Guaviare,Miraflores,,,,,,,,,,,,,,,,,,,,,,,,,,,,,,pendiente,
97001,Vaupés,Mitú,,,,,,,,,,,,,,,,,,,,,,,,,,,,,,pendiente,
97161,Vaupés,Caruru,,,,,,,,,,,,,,,,,,,,,,,,,,,,,,pendiente,
97511,Vaupés,Pacoa,,,,,,,,,,,,,,,,,,,,,,,,,,,,,,pendiente,
97666,Vaupés,Taraira,,,,,,,,,,,,,,,,,,,,,,,,,,,,,,pendiente,
97777,Vaupés,Papunaua,,,,,,,,,,,,,,,,,,,,,,,,,,,,,,pendiente,
97889,Vaupés,Yavaraté,,,,,,,,,,,,,,,,,,,,,,,,,,,,,,pendiente,
99001,Vichada,Puerto Carreño,,,,,,,,,,,,,,,,,,,,,,,,,,,,,,pendiente,
99524,Vichada,La Primavera,,,,,,,,,,,,,,,,,,,,,,,,,,,,,,pendiente,
99624,Vichada,Santa Rosalía,,,,,,,,,,,,,,,,,,,,,,,,,,,,,,pendiente,
99773,Vichada,Cumaribo,,,,,,,,,,,,,,,,,,,,,,,,,,,,,,pendiente,
00000,NACIONAL,NACIONAL,,,,,,,,,,,,,,,,,,,,,,,,,,,,,,pendiente,
,"1. INFORMACIÓN PROVISORIA ""El DANE tiene conocimiento de la existencia de controversias sobre los límites de este municipio, cuya resolución se tramita ante las autoridades",,,,,,,,,,,,,,,,,,,,,,,,,,,,,,,pendiente,
,"competentes. Tan pronto los límites definitivos sean establecidos, el DANE entregara la nueva certificación"".",,,,,,,,,,,,,,,,,,,,,,,,,,,,,,,pendiente,
,"* Corregimiento Departamental (CD): es una división del departamento, al tenor del Decreto 2274 del 4 de octubre de 1991, la cual incluye un núcleo de población. Según esta misma disposición, los ahora corregimientos",,,,,,,,,,,,,,,,,,,,,,,,,,,,,,,pendiente,
,departamentales no forman parte de un determinado municipio.,,,,,,,,,,,,,,,,,,,,,,,,,,,,,,,pendiente,
,* CM: Corregimiento Municipal,,,,,,,,,,,,,,,,,,,,,,,,,,,,,,,pendiente,