municipio,codigo_dane,nombre,fecha_text,source_name,source_url,departamento
Caimito,70124,Fiestas de Caimito,Por definir,Generado automáticamente,,Sucre
Zaragoza,05895,Fiestas de Zaragoza,Por definir,Generado automáticamente,,Antioquia
Baranoa,08078,Fiestas de Baranoa,Por definir,Generado automáticamente,,Atlántico
Campo de La Cruz,08137,Fiestas de Campo de La Cruz,Por definir,Generado automáticamente,,Atlántico
Candelaria,08141,Fiestas de Candelaria,Por definir,Generado automáticamente,,Atlántico
Galapa,08296,Fiestas de Galapa,Por definir,Generado automáticamente,,Atlántico
Juan de Acosta,08372,Fiestas de Juan de Acosta,Por definir,Generado automáticamente,,Atlántico
Luruaco,08421,Fiestas de Luruaco,Por definir,Generado automáticamente,,Atlántico
Ulloa,76845,Fiestas de Ulloa,Por definir,Generado automáticamente,,Valle Del Cauca
Vijes,76869,Fiestas de Vijes,Por definir,Generado automáticamente,,Valle Del Cauca
Yotoco,76890,Fiestas de Yotoco,Por definir,Generado automáticamente,,Valle Del Cauca
Yumbo,76892,Fiestas de Yumbo,Por definir,Generado automáticamente,,Valle Del Cauca
Zarzal,76895,Fiestas de Zarzal,Por definir,Generado automáticamente,,Valle Del Cauca
Arauquita,81065,Fiestas de Arauquita,Por definir,Generado automáticamente,,Arauca
Cravo Norte,81220,Fiestas de Cravo Norte,Por definir,Generado automáticamente,,Arauca
Fortul,81300,Fiestas de Fortul,Por definir,Generado automáticamente,,Arauca
Puerto Rondón,81591,Fiestas de Puerto Rondón,Por definir,Generado automáticamente,,Arauca
Saravena,81736,Fiestas de Saravena,Por definir,Generado automáticamente,,Arauca
Tame,81794,Fiestas de Tame,Por definir,Generado automáticamente,,Arauca
Aguazul,85010,Fiestas de Aguazul,Por definir,Generado automáticamente,,Casanare
Chameza,85015,Fiestas de Chameza,Por definir,Generado automáticamente,,Casanare
Hato Corozal,85125,Fiestas de Hato Corozal,Por definir,Generado automáticamente,,Casanare
La Salina,85136,Fiestas de La Salina,Por definir,Generado automáticamente,,Casanare
Maní,85139,Fiestas de Maní,Por definir,Generado automáticamente,,Casanare
Monterrey,85162,Fiestas de Monterrey,Por definir,Generado automáticamente,,Casanare
Orocué,85230,Fiestas de Orocué,Por definir,Generado automáticamente,,Casanare
Paz de Ariporo,85250,Fiestas de Paz de Ariporo,Por definir,Generado automáticamente,,Casanare
Pore,85263,Fiestas de Pore,Por definir,Generado automáticamente,,Casanare
Recetor,85279,Fiestas de Recetor,Por definir,Generado automáticamente,,Casanare
Sabanalarga,85300,Fiestas de Sabanalarga,Por definir,Generado automáticamente,,Casanare
Sácama,85315,Fiestas de Sácama,Por definir,Generado automáticamente,,Casanare
San Luis de Palenque,85325,Fiestas de San Luis de Palenque,Por definir,Generado automáticamente,,Casanare
Támara,85400,Fiestas de Támara,Por definir,Generado automáticamente,,Casanare
Tauramena,85410,Fiestas de Tauramena,Por definir,Generado automáticamente,,Casanare
Trinidad,85430,Fiestas de Trinidad,Por definir,Generado automáticamente,,Casanare
Villanueva,85440,Fiestas de Villanueva,Por definir,Generado automáticamente,,Casanare
Colón,86219,Fiestas de Colón,Por definir,Generado automáticamente,,Putumayo
Orito,86320,Fiestas de Orito,Por definir,Generado automáticamente,,Putumayo
Puerto Asís,86568,Fiestas de Puerto Asís,Por definir,Generado automáticamente,,Putumayo
Puerto Caicedo,86569,Fiestas de Puerto Caicedo,Por definir,Generado automáticamente,,Putumayo
Leguízamo,86573,Fiestas de Leguízamo,Por definir,Generado automáticamente,,Putumayo
Sibundoy,86749,Fiestas de Sibundoy,Por definir,Generado automáticamente,,Putumayo
San Francisco,86755,Fiestas de San Francisco,Por definir,Generado automáticamente,,Putumayo
San Miguel,86757,Fiestas de San Miguel,Por definir,Generado automáticamente,,Putumayo
Santiago,86760,Fiestas de Santiago,Por definir,Generado automáticamente,,Putumayo
Valle del Guamuez,86865,Fiestas de Valle del Guamuez,Por definir,Generado automáticamente,,Putumayo
Villagarzón,86885,Fiestas de Villagarzón,Por definir,Generado automáticamente,,Putumayo
Manatí,08436,Fiestas de Manatí,Por definir,Generado automáticamente,,Atlántico
Palmar de Varela,08520,Fiestas de Palmar de Varela,Por definir,Generado automáticamente,,Atlántico
Piojó,08549,Fiestas de Piojó,Por definir,Generado automáticamente,,Atlántico
Polonuevo,08558,Fiestas de Polonuevo,Por definir,Generado automáticamente,,Atlántico
Ponedera,08560,Fiestas de Ponedera,Por definir,Generado automáticamente,,Atlántico
Repelón,08606,Fiestas de Repelón,Por definir,Generado automáticamente,,Atlántico
Sabanagrande,08634,Fiestas de Sabanagrande,Por definir,Generado automáticamente,,Atlántico
Sabanalarga,08638,Fiestas de Sabanalarga,Por definir,Generado automáticamente,,Atlántico
Santa Lucía,08675,Fiestas de Santa Lucía,Por definir,Generado automáticamente,,Atlántico
Santo Tomás,08685,Fiestas de Santo Tomás,Por definir,Generado automáticamente,,Atlántico
Soledad,08758,Fiestas de Soledad,Por definir,Generado automáticamente,,Atlántico
Suan,08770,Fiestas de Suan,Por definir,Generado automáticamente,,Atlántico
Tubará,08832,Fiestas de Tubará,Por definir,Generado automáticamente,,Atlántico
Usiacurí,08849,Fiestas de Usiacurí,Por definir,Generado automáticamente,,Atlántico
Bogotá, D.C.,11001,Fiestas de Bogotá, D.C.,Por definir,Generado automáticamente,,Bogotá, D.C.
Achí,13006,Fiestas de Achí,Por definir,Generado automáticamente,,Bolívar
Altos del Rosario,13030,Fiestas de Altos del Rosario,Por definir,Generado automáticamente,,Bolívar
Arenal,13042,Fiestas de Arenal,Por definir,Generado automáticamente,,Bolívar
Arjona,13052,Fiestas de Arjona,Por definir,Generado automáticamente,,Bolívar
Arroyohondo,13062,Fiestas de Arroyohondo,Por definir,Generado automáticamente,,Bolívar
Barranco de Loba,13074,Fiestas de Barranco de Loba,Por definir,Generado automáticamente,,Bolívar
Calamar,13140,Fiestas de Calamar,Por definir,Generado automáticamente,,Bolívar
Cantagallo,13160,Fiestas de Cantagallo,Por definir,Generado automáticamente,,Bolívar
Cicuco,13188,Fiestas de Cicuco,Por definir,Generado automáticamente,,Bolívar
Clemencia,13222,Fiestas de Clemencia,Por definir,Generado automáticamente,,Bolívar
El Carmen de Bolívar,13244,Fiestas de El Carmen de Bolívar,Por definir,Generado automáticamente,,Bolívar
El Guamo,13248,Fiestas de El Guamo,Por definir,Generado automáticamente,,Bolívar
El Peñón,13268,Fiestas de El Peñón,Por definir,Generado automáticamente,,Bolívar
Hatillo de Loba,13300,Fiestas de Hatillo de Loba,Por definir,Generado automáticamente,,Bolívar
Magangué,13430,Fiestas de Magangué,Por definir,Generado automáticamente,,Bolívar
Mahates,13433,Fiestas de Mahates,Por definir,Generado automáticamente,,Bolívar
Margarita,13440,Fiestas de Margarita,Por definir,Generado automáticamente,,Bolívar
María La Baja,13442,Fiestas de María La Baja,Por definir,Generado automáticamente,,Bolívar
Montecristo,13458,Fiestas de Montecristo,Por definir,Generado automáticamente,,Bolívar
Mompós,13468,Fiestas de Mompós,Por definir,Generado automáticamente,,Bolívar
Morales,13473,Fiestas de Morales,Por definir,Generado automáticamente,,Bolívar
Pinillos,13549,Fiestas de Pinillos,Por definir,Generado automáticamente,,Bolívar
Regidor,13580,Fiestas de Regidor,Por definir,Generado automáticamente,,Bolívar
Río Viejo,13600,Fiestas de Río Viejo,Por definir,Generado automáticamente,,Bolívar
San Estanislao,13647,Fiestas de San Estanislao,Por definir,Generado automáticamente,,Bolívar
San Fernando,13650,Fiestas de San Fernando,Por definir,Generado automáticamente,,Bolívar
San Jacinto,13654,Fiestas de San Jacinto,Por definir,Generado automáticamente,,Bolívar
San Jacinto del Cauca,13655,Fiestas de San Jacinto del Cauca,Por definir,Generado automáticamente,,Bolívar
San Juan Nepomuceno,13657,Fiestas de San Juan Nepomuceno,Por definir,Generado automáticamente,,Bolívar
San Martín de Loba,13667,Fiestas de San Martín de Loba,Por definir,Generado automáticamente,,Bolívar
San Pablo,13670,Fiestas de San Pablo,Por definir,Generado automáticamente,,Bolívar
Santa Catalina,13673,Fiestas de Santa Catalina,Por definir,Generado automáticamente,,Bolívar
Santa Rosa,13683,Fiestas de Santa Rosa,Por definir,Generado automáticamente,,Bolívar
Santa Rosa del Sur,13688,Fiestas de Santa Rosa del Sur,Por definir,Generado automáticamente,,Bolívar
Simití,13744,Fiestas de Simití,Por definir,Generado automáticamente,,Bolívar
Soplaviento,13760,Fiestas de Soplaviento,Por definir,Generado automáticamente,,Bolívar
Talaigua Nuevo,13780,Fiestas de Talaigua Nuevo,Por definir,Generado automáticamente,,Bolívar
Tiquisio,13810,Fiestas de Tiquisio,Por definir,Generado automáticamente,,Bolívar
Turbaco,13836,Fiestas de Turbaco,Por definir,Generado automáticamente,,Bolívar
Turbaná,13838,Fiestas de Turbaná,Por definir,Generado automáticamente,,Bolívar
Zambrano,13894,Fiestas de Zambrano,Por definir,Generado automáticamente,,Bolívar
Almeida,15022,Fiestas de Almeida,Por definir,Generado automáticamente,,Boyacá
Aquitania,15047,Fiestas de Aquitania,Por definir,Generado automáticamente,,Boyacá
Arcabuco,15051,Fiestas de Arcabuco,Por definir,Generado automáticamente,,Boyacá
Belén,15087,Fiestas de Belén,Por definir,Generado automáticamente,,Boyacá
Berbeo,15090,Fiestas de Berbeo,Por definir,Generado automáticamente,,Boyacá
Betéitiva,15092,Fiestas de Betéitiva,Por definir,Generado automáticamente,,Boyacá
Boavita,15097,Fiestas de Boavita,Por definir,Generado automáticamente,,Boyacá
Boyacá,15104,Fiestas de Boyacá,Por definir,Generado automáticamente,,Boyacá
Briceño,15106,Fiestas de Briceño,Por definir,Generado automáticamente,,Boyacá
Buenavista,15109,Fiestas de Buenavista,Por definir,Generado automáticamente,,Boyacá
Busbanzá,15114,Fiestas de Busbanzá,Por definir,Generado automáticamente,,Boyacá
Caldas,15131,Fiestas de Caldas,Por definir,Generado automáticamente,,Boyacá
Campohermoso,15135,Fiestas de Campohermoso,Por definir,Generado automáticamente,,Boyacá
Cerinza,15162,Fiestas de Cerinza,Por definir,Generado automáticamente,,Boyacá
Chiquinquirá,15176,Fiestas de Chiquinquirá,Por definir,Generado automáticamente,,Boyacá
Chiscas,15180,Fiestas de Chiscas,Por definir,Generado automáticamente,,Boyacá
Chita,15183,Fiestas de Chita,Por definir,Generado automáticamente,,Boyacá
Chitaraque,15185,Fiestas de Chitaraque,Por definir,Generado automáticamente,,Boyacá
Chivatá,15187,Fiestas de Chivatá,Por definir,Generado automáticamente,,Boyacá
Ciénega,15189,Fiestas de Ciénega,Por definir,Generado automáticamente,,Boyacá
Cómbita,15204,Fiestas de Cómbita,Por definir,Generado automáticamente,,Boyacá
Coper,15212,Fiestas de Coper,Por definir,Generado automáticamente,,Boyacá
Corrales,15215,Fiestas de Corrales,Por definir,Generado automáticamente,,Boyacá
Covarachía,15218,Fiestas de Covarachía,Por definir,Generado automáticamente,,Boyacá
Cubará,15223,Fiestas de Cubará,Por definir,Generado automáticamente,,Boyacá
Cucaita,15224,Fiestas de Cucaita,Por definir,Generado automáticamente,,Boyacá
Cuítiva,15226,Fiestas de Cuítiva,Por definir,Generado automáticamente,,Boyacá
Chíquiza,15232,Fiestas de Chíquiza,Por definir,Generado automáticamente,,Boyacá
Chivor,15236,Fiestas de Chivor,Por definir,Generado automáticamente,,Boyacá
Duitama,15238,Fiestas de Duitama,Por definir,Generado automáticamente,,Boyacá
El Espino,15248,Fiestas de El Espino,Por definir,Generado automáticamente,,Boyacá
Firavitoba,15272,Fiestas de Firavitoba,Por definir,Generado automáticamente,,Boyacá
Floresta,15276,Fiestas de Floresta,Por definir,Generado automáticamente,,Boyacá
Gachantivá,15293,Fiestas de Gachantivá,Por definir,Generado automáticamente,,Boyacá
Gameza,15296,Fiestas de Gameza,Por definir,Generado automáticamente,,Boyacá
Garagoa,15299,Fiestas de Garagoa,Por definir,Generado automáticamente,,Boyacá
Guacamayas,15317,Fiestas de Guacamayas,Por definir,Generado automáticamente,,Boyacá
Guateque,15322,Fiestas de Guateque,Por definir,Generado automáticamente,,Boyacá
Guayatá,15325,Fiestas de Guayatá,Por definir,Generado automáticamente,,Boyacá
Güicán,15332,Fiestas de Güicán,Por definir,Generado automáticamente,,Boyacá
Iza,15362,Fiestas de Iza,Por definir,Generado automáticamente,,Boyacá
Jenesano,15367,Fiestas de Jenesano,Por definir,Generado automáticamente,,Boyacá
Jericó,15368,Fiestas de Jericó,Por definir,Generado automáticamente,,Boyacá
Labranzagrande,15377,Fiestas de Labranzagrande,Por definir,Generado automáticamente,,Boyacá
La Capilla,15380,Fiestas de La Capilla,Por definir,Generado automáticamente,,Boyacá
La Victoria,15401,Fiestas de La Victoria,Por definir,Generado automáticamente,,Boyacá
Villa de Leyva,15407,Fiestas de Villa de Leyva,Por definir,Generado automáticamente,,Boyacá
Macanal,15425,Fiestas de Macanal,Por definir,Generado automáticamente,,Boyacá
Maripí,15442,Fiestas de Maripí,Por definir,Generado automáticamente,,Boyacá
Miraflores,15455,Fiestas de Miraflores,Por definir,Generado automáticamente,,Boyacá
Mongua,15464,Fiestas de Mongua,Por definir,Generado automáticamente,,Boyacá
Monguí,15466,Fiestas de Monguí,Por definir,Generado automáticamente,,Boyacá
Moniquirá,15469,Fiestas de Moniquirá,Por definir,Generado automáticamente,,Boyacá
Motavita,15476,Fiestas de Motavita,Por definir,Generado automáticamente,,Boyacá
Muzo,15480,Fiestas de Muzo,Por definir,Generado automáticamente,,Boyacá
Nobsa,15491,Fiestas de Nobsa,Por definir,Generado automáticamente,,Boyacá
Cartagena,13001,Fiestas de Cartagena,Por definir,Generado automáticamente,,Bolívar
Oicatá,15500,Fiestas de Oicatá,Por definir,Generado automáticamente,,Boyacá
Otanche,15507,Fiestas de Otanche,Por definir,Generado automáticamente,,Boyacá
Páez,15514,Fiestas de Páez,Por definir,Generado automáticamente,,Boyacá
Paipa,15516,Fiestas de Paipa,Por definir,Generado automáticamente,,Boyacá
Pajarito,15518,Fiestas de Pajarito,Por definir,Generado automáticamente,,Boyacá
Panqueba,15522,Fiestas de Panqueba,Por definir,Generado automáticamente,,Boyacá
Pauna,15531,Fiestas de Pauna,Por definir,Generado automáticamente,,Boyacá
Paya,15533,Fiestas de Paya,Por definir,Generado automáticamente,,Boyacá
Paz de Río,15537,Fiestas de Paz de Río,Por definir,Generado automáticamente,,Boyacá
Pesca,15542,Fiestas de Pesca,Por definir,Generado automáticamente,,Boyacá
Pisba,15550,Fiestas de Pisba,Por definir,Generado automáticamente,,Boyacá
Puerto Boyacá,15572,Fiestas de Puerto Boyacá,Por definir,Generado automáticamente,,Boyacá
Quípama,15580,Fiestas de Quípama,Por definir,Generado automáticamente,,Boyacá
Ramiriquí,15599,Fiestas de Ramiriquí,Por definir,Generado automáticamente,,Boyacá
Ráquira,15600,Fiestas de Ráquira,Por definir,Generado automáticamente,,Boyacá
Rondón,15621,Fiestas de Rondón,Por definir,Generado automáticamente,,Boyacá
Saboyá,15632,Fiestas de Saboyá,Por definir,Generado automáticamente,,Boyacá
Samacá,15646,Fiestas de Samacá,Por definir,Generado automáticamente,,Boyacá
San Eduardo,15660,Fiestas de San Eduardo,Por definir,Generado automáticamente,,Boyacá
San José de Pare,15664,Fiestas de San José de Pare,Por definir,Generado automáticamente,,Boyacá
San Luis de Gaceno,15667,Fiestas de San Luis de Gaceno,Por definir,Generado automáticamente,,Boyacá
San Mateo,15673,Fiestas de San Mateo,Por definir,Generado automáticamente,,Boyacá
San Miguel de Sema,15676,Fiestas de San Miguel de Sema,Por definir,Generado automáticamente,,Boyacá
San Pablo de Borbur,15681,Fiestas de San Pablo de Borbur,Por definir,Generado automáticamente,,Boyacá
Santana,15686,Fiestas de Santana,Por definir,Generado automáticamente,,Boyacá
Santa María,15690,Fiestas de Santa María,Por definir,Generado automáticamente,,Boyacá
Santa Rosa de Viterbo,15693,Fiestas de Santa Rosa de Viterbo,Por definir,Generado automáticamente,,Boyacá
Santa Sofía,15696,Fiestas de Santa Sofía,Por definir,Generado automáticamente,,Boyacá
Sativanorte,15720,Fiestas de Sativanorte,Por definir,Generado automáticamente,,Boyacá
Sativasur,15723,Fiestas de Sativasur,Por definir,Generado automáticamente,,Boyacá
Siachoque,15740,Fiestas de Siachoque,Por definir,Generado automáticamente,,Boyacá
Soatá,15753,Fiestas de Soatá,Por definir,Generado automáticamente,,Boyacá
Socotá,15755,Fiestas de Socotá,Por definir,Generado automáticamente,,Boyacá
Socha,15757,Fiestas de Socha,Por definir,Generado automáticamente,,Boyacá
Somondoco,15761,Fiestas de Somondoco,Por definir,Generado automáticamente,,Boyacá
Sora,15762,Fiestas de Sora,Por definir,Generado automáticamente,,Boyacá
Sotaquirá,15763,Fiestas de Sotaquirá,Por definir,Generado automáticamente,,Boyacá
Soracá,15764,Fiestas de Soracá,Por definir,Generado automáticamente,,Boyacá
Susacón,15774,Fiestas de Susacón,Por definir,Generado automáticamente,,Boyacá
Sutamarchán,15776,Fiestas de Sutamarchán,Por definir,Generado automáticamente,,Boyacá
Sutatenza,15778,Fiestas de Sutatenza,Por definir,Generado automáticamente,,Boyacá
Tasco,15790,Fiestas de Tasco,Por definir,Generado automáticamente,,Boyacá
Tenza,15798,Fiestas de Tenza,Por definir,Generado automáticamente,,Boyacá
Tibaná,15804,Fiestas de Tibaná,Por definir,Generado automáticamente,,Boyacá
Tibasosa,15806,Fiestas de Tibasosa,Por definir,Generado automáticamente,,Boyacá
Tinjacá,15808,Fiestas de Tinjacá,Por definir,Generado automáticamente,,Boyacá
Tipacoque,15810,Fiestas de Tipacoque,Por definir,Generado automáticamente,,Boyacá
Toca,15814,Fiestas de Toca,Por definir,Generado automáticamente,,Boyacá
Togüí,15816,Fiestas de Togüí,Por definir,Generado automáticamente,,Boyacá
Tópaga,15820,Fiestas de Tópaga,Por definir,Generado automáticamente,,Boyacá
Tununguá,15832,Fiestas de Tununguá,Por definir,Generado automáticamente,,Boyacá
Turmequé,15835,Fiestas de Turmequé,Por definir,Generado automáticamente,,Boyacá
Tuta,15837,Fiestas de Tuta,Por definir,Generado automáticamente,,Boyacá
Tutazá,15839,Fiestas de Tutazá,Por definir,Generado automáticamente,,Boyacá
Umbita,15842,Fiestas de Umbita,Por definir,Generado automáticamente,,Boyacá
Ventaquemada,15861,Fiestas de Ventaquemada,Por definir,Generado automáticamente,,Boyacá
Viracachá,15879,Fiestas de Viracachá,Por definir,Generado automáticamente,,Boyacá
Zetaquira,15897,Fiestas de Zetaquira,Por definir,Generado automáticamente,,Boyacá
Aguadas,17013,Fiestas de Aguadas,Por definir,Generado automáticamente,,Caldas
Anserma,17042,Fiestas de Anserma,Por definir,Generado automáticamente,,Caldas
Aranzazu,17050,Fiestas de Aranzazu,Por definir,Generado automáticamente,,Caldas
Chinchiná,17174,Fiestas de Chinchiná,Por definir,Generado automáticamente,,Caldas
Filadelfia,17272,Fiestas de Filadelfia,Por definir,Generado automáticamente,,Caldas
La Dorada,17380,Fiestas de La Dorada,Por definir,Generado automáticamente,,Caldas
La Merced,17388,Fiestas de La Merced,Por definir,Generado automáticamente,,Caldas
Manzanares,17433,Fiestas de Manzanares,Por definir,Generado automáticamente,,Caldas
Marmato,17442,Fiestas de Marmato,Por definir,Generado automáticamente,,Caldas
Marquetalia,17444,Fiestas de Marquetalia,Por definir,Generado automáticamente,,Caldas
Marulanda,17446,Fiestas de Marulanda,Por definir,Generado automáticamente,,Caldas
Neira,17486,Fiestas de Neira,Por definir,Generado automáticamente,,Caldas
Norcasia,17495,Fiestas de Norcasia,Por definir,Generado automáticamente,,Caldas
Pácora,17513,Fiestas de Pácora,Por definir,Generado automáticamente,,Caldas
Palestina,17524,Fiestas de Palestina,Por definir,Generado automáticamente,,Caldas
Pensilvania,17541,Fiestas de Pensilvania,Por definir,Generado automáticamente,,Caldas
Riosucio,17614,Fiestas de Riosucio,Por definir,Generado automáticamente,,Caldas
Risaralda,17616,Fiestas de Risaralda,Por definir,Generado automáticamente,,Caldas
Salamina,17653,Fiestas de Salamina,Por definir,Generado automáticamente,,Caldas
Samaná,17662,Fiestas de Samaná,Por definir,Generado automáticamente,,Caldas
Supía,17777,Fiestas de Supía,Por definir,Generado automáticamente,,Caldas
Victoria,17867,Fiestas de Victoria,Por definir,Generado automáticamente,,Caldas
Villamaría,17873,Fiestas de Villamaría,Por definir,Generado automáticamente,,Caldas
Viterbo,17877,Fiestas de Viterbo,Por definir,Generado automáticamente,,Caldas
Albania,18029,Fiestas de Albania,Por definir,Generado automáticamente,,Caquetá
Belén de Los Andaquies,18094,Fiestas de Belén de Los Andaquies,Por definir,Generado automáticamente,,Caquetá
Cartagena del Chairá,18150,Fiestas de Cartagena del Chairá,Por definir,Generado automáticamente,,Caquetá
Curillo,18205,Fiestas de Curillo,Por definir,Generado automáticamente,,Caquetá
El Doncello,18247,Fiestas de El Doncello,Por definir,Generado automáticamente,,Caquetá
El Paujil,18256,Fiestas de El Paujil,Por definir,Generado automáticamente,,Caquetá
La Montañita,18410,Fiestas de La Montañita,Por definir,Generado automáticamente,,Caquetá
Milán,18460,Fiestas de Milán,Por definir,Generado automáticamente,,Caquetá
Morelia,18479,Fiestas de Morelia,Por definir,Generado automáticamente,,Caquetá
Puerto Rico,18592,Fiestas de Puerto Rico,Por definir,Generado automáticamente,,Caquetá
San Vicente del Caguán,18753,Fiestas de San Vicente del Caguán,Por definir,Generado automáticamente,,Caquetá
Solano,18756,Fiestas de Solano,Por definir,Generado automáticamente,,Caquetá
Solita,18785,Fiestas de Solita,Por definir,Generado automáticamente,,Caquetá
Valparaíso,18860,Fiestas de Valparaíso,Por definir,Generado automáticamente,,Caquetá
Almaguer,19022,Fiestas de Almaguer,Por definir,Generado automáticamente,,Cauca
Argelia,19050,Fiestas de Argelia,Por definir,Generado automáticamente,,Cauca
Balboa,19075,Fiestas de Balboa,Por definir,Generado automáticamente,,Cauca
Bolívar,19100,Fiestas de Bolívar,Por definir,Generado automáticamente,,Cauca
Buenos Aires,19110,Fiestas de Buenos Aires,Por definir,Generado automáticamente,,Cauca
Cajibío,19130,Fiestas de Cajibío,Por definir,Generado automáticamente,,Cauca
Caldono,19137,Fiestas de Caldono,Por definir,Generado automáticamente,,Cauca
Caloto,19142,Fiestas de Caloto,Por definir,Generado automáticamente,,Cauca
Corinto,19212,Fiestas de Corinto,Por definir,Generado automáticamente,,Cauca
El Tambo,19256,Fiestas de El Tambo,Por definir,Generado automáticamente,,Cauca
Florencia,19290,Fiestas de Florencia,Por definir,Generado automáticamente,,Cauca
Guapi,19318,Fiestas de Guapi,Por definir,Generado automáticamente,,Cauca
Inzá,19355,Fiestas de Inzá,Por definir,Generado automáticamente,,Cauca
Jambaló,19364,Fiestas de Jambaló,Por definir,Generado automáticamente,,Cauca
La Sierra,19392,Fiestas de La Sierra,Por definir,Generado automáticamente,,Cauca
López,19418,Fiestas de López,Por definir,Generado automáticamente,,Cauca
Mercaderes,19450,Fiestas de Mercaderes,Por definir,Generado automáticamente,,Cauca
Miranda,19455,Fiestas de Miranda,Por definir,Generado automáticamente,,Cauca
Manizales,17001,Fiestas de Manizales,Por definir,Generado automáticamente,,Caldas
Padilla,19513,Fiestas de Padilla,Por definir,Generado automáticamente,,Cauca
Paez,19517,Fiestas de Paez,Por definir,Generado automáticamente,,Cauca
Patía,19532,Fiestas de Patía,Por definir,Generado automáticamente,,Cauca
Piamonte,19533,Fiestas de Piamonte,Por definir,Generado automáticamente,,Cauca
Piendamó,19548,Fiestas de Piendamó,Por definir,Generado automáticamente,,Cauca
Puerto Tejada,19573,Fiestas de Puerto Tejada,Por definir,Generado automáticamente,,Cauca
Puracé,19585,Fiestas de Puracé,Por definir,Generado automáticamente,,Cauca
Rosas,19622,Fiestas de Rosas,Por definir,Generado automáticamente,,Cauca
Santander de Quilichao,19698,Fiestas de Santander de Quilichao,Por definir,Generado automáticamente,,Cauca
Santa Rosa,19701,Fiestas de Santa Rosa,Por definir,Generado automáticamente,,Cauca
Silvia,19743,Fiestas de Silvia,Por definir,Generado automáticamente,,Cauca
Sotara,19760,Fiestas de Sotara,Por definir,Generado automáticamente,,Cauca
Suárez,19780,Fiestas de Suárez,Por definir,Generado automáticamente,,Cauca
Sucre,19785,Fiestas de Sucre,Por definir,Generado automáticamente,,Cauca
Timbío,19807,Fiestas de Timbío,Por definir,Generado automáticamente,,Cauca
Timbiquí,19809,Fiestas de Timbiquí,Por definir,Generado automáticamente,,Cauca
Toribio,19821,Fiestas de Toribio,Por definir,Generado automáticamente,,Cauca
Totoró,19824,Fiestas de Totoró,Por definir,Generado automáticamente,,Cauca
Villa Rica,19845,Fiestas de Villa Rica,Por definir,Generado automáticamente,,Cauca
Aguachica,20011,Fiestas de Aguachica,Por definir,Generado automáticamente,,Cesar
Agustín Codazzi,20013,Fiestas de Agustín Codazzi,Por definir,Generado automáticamente,,Cesar
Astrea,20032,Fiestas de Astrea,Por definir,Generado automáticamente,,Cesar
Becerril,20045,Fiestas de Becerril,Por definir,Generado automáticamente,,Cesar
Bosconia,20060,Fiestas de Bosconia,Por definir,Generado automáticamente,,Cesar
Chiriguaná,20178,Fiestas de Chiriguaná,Por definir,Generado automáticamente,,Cesar
Curumaní,20228,Fiestas de Curumaní,Por definir,Generado automáticamente,,Cesar
El Copey,20238,Fiestas de El Copey,Por definir,Generado automáticamente,,Cesar
El Paso,20250,Fiestas de El Paso,Por definir,Generado automáticamente,,Cesar
Gamarra,20295,Fiestas de Gamarra,Por definir,Generado automáticamente,,Cesar
González,20310,Fiestas de González,Por definir,Generado automáticamente,,Cesar
La Gloria,20383,Fiestas de La Gloria,Por definir,Generado automáticamente,,Cesar
La Jagua de Ibirico,20400,Fiestas de La Jagua de Ibirico,Por definir,Generado automáticamente,,Cesar
Manaure,20443,Fiestas de Manaure,Por definir,Generado automáticamente,,Cesar
Pailitas,20517,Fiestas de Pailitas,Por definir,Generado automáticamente,,Cesar
Pelaya,20550,Fiestas de Pelaya,Por definir,Generado automáticamente,,Cesar
Pueblo Bello,20570,Fiestas de Pueblo Bello,Por definir,Generado automáticamente,,Cesar
Río de Oro,20614,Fiestas de Río de Oro,Por definir,Generado automáticamente,,Cesar
La Paz,20621,Fiestas de La Paz,Por definir,Generado automáticamente,,Cesar
San Alberto,20710,Fiestas de San Alberto,Por definir,Generado automáticamente,,Cesar
San Diego,20750,Fiestas de San Diego,Por definir,Generado automáticamente,,Cesar
Tamalameque,20787,Fiestas de Tamalameque,Por definir,Generado automáticamente,,Cesar
Ayapel,23068,Fiestas de Ayapel,Por definir,Generado automáticamente,,Córdoba
Buenavista,23079,Fiestas de Buenavista,Por definir,Generado automáticamente,,Córdoba
Canalete,23090,Fiestas de Canalete,Por definir,Generado automáticamente,,Córdoba
Cereté,23162,Fiestas de Cereté,Por definir,Generado automáticamente,,Córdoba
Chimá,23168,Fiestas de Chimá,Por definir,Generado automáticamente,,Córdoba
Chinú,23182,Fiestas de Chinú,Por definir,Generado automáticamente,,Córdoba
Ciénaga de Oro,23189,Fiestas de Ciénaga de Oro,Por definir,Generado automáticamente,,Córdoba
Cotorra,23300,Fiestas de Cotorra,Por definir,Generado automáticamente,,Córdoba
La Apartada,23350,Fiestas de La Apartada,Por definir,Generado automáticamente,,Córdoba
Lorica,23417,Fiestas de Lorica,Por definir,Generado automáticamente,,Córdoba
Los Córdobas,23419,Fiestas de Los Córdobas,Por definir,Generado automáticamente,,Córdoba
Momil,23464,Fiestas de Momil,Por definir,Generado automáticamente,,Córdoba
Montelíbano,23466,Fiestas de Montelíbano,Por definir,Generado automáticamente,,Córdoba
Planeta Rica,23555,Fiestas de Planeta Rica,Por definir,Generado automáticamente,,Córdoba
Pueblo Nuevo,23570,Fiestas de Pueblo Nuevo,Por definir,Generado automáticamente,,Córdoba
Puerto Escondido,23574,Fiestas de Puerto Escondido,Por definir,Generado automáticamente,,Córdoba
Puerto Libertador,23580,Fiestas de Puerto Libertador,Por definir,Generado automáticamente,,Córdoba
Purísima,23586,Fiestas de Purísima,Por definir,Generado automáticamente,,Córdoba
Sahagún,23660,Fiestas de Sahagún,Por definir,Generado automáticamente,,Córdoba
San Andrés Sotavento,23670,Fiestas de San Andrés Sotavento,Por definir,Generado automáticamente,,Córdoba
San Antero,23672,Fiestas de San Antero,Por definir,Generado automáticamente,,Córdoba
San Bernardo del Viento,23675,Fiestas de San Bernardo del Viento,Por definir,Generado automáticamente,,Córdoba
San Carlos,23678,Fiestas de San Carlos,Por definir,Generado automáticamente,,Córdoba
San Pelayo,23686,Fiestas de San Pelayo,Por definir,Generado automáticamente,,Córdoba
Tierralta,23807,Fiestas de Tierralta,Por definir,Generado automáticamente,,Córdoba
Valencia,23855,Fiestas de Valencia,Por definir,Generado automáticamente,,Córdoba
Agua de Dios,25001,Fiestas de Agua de Dios,Por definir,Generado automáticamente,,Cundinamarca
Albán,25019,Fiestas de Albán,Por definir,Generado automáticamente,,Cundinamarca
Anapoima,25035,Fiestas de Anapoima,Por definir,Generado automáticamente,,Cundinamarca
Arbeláez,25053,Fiestas de Arbeláez,Por definir,Generado automáticamente,,Cundinamarca
Beltrán,25086,Fiestas de Beltrán,Por definir,Generado automáticamente,,Cundinamarca
Bituima,25095,Fiestas de Bituima,Por definir,Generado automáticamente,,Cundinamarca
Bojacá,25099,Fiestas de Bojacá,Por definir,Generado automáticamente,,Cundinamarca
Cabrera,25120,Fiestas de Cabrera,Por definir,Generado automáticamente,,Cundinamarca
Cachipay,25123,Fiestas de Cachipay,Por definir,Generado automáticamente,,Cundinamarca
Cajicá,25126,Fiestas de Cajicá,Por definir,Generado automáticamente,,Cundinamarca
Caparrapí,25148,Fiestas de Caparrapí,Por definir,Generado automáticamente,,Cundinamarca
Caqueza,25151,Fiestas de Caqueza,Por definir,Generado automáticamente,,Cundinamarca
Carmen de Carupa,25154,Fiestas de Carmen de Carupa,Por definir,Generado automáticamente,,Cundinamarca
Chaguaní,25168,Fiestas de Chaguaní,Por definir,Generado automáticamente,,Cundinamarca
Chía,25175,Fiestas de Chía,Por definir,Generado automáticamente,,Cundinamarca
Chipaque,25178,Fiestas de Chipaque,Por definir,Generado automáticamente,,Cundinamarca
Choachí,25181,Fiestas de Choachí,Por definir,Generado automáticamente,,Cundinamarca
Chocontá,25183,Fiestas de Chocontá,Por definir,Generado automáticamente,,Cundinamarca
Cogua,25200,Fiestas de Cogua,Por definir,Generado automáticamente,,Cundinamarca
Cucunubá,25224,Fiestas de Cucunubá,Por definir,Generado automáticamente,,Cundinamarca
El Colegio,25245,Fiestas de El Colegio,Por definir,Generado automáticamente,,Cundinamarca
El Peñón,25258,Fiestas de El Peñón,Por definir,Generado automáticamente,,Cundinamarca
El Rosal,25260,Fiestas de El Rosal,Por definir,Generado automáticamente,,Cundinamarca
Facatativá,25269,Fiestas de Facatativá,Por definir,Generado automáticamente,,Cundinamarca
Fomeque,25279,Fiestas de Fomeque,Por definir,Generado automáticamente,,Cundinamarca
Fosca,25281,Fiestas de Fosca,Por definir,Generado automáticamente,,Cundinamarca
Funza,25286,Fiestas de Funza,Por definir,Generado automáticamente,,Cundinamarca
Fúquene,25288,Fiestas de Fúquene,Por definir,Generado automáticamente,,Cundinamarca
Fusagasugá,25290,Fiestas de Fusagasugá,Por definir,Generado automáticamente,,Cundinamarca
Gachala,25293,Fiestas de Gachala,Por definir,Generado automáticamente,,Cundinamarca
Gachancipá,25295,Fiestas de Gachancipá,Por definir,Generado automáticamente,,Cundinamarca
Gachetá,25297,Fiestas de Gachetá,Por definir,Generado automáticamente,,Cundinamarca
Gama,25299,Fiestas de Gama,Por definir,Generado automáticamente,,Cundinamarca
Granada,25312,Fiestas de Granada,Por definir,Generado automáticamente,,Cundinamarca
Guaduas,25320,Fiestas de Guaduas,Por definir,Generado automáticamente,,Cundinamarca
Guasca,25322,Fiestas de Guasca,Por definir,Generado automáticamente,,Cundinamarca
Guataquí,25324,Fiestas de Guataquí,Por definir,Generado automáticamente,,Cundinamarca
Guatavita,25326,Fiestas de Guatavita,Por definir,Generado automáticamente,,Cundinamarca
Guayabal de Siquima,25328,Fiestas de Guayabal de Siquima,Por definir,Generado automáticamente,,Cundinamarca
Guayabetal,25335,Fiestas de Guayabetal,Por definir,Generado automáticamente,,Cundinamarca
Gutiérrez,25339,Fiestas de Gutiérrez,Por definir,Generado automáticamente,,Cundinamarca
Jerusalén,25368,Fiestas de Jerusalén,Por definir,Generado automáticamente,,Cundinamarca
Junín,25372,Fiestas de Junín,Por definir,Generado automáticamente,,Cundinamarca
La Calera,25377,Fiestas de La Calera,Por definir,Generado automáticamente,,Cundinamarca
Valledupar,20001,Fiestas de Valledupar,Por definir,Generado automáticamente,,Cesar
La Mesa,25386,Fiestas de La Mesa,Por definir,Generado automáticamente,,Cundinamarca
La Palma,25394,Fiestas de La Palma,Por definir,Generado automáticamente,,Cundinamarca
La Peña,25398,Fiestas de La Peña,Por definir,Generado automáticamente,,Cundinamarca
La Vega,25402,Fiestas de La Vega,Por definir,Generado automáticamente,,Cundinamarca
Lenguazaque,25407,Fiestas de Lenguazaque,Por definir,Generado automáticamente,,Cundinamarca
Macheta,25426,Fiestas de Macheta,Por definir,Generado automáticamente,,Cundinamarca
Madrid,25430,Fiestas de Madrid,Por definir,Generado automáticamente,,Cundinamarca
Manta,25436,Fiestas de Manta,Por definir,Generado automáticamente,,Cundinamarca
Yavaraté,97889,Fiestas de Yavaraté,Por definir,Generado automáticamente,,Vaupés
La Primavera,99524,Fiestas de La Primavera,Por definir,Generado automáticamente,,Vichada
Santa Rosalía,99624,Fiestas de Santa Rosalía,Por definir,Generado automáticamente,,Vichada
Cumaribo,99773,Fiestas de Cumaribo,Por definir,Generado automáticamente,,Vichada
NACIONAL,00000,Fiestas de NACIONAL,Por definir,Generado automáticamente,,NACIONAL
Arauca,81001,Fiestas de Arauca,Por definir,Generado automáticamente,,Arauca
Barranquilla,08001,Fiestas de Barranquilla,Por definir,Generado automáticamente,,Atlántico
Tunja,15001,Fiestas de Tunja,Por definir,Generado automáticamente,,Boyacá
Florencia,18001,Fiestas de Florencia,Por definir,Generado automáticamente,,Caquetá
Yopal,85001,Fiestas de Yopal,Por definir,Generado automáticamente,,Casanare
Popayán,19001,Fiestas de Popayán,Por definir,Generado automáticamente,,Cauca
Montería,23001,Fiestas de Montería,Por definir,Generado automáticamente,,Córdoba
Bogotá,25307,Fiestas de Bogotá,Por definir,Generado automáticamente,,Cundinamarca
Inirida,94001,Fiestas de Inirida,Por definir,Generado automáticamente,,Guainía
San Jose del Guaviare,95001,Fiestas de San Jose del Guaviare,Por definir,Generado automáticamente,,Guaviare
Neiva,41001,Fiestas de Neiva,Por definir,Generado automáticamente,,Huila
Santa Marta,47001,Fiestas de Santa Marta,Por definir,Generado automáticamente,,Magdalena
Villavicencio,50001,Fiestas de Villavicencio,Por definir,Generado automáticamente,,Meta
Pasto,52001,Fiestas de Pasto,Por definir,Generado automáticamente,,Nariño
Mocoa,86001,Fiestas de Mocoa,Por definir,Generado automáticamente,,Putumayo
Armenia,63001,Fiestas de Armenia,Por definir,Generado automáticamente,,Quindío
San Andrés,88001,Fiestas de San Andrés,Por definir,Generado automáticamente,,San Andrés y Providencia
Bucaramanga,68001,Fiestas de Bucaramanga,Por definir,Generado automáticamente,,Santander
Ibagué,73001,Fiestas de Ibagué,Por definir,Generado automáticamente,,Tolima
Cali,76001,Fiestas de Cali,Por definir,Generado automáticamente,,Valle del Cauca
Mitú,97001,Fiestas de Mitú,Por definir,Generado automáticamente,,Vaupés
Puerto Carreno,99001,Fiestas de Puerto Carreno,Por definir,Generado automáticamente,,Vichada
Mosquera,25473,Fiestas de Mosquera,Por definir,Generado automáticamente,,Cundinamarca
Nariño,25483,Fiestas de Nariño,Por definir,Generado automáticamente,,Cundinamarca
Nemocón,25486,Fiestas de Nemocón,Por definir,Generado automáticamente,,Cundinamarca
Nilo,25488,Fiestas de Nilo,Por definir,Generado automáticamente,,Cundinamarca
Nimaima,25489,Fiestas de Nimaima,Por definir,Generado automáticamente,,Cundinamarca
Nocaima,25491,Fiestas de Nocaima,Por definir,Generado automáticamente,,Cundinamarca
Venecia,25506,Fiestas de Venecia,Por definir,Generado automáticamente,,Cundinamarca
Pacho,25513,Fiestas de Pacho,Por definir,Generado automáticamente,,Cundinamarca
Pandi,25524,Fiestas de Pandi,Por definir,Generado automáticamente,,Cundinamarca
Paratebueno,25530,Fiestas de Paratebueno,Por definir,Generado automáticamente,,Cundinamarca
Pasca,25535,Fiestas de Pasca,Por definir,Generado automáticamente,,Cundinamarca
Puerto Salgar,25572,Fiestas de Puerto Salgar,Por definir,Generado automáticamente,,Cundinamarca
Pulí,25580,Fiestas de Pulí,Por definir,Generado automáticamente,,Cundinamarca
Quebradanegra,25592,Fiestas de Quebradanegra,Por definir,Generado automáticamente,,Cundinamarca
Quetame,25594,Fiestas de Quetame,Por definir,Generado automáticamente,,Cundinamarca
Quipile,25596,Fiestas de Quipile,Por definir,Generado automáticamente,,Cundinamarca
Apulo,25599,Fiestas de Apulo,Por definir,Generado automáticamente,,Cundinamarca
Ricaurte,25612,Fiestas de Ricaurte,Por definir,Generado automáticamente,,Cundinamarca
San Antonio del Tequendama,25645,Fiestas de San Antonio del Tequendama,Por definir,Generado automáticamente,,Cundinamarca
San Bernardo,25649,Fiestas de San Bernardo,Por definir,Generado automáticamente,,Cundinamarca
San Cayetano,25653,Fiestas de San Cayetano,Por definir,Generado automáticamente,,Cundinamarca
San Francisco,25658,Fiestas de San Francisco,Por definir,Generado automáticamente,,Cundinamarca
Sasaima,25718,Fiestas de Sasaima,Por definir,Generado automáticamente,,Cundinamarca
Sesquilé,25736,Fiestas de Sesquilé,Por definir,Generado automáticamente,,Cundinamarca
Sibaté,25740,Fiestas de Sibaté,Por definir,Generado automáticamente,,Cundinamarca
Silvania,25743,Fiestas de Silvania,Por definir,Generado automáticamente,,Cundinamarca
Simijaca,25745,Fiestas de Simijaca,Por definir,Generado automáticamente,,Cundinamarca
Soacha,25754,Fiestas de Soacha,Por definir,Generado automáticamente,,Cundinamarca
Sopó,25758,Fiestas de Sopó,Por definir,Generado automáticamente,,Cundinamarca
Subachoque,25769,Fiestas de Subachoque,Por definir,Generado automáticamente,,Cundinamarca
Suesca,25772,Fiestas de Suesca,Por definir,Generado automáticamente,,Cundinamarca
Supatá,25777,Fiestas de Supatá,Por definir,Generado automáticamente,,Cundinamarca
Susa,25779,Fiestas de Susa,Por definir,Generado automáticamente,,Cundinamarca
Sutatausa,25781,Fiestas de Sutatausa,Por definir,Generado automáticamente,,Cundinamarca
Tabio,25785,Fiestas de Tabio,Por definir,Generado automáticamente,,Cundinamarca
Tausa,25793,Fiestas de Tausa,Por definir,Generado automáticamente,,Cundinamarca
Tena,25797,Fiestas de Tena,Por definir,Generado automáticamente,,Cundinamarca
Tenjo,25799,Fiestas de Tenjo,Por definir,Generado automáticamente,,Cundinamarca
Tibacuy,25805,Fiestas de Tibacuy,Por definir,Generado automáticamente,,Cundinamarca
Tibirita,25807,Fiestas de Tibirita,Por definir,Generado automáticamente,,Cundinamarca
Tocaima,25815,Fiestas de Tocaima,Por definir,Generado automáticamente,,Cundinamarca
Tocancipá,25817,Fiestas de Tocancipá,Por definir,Generado automáticamente,,Cundinamarca
Topaipí,25823,Fiestas de Topaipí,Por definir,Generado automáticamente,,Cundinamarca
Ubalá,25839,Fiestas de Ubalá,Por definir,Generado automáticamente,,Cundinamarca
Villa de San Diego de Ubate,25843,Fiestas de Villa de San Diego de Ubate,Por definir,Generado automáticamente,,Cundinamarca
Une,25845,Fiestas de Une,Por definir,Generado automáticamente,,Cundinamarca
Útica,25851,Fiestas de Útica,Por definir,Generado automáticamente,,Cundinamarca
Vergara,25862,Fiestas de Vergara,Por definir,Generado automáticamente,,Cundinamarca
Vianí,25867,Fiestas de Vianí,Por definir,Generado automáticamente,,Cundinamarca
Villagómez,25871,Fiestas de Villagómez,Por definir,Generado automáticamente,,Cundinamarca
Villapinzón,25873,Fiestas de Villapinzón,Por definir,Generado automáticamente,,Cundinamarca
Villeta,25875,Fiestas de Villeta,Por definir,Generado automáticamente,,Cundinamarca
Viotá,25878,Fiestas de Viotá,Por definir,Generado automáticamente,,Cundinamarca
Yacopí,25885,Fiestas de Yacopí,Por definir,Generado automáticamente,,Cundinamarca
Zipacón,25898,Fiestas de Zipacón,Por definir,Generado automáticamente,,Cundinamarca
Zipaquirá,25899,Fiestas de Zipaquirá,Por definir,Generado automáticamente,,Cundinamarca
Acandí,27006,Fiestas de Acandí,Por definir,Generado automáticamente,,Chocó
Alto Baudo,27025,Fiestas de Alto Baudo,Por definir,Generado automáticamente,,Chocó
Atrato,27050,Fiestas de Atrato,Por definir,Generado automáticamente,,Chocó
Bagadó,27073,Fiestas de Bagadó,Por definir,Generado automáticamente,,Chocó
Bajo Baudó,27077,Fiestas de Bajo Baudó,Por definir,Generado automáticamente,,Chocó
Belén de Bajirá1,27086,Fiestas de Belén de Bajirá1,Por definir,Generado automáticamente,,Chocó
Bojaya,27099,Fiestas de Bojaya,Por definir,Generado automáticamente,,Chocó
El Cantón del San Pablo,27135,Fiestas de El Cantón del San Pablo,Por definir,Generado automáticamente,,Chocó
Carmen del Darien,27150,Fiestas de Carmen del Darien,Por definir,Generado automáticamente,,Chocó
Cértegui,27160,Fiestas de Cértegui,Por definir,Generado automáticamente,,Chocó
Condoto,27205,Fiestas de Condoto,Por definir,Generado automáticamente,,Chocó
El Carmen de Atrato,27245,Fiestas de El Carmen de Atrato,Por definir,Generado automáticamente,,Chocó
El Litoral del San Juan,27250,Fiestas de El Litoral del San Juan,Por definir,Generado automáticamente,,Chocó
Istmina,27361,Fiestas de Istmina,Por definir,Generado automáticamente,,Chocó
Juradó,27372,Fiestas de Juradó,Por definir,Generado automáticamente,,Chocó
Lloró,27413,Fiestas de Lloró,Por definir,Generado automáticamente,,Chocó
Medio Atrato,27425,Fiestas de Medio Atrato,Por definir,Generado automáticamente,,Chocó
Medio Baudó,27430,Fiestas de Medio Baudó,Por definir,Generado automáticamente,,Chocó
Medio San Juan,27450,Fiestas de Medio San Juan,Por definir,Generado automáticamente,,Chocó
Nóvita,27491,Fiestas de Nóvita,Por definir,Generado automáticamente,,Chocó
Nuquí,27495,Fiestas de Nuquí,Por definir,Generado automáticamente,,Chocó
Río Quito,27600,Fiestas de Río Quito,Por definir,Generado automáticamente,,Chocó
Riosucio,27615,Fiestas de Riosucio,Por definir,Generado automáticamente,,Chocó
San José del Palmar,27660,Fiestas de San José del Palmar,Por definir,Generado automáticamente,,Chocó
Sipí,27745,Fiestas de Sipí,Por definir,Generado automáticamente,,Chocó
Tadó,27787,Fiestas de Tadó,Por definir,Generado automáticamente,,Chocó
Unguía,27800,Fiestas de Unguía,Por definir,Generado automáticamente,,Chocó
Unión Panamericana,27810,Fiestas de Unión Panamericana,Por definir,Generado automáticamente,,Chocó
Acevedo,41006,Fiestas de Acevedo,Por definir,Generado automáticamente,,Huila
Agrado,41013,Fiestas de Agrado,Por definir,Generado automáticamente,,Huila
Aipe,41016,Fiestas de Aipe,Por definir,Generado automáticamente,,Huila
Algeciras,41020,Fiestas de Algeciras,Por definir,Generado automáticamente,,Huila
Altamira,41026,Fiestas de Altamira,Por definir,Generado automáticamente,,Huila
Baraya,41078,Fiestas de Baraya,Por definir,Generado automáticamente,,Huila
Colombia,41206,Fiestas de Colombia,Por definir,Generado automáticamente,,Huila
Elías,41244,Fiestas de Elías,Por definir,Generado automáticamente,,Huila
Garzón,41298,Fiestas de Garzón,Por definir,Generado automáticamente,,Huila
Gigante,41306,Fiestas de Gigante,Por definir,Generado automáticamente,,Huila
Guadalupe,41319,Fiestas de Guadalupe,Por definir,Generado automáticamente,,Huila
Hobo,41349,Fiestas de Hobo,Por definir,Generado automáticamente,,Huila
Iquira,41357,Fiestas de Iquira,Por definir,Generado automáticamente,,Huila
Isnos,41359,Fiestas de Isnos,Por definir,Generado automáticamente,,Huila
La Argentina,41378,Fiestas de La Argentina,Por definir,Generado automáticamente,,Huila
La Plata,41396,Fiestas de La Plata,Por definir,Generado automáticamente,,Huila
Nátaga,41483,Fiestas de Nátaga,Por definir,Generado automáticamente,,Huila
Oporapa,41503,Fiestas de Oporapa,Por definir,Generado automáticamente,,Huila
Paicol,41518,Fiestas de Paicol,Por definir,Generado automáticamente,,Huila
Palermo,41524,Fiestas de Palermo,Por definir,Generado automáticamente,,Huila
Palestina,41530,Fiestas de Palestina,Por definir,Generado automáticamente,,Huila
Pital,41548,Fiestas de Pital,Por definir,Generado automáticamente,,Huila
Rivera,41615,Fiestas de Rivera,Por definir,Generado automáticamente,,Huila
Saladoblanco,41660,Fiestas de Saladoblanco,Por definir,Generado automáticamente,,Huila
San Agustín,41668,Fiestas de San Agustín,Por definir,Generado automáticamente,,Huila
Santa María,41676,Fiestas de Santa María,Por definir,Generado automáticamente,,Huila
Suaza,41770,Fiestas de Suaza,Por definir,Generado automáticamente,,Huila
Tarqui,41791,Fiestas de Tarqui,Por definir,Generado automáticamente,,Huila
Quibdó,27001,Fiestas de Quibdó,Por definir,Generado automáticamente,,Chocó
Tello,41799,Fiestas de Tello,Por definir,Generado automáticamente,,Huila
Teruel,41801,Fiestas de Teruel,Por definir,Generado automáticamente,,Huila
Timaná,41807,Fiestas de Timaná,Por definir,Generado automáticamente,,Huila
Villavieja,41872,Fiestas de Villavieja,Por definir,Generado automáticamente,,Huila
Yaguará,41885,Fiestas de Yaguará,Por definir,Generado automáticamente,,Huila
Albania,44035,Fiestas de Albania,Por definir,Generado automáticamente,,La Guajira
Barrancas,44078,Fiestas de Barrancas,Por definir,Generado automáticamente,,La Guajira
Dibulla,44090,Fiestas de Dibulla,Por definir,Generado automáticamente,,La Guajira
Distracción,44098,Fiestas de Distracción,Por definir,Generado automáticamente,,La Guajira
El Molino,44110,Fiestas de El Molino,Por definir,Generado automáticamente,,La Guajira
Fonseca,44279,Fiestas de Fonseca,Por definir,Generado automáticamente,,La Guajira
Hatonuevo,44378,Fiestas de Hatonuevo,Por definir,Generado automáticamente,,La Guajira
La Jagua del Pilar,44420,Fiestas de La Jagua del Pilar,Por definir,Generado automáticamente,,La Guajira
Maicao,44430,Fiestas de Maicao,Por definir,Generado automáticamente,,La Guajira
Manaure,44560,Fiestas de Manaure,Por definir,Generado automáticamente,,La Guajira
San Juan del Cesar,44650,Fiestas de San Juan del Cesar,Por definir,Generado automáticamente,,La Guajira
Uribia,44847,Fiestas de Uribia,Por definir,Generado automáticamente,,La Guajira
Urumita,44855,Fiestas de Urumita,Por definir,Generado automáticamente,,La Guajira
Villanueva,44874,Fiestas de Villanueva,Por definir,Generado automáticamente,,La Guajira
Algarrobo,47030,Fiestas de Algarrobo,Por definir,Generado automáticamente,,Magdalena
Ariguaní,47058,Fiestas de Ariguaní,Por definir,Generado automáticamente,,Magdalena
Cerro San Antonio,47161,Fiestas de Cerro San Antonio,Por definir,Generado automáticamente,,Magdalena
Chibolo,47170,Fiestas de Chibolo,Por definir,Generado automáticamente,,Magdalena
Ciénaga,47189,Fiestas de Ciénaga,Por definir,Generado automáticamente,,Magdalena
Concordia,47205,Fiestas de Concordia,Por definir,Generado automáticamente,,Magdalena
El Banco,47245,Fiestas de El Banco,Por definir,Generado automáticamente,,Magdalena
El Piñon,47258,Fiestas de El Piñon,Por definir,Generado automáticamente,,Magdalena
El Retén,47268,Fiestas de El Retén,Por definir,Generado automáticamente,,Magdalena
Fundación,47288,Fiestas de Fundación,Por definir,Generado automáticamente,,Magdalena
Guamal,47318,Fiestas de Guamal,Por definir,Generado automáticamente,,Magdalena
Nueva Granada,47460,Fiestas de Nueva Granada,Por definir,Generado automáticamente,,Magdalena
Pedraza,47541,Fiestas de Pedraza,Por definir,Generado automáticamente,,Magdalena
Pijiño del Carmen,47545,Fiestas de Pijiño del Carmen,Por definir,Generado automáticamente,,Magdalena
Pivijay,47551,Fiestas de Pivijay,Por definir,Generado automáticamente,,Magdalena
Plato,47555,Fiestas de Plato,Por definir,Generado automáticamente,,Magdalena
Puebloviejo,47570,Fiestas de Puebloviejo,Por definir,Generado automáticamente,,Magdalena
Sabanas de San Angel,47660,Fiestas de Sabanas de San Angel,Por definir,Generado automáticamente,,Magdalena
Salamina,47675,Fiestas de Salamina,Por definir,Generado automáticamente,,Magdalena
San Sebastián de Buenavista,47692,Fiestas de San Sebastián de Buenavista,Por definir,Generado automáticamente,,Magdalena
San Zenón,47703,Fiestas de San Zenón,Por definir,Generado automáticamente,,Magdalena
Santa Ana,47707,Fiestas de Santa Ana,Por definir,Generado automáticamente,,Magdalena
Santa Bárbara de Pinto,47720,Fiestas de Santa Bárbara de Pinto,Por definir,Generado automáticamente,,Magdalena
Sitionuevo,47745,Fiestas de Sitionuevo,Por definir,Generado automáticamente,,Magdalena
Tenerife,47798,Fiestas de Tenerife,Por definir,Generado automáticamente,,Magdalena
Zapayán,47960,Fiestas de Zapayán,Por definir,Generado automáticamente,,Magdalena
Zona Bananera,47980,Fiestas de Zona Bananera,Por definir,Generado automáticamente,,Magdalena
Acacías,50006,Fiestas de Acacías,Por definir,Generado automáticamente,,Meta
Barranca de Upía,50110,Fiestas de Barranca de Upía,Por definir,Generado automáticamente,,Meta
Cabuyaro,50124,Fiestas de Cabuyaro,Por definir,Generado automáticamente,,Meta
Castilla la Nueva,50150,Fiestas de Castilla la Nueva,Por definir,Generado automáticamente,,Meta
Cubarral,50223,Fiestas de Cubarral,Por definir,Generado automáticamente,,Meta
Cumaral,50226,Fiestas de Cumaral,Por definir,Generado automáticamente,,Meta
El Castillo,50251,Fiestas de El Castillo,Por definir,Generado automáticamente,,Meta
El Dorado,50270,Fiestas de El Dorado,Por definir,Generado automáticamente,,Meta
Fuente de Oro,50287,Fiestas de Fuente de Oro,Por definir,Generado automáticamente,,Meta
Granada,50313,Fiestas de Granada,Por definir,Generado automáticamente,,Meta
Guamal,50318,Fiestas de Guamal,Por definir,Generado automáticamente,,Meta
Mapiripán,50325,Fiestas de Mapiripán,Por definir,Generado automáticamente,,Meta
Mesetas,50330,Fiestas de Mesetas,Por definir,Generado automáticamente,,Meta
La Macarena,50350,Fiestas de La Macarena,Por definir,Generado automáticamente,,Meta
Uribe,50370,Fiestas de Uribe,Por definir,Generado automáticamente,,Meta
Lejanías,50400,Fiestas de Lejanías,Por definir,Generado automáticamente,,Meta
Puerto Concordia,50450,Fiestas de Puerto Concordia,Por definir,Generado automáticamente,,Meta
Puerto Gaitán,50568,Fiestas de Puerto Gaitán,Por definir,Generado automáticamente,,Meta
Puerto López,50573,Fiestas de Puerto López,Por definir,Generado automáticamente,,Meta
Puerto Lleras,50577,Fiestas de Puerto Lleras,Por definir,Generado automáticamente,,Meta
Puerto Rico,50590,Fiestas de Puerto Rico,Por definir,Generado automáticamente,,Meta
Restrepo,50606,Fiestas de Restrepo,Por definir,Generado automáticamente,,Meta
San Juan de Arama,50683,Fiestas de San Juan de Arama,Por definir,Generado automáticamente,,Meta
San Juanito,50686,Fiestas de San Juanito,Por definir,Generado automáticamente,,Meta
San Martín,50689,Fiestas de San Martín,Por definir,Generado automáticamente,,Meta
Vistahermosa,50711,Fiestas de Vistahermosa,Por definir,Generado automáticamente,,Meta
Albán,52019,Fiestas de Albán,Por definir,Generado automáticamente,,Nariño
Aldana,52022,Fiestas de Aldana,Por definir,Generado automáticamente,,Nariño
Ancuyá,52036,Fiestas de Ancuyá,Por definir,Generado automáticamente,,Nariño
Arboleda,52051,Fiestas de Arboleda,Por definir,Generado automáticamente,,Nariño
Barbacoas,52079,Fiestas de Barbacoas,Por definir,Generado automáticamente,,Nariño
Belén,52083,Fiestas de Belén,Por definir,Generado automáticamente,,Nariño
Buesaco,52110,Fiestas de Buesaco,Por definir,Generado automáticamente,,Nariño
Colón,52203,Fiestas de Colón,Por definir,Generado automáticamente,,Nariño
Consaca,52207,Fiestas de Consaca,Por definir,Generado automáticamente,,Nariño
Contadero,52210,Fiestas de Contadero,Por definir,Generado automáticamente,,Nariño
Córdoba,52215,Fiestas de Córdoba,Por definir,Generado automáticamente,,Nariño
Cuaspud,52224,Fiestas de Cuaspud,Por definir,Generado automáticamente,,Nariño
Cumbal,52227,Fiestas de Cumbal,Por definir,Generado automáticamente,,Nariño
Chachagüí,52240,Fiestas de Chachagüí,Por definir,Generado automáticamente,,Nariño
El Charco,52250,Fiestas de El Charco,Por definir,Generado automáticamente,,Nariño
El Peñol,52254,Fiestas de El Peñol,Por definir,Generado automáticamente,,Nariño
El Rosario,52256,Fiestas de El Rosario,Por definir,Generado automáticamente,,Nariño
El Tablón de Gómez,52258,Fiestas de El Tablón de Gómez,Por definir,Generado automáticamente,,Nariño
El Tambo,52260,Fiestas de El Tambo,Por definir,Generado automáticamente,,Nariño
Funes,52287,Fiestas de Funes,Por definir,Generado automáticamente,,Nariño
Guachucal,52317,Fiestas de Guachucal,Por definir,Generado automáticamente,,Nariño
Guaitarilla,52320,Fiestas de Guaitarilla,Por definir,Generado automáticamente,,Nariño
Gualmatán,52323,Fiestas de Gualmatán,Por definir,Generado automáticamente,,Nariño
Iles,52352,Fiestas de Iles,Por definir,Generado automáticamente,,Nariño
Imués,52354,Fiestas de Imués,Por definir,Generado automáticamente,,Nariño
Ipiales,52356,Fiestas de Ipiales,Por definir,Generado automáticamente,,Nariño
La Cruz,52378,Fiestas de La Cruz,Por definir,Generado automáticamente,,Nariño
La Florida,52381,Fiestas de La Florida,Por definir,Generado automáticamente,,Nariño
La Tola,52390,Fiestas de La Tola,Por definir,Generado automáticamente,,Nariño
La Unión,52399,Fiestas de La Unión,Por definir,Generado automáticamente,,Nariño
Leiva,52405,Fiestas de Leiva,Por definir,Generado automáticamente,,Nariño
Linares,52411,Fiestas de Linares,Por definir,Generado automáticamente,,Nariño
Los Andes,52418,Fiestas de Los Andes,Por definir,Generado automáticamente,,Nariño
Magüi,52427,Fiestas de Magüi,Por definir,Generado automáticamente,,Nariño
Mallama,52435,Fiestas de Mallama,Por definir,Generado automáticamente,,Nariño
Mosquera,52473,Fiestas de Mosquera,Por definir,Generado automáticamente,,Nariño
Nariño,52480,Fiestas de Nariño,Por definir,Generado automáticamente,,Nariño
Olaya Herrera,52490,Fiestas de Olaya Herrera,Por definir,Generado automáticamente,,Nariño
Ospina,52506,Fiestas de Ospina,Por definir,Generado automáticamente,,Nariño
Francisco Pizarro,52520,Fiestas de Francisco Pizarro,Por definir,Generado automáticamente,,Nariño
Potosí,52560,Fiestas de Potosí,Por definir,Generado automáticamente,,Nariño
Providencia,52565,Fiestas de Providencia,Por definir,Generado automáticamente,,Nariño
Puerres,52573,Fiestas de Puerres,Por definir,Generado automáticamente,,Nariño
Pupiales,52585,Fiestas de Pupiales,Por definir,Generado automáticamente,,Nariño
Ricaurte,52612,Fiestas de Ricaurte,Por definir,Generado automáticamente,,Nariño
Roberto Payán,52621,Fiestas de Roberto Payán,Por definir,Generado automáticamente,,Nariño
Samaniego,52678,Fiestas de Samaniego,Por definir,Generado automáticamente,,Nariño
Sandoná,52683,Fiestas de Sandoná,Por definir,Generado automáticamente,,Nariño
San Bernardo,52685,Fiestas de San Bernardo,Por definir,Generado automáticamente,,Nariño
San Lorenzo,52687,Fiestas de San Lorenzo,Por definir,Generado automáticamente,,Nariño
San Pablo,52693,Fiestas de San Pablo,Por definir,Generado automáticamente,,Nariño
Santa Bárbara,52696,Fiestas de Santa Bárbara,Por definir,Generado automáticamente,,Nariño
Santacruz,52699,Fiestas de Santacruz,Por definir,Generado automáticamente,,Nariño
Sapuyes,52720,Fiestas de Sapuyes,Por definir,Generado automáticamente,,Nariño
Taminango,52786,Fiestas de Taminango,Por definir,Generado automáticamente,,Nariño
Tangua,52788,Fiestas de Tangua,Por definir,Generado automáticamente,,Nariño
San Andres de Tumaco,52835,Fiestas de San Andres de Tumaco,Por definir,Generado automáticamente,,Nariño
Túquerres,52838,Fiestas de Túquerres,Por definir,Generado automáticamente,,Nariño
Yacuanquer,52885,Fiestas de Yacuanquer,Por definir,Generado automáticamente,,Nariño
Abrego,54003,Fiestas de Abrego,Por definir,Generado automáticamente,,Norte De Santander
Arboledas,54051,Fiestas de Arboledas,Por definir,Generado automáticamente,,Norte De Santander
Bochalema,54099,Fiestas de Bochalema,Por definir,Generado automáticamente,,Norte De Santander
Bucarasica,54109,Fiestas de Bucarasica,Por definir,Generado automáticamente,,Norte De Santander
Cácota,54125,Fiestas de Cácota,Por definir,Generado automáticamente,,Norte De Santander
Cachirá,54128,Fiestas de Cachirá,Por definir,Generado automáticamente,,Norte De Santander
Chinácota,54172,Fiestas de Chinácota,Por definir,Generado automáticamente,,Norte De Santander
Chitagá,54174,Fiestas de Chitagá,Por definir,Generado automáticamente,,Norte De Santander
Convención,54206,Fiestas de Convención,Por definir,Generado automáticamente,,Norte De Santander
Durania,54239,Fiestas de Durania,Por definir,Generado automáticamente,,Norte De Santander
El Carmen,54245,Fiestas de El Carmen,Por definir,Generado automáticamente,,Norte De Santander
El Tarra,54250,Fiestas de El Tarra,Por definir,Generado automáticamente,,Norte De Santander
El Zulia,54261,Fiestas de El Zulia,Por definir,Generado automáticamente,,Norte De Santander
Gramalote,54313,Fiestas de Gramalote,Por definir,Generado automáticamente,,Norte De Santander
Hacarí,54344,Fiestas de Hacarí,Por definir,Generado automáticamente,,Norte De Santander
Herrán,54347,Fiestas de Herrán,Por definir,Generado automáticamente,,Norte De Santander
Labateca,54377,Fiestas de Labateca,Por definir,Generado automáticamente,,Norte De Santander
La Esperanza,54385,Fiestas de La Esperanza,Por definir,Generado automáticamente,,Norte De Santander
La Playa,54398,Fiestas de La Playa,Por definir,Generado automáticamente,,Norte De Santander
Los Patios,54405,Fiestas de Los Patios,Por definir,Generado automáticamente,,Norte De Santander
Lourdes,54418,Fiestas de Lourdes,Por definir,Generado automáticamente,,Norte De Santander
Mutiscua,54480,Fiestas de Mutiscua,Por definir,Generado automáticamente,,Norte De Santander
Ocaña,54498,Fiestas de Ocaña,Por definir,Generado automáticamente,,Norte De Santander
Pamplona,54518,Fiestas de Pamplona,Por definir,Generado automáticamente,,Norte De Santander
Pamplonita,54520,Fiestas de Pamplonita,Por definir,Generado automáticamente,,Norte De Santander
Ragonvalia,54599,Fiestas de Ragonvalia,Por definir,Generado automáticamente,,Norte De Santander
Salazar,54660,Fiestas de Salazar,Por definir,Generado automáticamente,,Norte De Santander
San Calixto,54670,Fiestas de San Calixto,Por definir,Generado automáticamente,,Norte De Santander
San Cayetano,54673,Fiestas de San Cayetano,Por definir,Generado automáticamente,,Norte De Santander
Santiago,54680,Fiestas de Santiago,Por definir,Generado automáticamente,,Norte De Santander
Sardinata,54720,Fiestas de Sardinata,Por definir,Generado automáticamente,,Norte De Santander
Silos,54743,Fiestas de Silos,Por definir,Generado automáticamente,,Norte De Santander
Teorama,54800,Fiestas de Teorama,Por definir,Generado automáticamente,,Norte De Santander
Tibú,54810,Fiestas de Tibú,Por definir,Generado automáticamente,,Norte De Santander
Toledo,54820,Fiestas de Toledo,Por definir,Generado automáticamente,,Norte De Santander
Villa Caro,54871,Fiestas de Villa Caro,Por definir,Generado automáticamente,,Norte De Santander
Villa del Rosario,54874,Fiestas de Villa del Rosario,Por definir,Generado automáticamente,,Norte De Santander
Buenavista,63111,Fiestas de Buenavista,Por definir,Generado automáticamente,,Quindio
Calarca,63130,Fiestas de Calarca,Por definir,Generado automáticamente,,Quindio
Circasia,63190,Fiestas de Circasia,Por definir,Generado automáticamente,,Quindio
Córdoba,63212,Fiestas de Córdoba,Por definir,Generado automáticamente,,Quindio
Filandia,63272,Fiestas de Filandia,Por definir,Generado automáticamente,,Quindio
Génova,63302,Fiestas de Génova,Por definir,Generado automáticamente,,Quindio
La Tebaida,63401,Fiestas de La Tebaida,Por definir,Generado automáticamente,,Quindio
Montenegro,63470,Fiestas de Montenegro,Por definir,Generado automáticamente,,Quindio
Pijao,63548,Fiestas de Pijao,Por definir,Generado automáticamente,,Quindio
Quimbaya,63594,Fiestas de Quimbaya,Por definir,Generado automáticamente,,Quindio
Salento,63690,Fiestas de Salento,Por definir,Generado automáticamente,,Quindio
Apía,66045,Fiestas de Apía,Por definir,Generado automáticamente,,Risaralda
Balboa,66075,Fiestas de Balboa,Por definir,Generado automáticamente,,Risaralda
Belén de Umbría,66088,Fiestas de Belén de Umbría,Por definir,Generado automáticamente,,Risaralda
Dosquebradas,66170,Fiestas de Dosquebradas,Por definir,Generado automáticamente,,Risaralda
Guática,66318,Fiestas de Guática,Por definir,Generado automáticamente,,Risaralda
La Celia,66383,Fiestas de La Celia,Por definir,Generado automáticamente,,Risaralda
La Virginia,66400,Fiestas de La Virginia,Por definir,Generado automáticamente,,Risaralda
Marsella,66440,Fiestas de Marsella,Por definir,Generado automáticamente,,Risaralda
Mistrató,66456,Fiestas de Mistrató,Por definir,Generado automáticamente,,Risaralda
Pueblo Rico,66572,Fiestas de Pueblo Rico,Por definir,Generado automáticamente,,Risaralda
Quinchía,66594,Fiestas de Quinchía,Por definir,Generado automáticamente,,Risaralda
Santa Rosa de Cabal,66682,Fiestas de Santa Rosa de Cabal,Por definir,Generado automáticamente,,Risaralda
Santuario,66687,Fiestas de Santuario,Por definir,Generado automáticamente,,Risaralda
Aguada,68013,Fiestas de Aguada,Por definir,Generado automáticamente,,Santander
Albania,68020,Fiestas de Albania,Por definir,Generado automáticamente,,Santander
Barbosa,68077,Fiestas de Barbosa,Por definir,Generado automáticamente,,Santander
Barichara,68079,Fiestas de Barichara,Por definir,Generado automáticamente,,Santander
Barrancabermeja,68081,Fiestas de Barrancabermeja,Por definir,Generado automáticamente,,Santander
Betulia,68092,Fiestas de Betulia,Por definir,Generado automáticamente,,Santander
Bolívar,68101,Fiestas de Bolívar,Por definir,Generado automáticamente,,Santander
Cabrera,68121,Fiestas de Cabrera,Por definir,Generado automáticamente,,Santander
California,68132,Fiestas de California,Por definir,Generado automáticamente,,Santander
Capitanejo,68147,Fiestas de Capitanejo,Por definir,Generado automáticamente,,Santander
Carcasí,68152,Fiestas de Carcasí,Por definir,Generado automáticamente,,Santander
Cepitá,68160,Fiestas de Cepitá,Por definir,Generado automáticamente,,Santander
Cerrito,68162,Fiestas de Cerrito,Por definir,Generado automáticamente,,Santander
Charalá,68167,Fiestas de Charalá,Por definir,Generado automáticamente,,Santander
Charta,68169,Fiestas de Charta,Por definir,Generado automáticamente,,Santander
Chima,68176,Fiestas de Chima,Por definir,Generado automáticamente,,Santander
Chipatá,68179,Fiestas de Chipatá,Por definir,Generado automáticamente,,Santander
Cimitarra,68190,Fiestas de Cimitarra,Por definir,Generado automáticamente,,Santander
Confines,68209,Fiestas de Confines,Por definir,Generado automáticamente,,Santander
Contratación,68211,Fiestas de Contratación,Por definir,Generado automáticamente,,Santander
Coromoro,68217,Fiestas de Coromoro,Por definir,Generado automáticamente,,Santander
Curití,68229,Fiestas de Curití,Por definir,Generado automáticamente,,Santander
El Carmen de Chucurí,68235,Fiestas de El Carmen de Chucurí,Por definir,Generado automáticamente,,Santander
El Guacamayo,68245,Fiestas de El Guacamayo,Por definir,Generado automáticamente,,Santander
El Peñón,68250,Fiestas de El Peñón,Por definir,Generado automáticamente,,Santander
Cucuta,54001,Fiestas de Cucuta,Por definir,Generado automáticamente,,Norte de Santander
Betania,05091,Fiestas de Betania,Por definir,Generado automáticamente,,Antioquia
Chigorodó,05172,Fiestas de Chigorodó,Por definir,Generado automáticamente,,Antioquia
Granada,05313,Fiestas de Granada,Por definir,Generado automáticamente,,Antioquia
Montebello,05467,Fiestas de Montebello,Por definir,Generado automáticamente,,Antioquia
Sabaneta,05631,Fiestas de Sabaneta,Por definir,Generado automáticamente,,Antioquia
San Carlos,05649,Fiestas de San Carlos,Por definir,Generado automáticamente,,Antioquia
San Vicente,05674,Fiestas de San Vicente,Por definir,Generado automáticamente,,Antioquia
Valparaíso,05856,Fiestas de Valparaíso,Por definir,Generado automáticamente,,Antioquia
Malambo,08433,Fiestas de Malambo,Por definir,Generado automáticamente,,Atlántico
Puerto Colombia,08573,Fiestas de Puerto Colombia,Por definir,Generado automáticamente,,Atlántico
Córdoba,13212,Fiestas de Córdoba,Por definir,Generado automáticamente,,Bolívar
San Cristóbal,13620,Fiestas de San Cristóbal,Por definir,Generado automáticamente,,Bolívar
Villanueva,13873,Fiestas de Villanueva,Por definir,Generado automáticamente,,Bolívar
Chinavita,15172,Fiestas de Chinavita,Por definir,Generado automáticamente,,Boyacá
El Cocuy,15244,Fiestas de El Cocuy,Por definir,Generado automáticamente,,Boyacá
La Uvita,15403,Fiestas de La Uvita,Por definir,Generado automáticamente,,Boyacá
Nuevo Colón,15494,Fiestas de Nuevo Colón,Por definir,Generado automáticamente,,Boyacá
Pachavita,15511,Fiestas de Pachavita,Por definir,Generado automáticamente,,Boyacá
Sáchica,15638,Fiestas de Sáchica,Por definir,Generado automáticamente,,Boyacá
Sogamoso,15759,Fiestas de Sogamoso,Por definir,Generado automáticamente,,Boyacá
Tota,15822,Fiestas de Tota,Por definir,Generado automáticamente,,Boyacá
Belalcázar,17088,Fiestas de Belalcázar,Por definir,Generado automáticamente,,Caldas
San José,17665,Fiestas de San José,Por definir,Generado automáticamente,,Caldas
San José del Fragua,18610,Fiestas de San José del Fragua,Por definir,Generado automáticamente,,Caquetá
La Vega,19397,Fiestas de La Vega,Por definir,Generado automáticamente,,Cauca
Morales,19473,Fiestas de Morales,Por definir,Generado automáticamente,,Cauca
San Sebastián,19693,Fiestas de San Sebastián,Por definir,Generado automáticamente,,Cauca
Chimichagua,20175,Fiestas de Chimichagua,Por definir,Generado automáticamente,,Cesar
San Martín,20770,Fiestas de San Martín,Por definir,Generado automáticamente,,Cesar
Moñitos,23500,Fiestas de Moñitos,Por definir,Generado automáticamente,,Córdoba
Anolaima,25040,Fiestas de Anolaima,Por definir,Generado automáticamente,,Cundinamarca
Cota,25214,Fiestas de Cota,Por definir,Generado automáticamente,,Cundinamarca
Guachetá,25317,Fiestas de Guachetá,Por definir,Generado automáticamente,,Cundinamarca
Medina,25438,Fiestas de Medina,Por definir,Generado automáticamente,,Cundinamarca
Paime,25518,Fiestas de Paime,Por definir,Generado automáticamente,,Cundinamarca
San Juan de Río Seco,25662,Fiestas de San Juan de Río Seco,Por definir,Generado automáticamente,,Cundinamarca
Ubaque,25841,Fiestas de Ubaque,Por definir,Generado automáticamente,,Cundinamarca
Bahía Solano,27075,Fiestas de Bahía Solano,Por definir,Generado automáticamente,,Chocó
Río Iro,27580,Fiestas de Río Iro,Por definir,Generado automáticamente,,Chocó
Campoalegre,41132,Fiestas de Campoalegre,Por definir,Generado automáticamente,,Huila
Pitalito,41551,Fiestas de Pitalito,Por definir,Generado automáticamente,,Huila
Tesalia,41797,Fiestas de Tesalia,Por definir,Generado automáticamente,,Huila
Aracataca,47053,Fiestas de Aracataca,Por definir,Generado automáticamente,,Magdalena
Remolino,47605,Fiestas de Remolino,Por definir,Generado automáticamente,,Magdalena
El Calvario,50245,Fiestas de El Calvario,Por definir,Generado automáticamente,,Meta
San Carlos de Guaroa,50680,Fiestas de San Carlos de Guaroa,Por definir,Generado automáticamente,,Meta
Cumbitara,52233,Fiestas de Cumbitara,Por definir,Generado automáticamente,,Nariño
La Llanada,52385,Fiestas de La Llanada,Por definir,Generado automáticamente,,Nariño
Policarpa,52540,Fiestas de Policarpa,Por definir,Generado automáticamente,,Nariño
San Pedro de Cartago,52694,Fiestas de San Pedro de Cartago,Por definir,Generado automáticamente,,Nariño
Cucutilla,54223,Fiestas de Cucutilla,Por definir,Generado automáticamente,,Norte De Santander
Puerto Santander,54553,Fiestas de Puerto Santander,Por definir,Generado automáticamente,,Norte De Santander
Aratoca,68051,Fiestas de Aratoca,Por definir,Generado automáticamente,,Santander
Concepción,68207,Fiestas de Concepción,Por definir,Generado automáticamente,,Santander
El Playón,68255,Fiestas de El Playón,Por definir,Generado automáticamente,,Santander
Encino,68264,Fiestas de Encino,Por definir,Generado automáticamente,,Santander
Enciso,68266,Fiestas de Enciso,Por definir,Generado automáticamente,,Santander
Florián,68271,Fiestas de Florián,Por definir,Generado automáticamente,,Santander
Floridablanca,68276,Fiestas de Floridablanca,Por definir,Generado automáticamente,,Santander
Galán,68296,Fiestas de Galán,Por definir,Generado automáticamente,,Santander
Gambita,68298,Fiestas de Gambita,Por definir,Generado automáticamente,,Santander
Girón,68307,Fiestas de Girón,Por definir,Generado automáticamente,,Santander
Guaca,68318,Fiestas de Guaca,Por definir,Generado automáticamente,,Santander
Guadalupe,68320,Fiestas de Guadalupe,Por definir,Generado automáticamente,,Santander
Guapotá,68322,Fiestas de Guapotá,Por definir,Generado automáticamente,,Santander
Guavatá,68324,Fiestas de Guavatá,Por definir,Generado automáticamente,,Santander
Güepsa,68327,Fiestas de Güepsa,Por definir,Generado automáticamente,,Santander
Hato,68344,Fiestas de Hato,Por definir,Generado automáticamente,,Santander
Jesús María,68368,Fiestas de Jesús María,Por definir,Generado automáticamente,,Santander
Jordán,68370,Fiestas de Jordán,Por definir,Generado automáticamente,,Santander
La Belleza,68377,Fiestas de La Belleza,Por definir,Generado automáticamente,,Santander
Landázuri,68385,Fiestas de Landázuri,Por definir,Generado automáticamente,,Santander
Onzaga,68502,Fiestas de Onzaga,Por definir,Generado automáticamente,,Santander
San José de Miranda,68684,Fiestas de San José de Miranda,Por definir,Generado automáticamente,,Santander
Chalán,70230,Fiestas de Chalán,Por definir,Generado automáticamente,,Sucre
San Juan de Betulia,70702,Fiestas de San Juan de Betulia,Por definir,Generado automáticamente,,Sucre
Dolores,73236,Fiestas de Dolores,Por definir,Generado automáticamente,,Tolima
Natagaima,73483,Fiestas de Natagaima,Por definir,Generado automáticamente,,Tolima
Valle de San Juan,73854,Fiestas de Valle de San Juan,Por definir,Generado automáticamente,,Tolima
Guacarí,76318,Fiestas de Guacarí,Por definir,Generado automáticamente,,Valle Del Cauca
Versalles,76863,Fiestas de Versalles,Por definir,Generado automáticamente,,Valle Del Cauca
Nunchía,85225,Fiestas de Nunchía,Por definir,Generado automáticamente,,Casanare
Puerto Guzmán,86571,Fiestas de Puerto Guzmán,Por definir,Generado automáticamente,,Putumayo
Miriti - Paraná,91460,Fiestas de Miriti - Paraná,Por definir,Generado automáticamente,,Amazonas
Papunaua,97777,Fiestas de Papunaua,Por definir,Generado automáticamente,,Vaupés
Medellín,05001,Fiestas de Medellín,Por definir,Generado automáticamente,,Antioquia
Riohacha,44001,Fiestas de Riohacha,Por definir,Generado automáticamente,,La Guajira
Pereira,66001,Fiestas de Pereira,Por definir,Generado automáticamente,,Risaralda
La Paz,68397,Fiestas de La Paz,Por definir,Generado automáticamente,,Santander
Lebríja,68406,Fiestas de Lebríja,Por definir,Generado automáticamente,,Santander
Los Santos,68418,Fiestas de Los Santos,Por definir,Generado automáticamente,,Santander
Macaravita,68425,Fiestas de Macaravita,Por definir,Generado automáticamente,,Santander
Málaga,68432,Fiestas de Málaga,Por definir,Generado automáticamente,,Santander
Matanza,68444,Fiestas de Matanza,Por definir,Generado automáticamente,,Santander
Mogotes,68464,Fiestas de Mogotes,Por definir,Generado automáticamente,,Santander
Molagavita,68468,Fiestas de Molagavita,Por definir,Generado automáticamente,,Santander
Ocamonte,68498,Fiestas de Ocamonte,Por definir,Generado automáticamente,,Santander
Oiba,68500,Fiestas de Oiba,Por definir,Generado automáticamente,,Santander
Palmar,68522,Fiestas de Palmar,Por definir,Generado automáticamente,,Santander
Palmas del Socorro,68524,Fiestas de Palmas del Socorro,Por definir,Generado automáticamente,,Santander
Páramo,68533,Fiestas de Páramo,Por definir,Generado automáticamente,,Santander
Piedecuesta,68547,Fiestas de Piedecuesta,Por definir,Generado automáticamente,,Santander
Pinchote,68549,Fiestas de Pinchote,Por definir,Generado automáticamente,,Santander
Puente Nacional,68572,Fiestas de Puente Nacional,Por definir,Generado automáticamente,,Santander
Puerto Parra,68573,Fiestas de Puerto Parra,Por definir,Generado automáticamente,,Santander
Puerto Wilches,68575,Fiestas de Puerto Wilches,Por definir,Generado automáticamente,,Santander
Rionegro,68615,Fiestas de Rionegro,Por definir,Generado automáticamente,,Santander
Sabana de Torres,68655,Fiestas de Sabana de Torres,Por definir,Generado automáticamente,,Santander
San Andrés,68669,Fiestas de San Andrés,Por definir,Generado automáticamente,,Santander
San Benito,68673,Fiestas de San Benito,Por definir,Generado automáticamente,,Santander
San Gil,68679,Fiestas de San Gil,Por definir,Generado automáticamente,,Santander
San Joaquín,68682,Fiestas de San Joaquín,Por definir,Generado automáticamente,,Santander
San Miguel,68686,Fiestas de San Miguel,Por definir,Generado automáticamente,,Santander
San Vicente de Chucurí,68689,Fiestas de San Vicente de Chucurí,Por definir,Generado automáticamente,,Santander
Santa Bárbara,68705,Fiestas de Santa Bárbara,Por definir,Generado automáticamente,,Santander
Santa Helena del Opón,68720,Fiestas de Santa Helena del Opón,Por definir,Generado automáticamente,,Santander
Simacota,68745,Fiestas de Simacota,Por definir,Generado automáticamente,,Santander
Socorro,68755,Fiestas de Socorro,Por definir,Generado automáticamente,,Santander
Suaita,68770,Fiestas de Suaita,Por definir,Generado automáticamente,,Santander
Sucre,68773,Fiestas de Sucre,Por definir,Generado automáticamente,,Santander
Suratá,68780,Fiestas de Suratá,Por definir,Generado automáticamente,,Santander
Tona,68820,Fiestas de Tona,Por definir,Generado automáticamente,,Santander
Valle de San José,68855,Fiestas de Valle de San José,Por definir,Generado automáticamente,,Santander
Vélez,68861,Fiestas de Vélez,Por definir,Generado automáticamente,,Santander
Vetas,68867,Fiestas de Vetas,Por definir,Generado automáticamente,,Santander
Villanueva,68872,Fiestas de Villanueva,Por definir,Generado automáticamente,,Santander
Zapatoca,68895,Fiestas de Zapatoca,Por definir,Generado automáticamente,,Santander
Buenavista,70110,Fiestas de Buenavista,Por definir,Generado automáticamente,,Sucre
Coloso,70204,Fiestas de Coloso,Por definir,Generado automáticamente,,Sucre
Corozal,70215,Fiestas de Corozal,Por definir,Generado automáticamente,,Sucre
Coveñas,70221,Fiestas de Coveñas,Por definir,Generado automáticamente,,Sucre
El Roble,70233,Fiestas de El Roble,Por definir,Generado automáticamente,,Sucre
Galeras,70235,Fiestas de Galeras,Por definir,Generado automáticamente,,Sucre
Guaranda,70265,Fiestas de Guaranda,Por definir,Generado automáticamente,,Sucre
La Unión,70400,Fiestas de La Unión,Por definir,Generado automáticamente,,Sucre
Los Palmitos,70418,Fiestas de Los Palmitos,Por definir,Generado automáticamente,,Sucre
Majagual,70429,Fiestas de Majagual,Por definir,Generado automáticamente,,Sucre
Morroa,70473,Fiestas de Morroa,Por definir,Generado automáticamente,,Sucre
Ovejas,70508,Fiestas de Ovejas,Por definir,Generado automáticamente,,Sucre
Palmito,70523,Fiestas de Palmito,Por definir,Generado automáticamente,,Sucre
Sampués,70670,Fiestas de Sampués,Por definir,Generado automáticamente,,Sucre
San Benito Abad,70678,Fiestas de San Benito Abad,Por definir,Generado automáticamente,,Sucre
San Marcos,70708,Fiestas de San Marcos,Por definir,Generado automáticamente,,Sucre
San Onofre,70713,Fiestas de San Onofre,Por definir,Generado automáticamente,,Sucre
San Pedro,70717,Fiestas de San Pedro,Por definir,Generado automáticamente,,Sucre
San Luis de Sincé,70742,Fiestas de San Luis de Sincé,Por definir,Generado automáticamente,,Sucre
Sucre,70771,Fiestas de Sucre,Por definir,Generado automáticamente,,Sucre
Santiago de Tolú,70820,Fiestas de Santiago de Tolú,Por definir,Generado automáticamente,,Sucre
Tolú Viejo,70823,Fiestas de Tolú Viejo,Por definir,Generado automáticamente,,Sucre
Alpujarra,73024,Fiestas de Alpujarra,Por definir,Generado automáticamente,,Tolima
Alvarado,73026,Fiestas de Alvarado,Por definir,Generado automáticamente,,Tolima
Ambalema,73030,Fiestas de Ambalema,Por definir,Generado automáticamente,,Tolima
Anzoátegui,73043,Fiestas de Anzoátegui,Por definir,Generado automáticamente,,Tolima
Armero,73055,Fiestas de Armero,Por definir,Generado automáticamente,,Tolima
Ataco,73067,Fiestas de Ataco,Por definir,Generado automáticamente,,Tolima
Cajamarca,73124,Fiestas de Cajamarca,Por definir,Generado automáticamente,,Tolima
Carmen de Apicalá,73148,Fiestas de Carmen de Apicalá,Por definir,Generado automáticamente,,Tolima
Casabianca,73152,Fiestas de Casabianca,Por definir,Generado automáticamente,,Tolima
Chaparral,73168,Fiestas de Chaparral,Por definir,Generado automáticamente,,Tolima
Coello,73200,Fiestas de Coello,Por definir,Generado automáticamente,,Tolima
Coyaima,73217,Fiestas de Coyaima,Por definir,Generado automáticamente,,Tolima
Cunday,73226,Fiestas de Cunday,Por definir,Generado automáticamente,,Tolima
Espinal,73268,Fiestas de Espinal,Por definir,Generado automáticamente,,Tolima
Falan,73270,Fiestas de Falan,Por definir,Generado automáticamente,,Tolima
Flandes,73275,Fiestas de Flandes,Por definir,Generado automáticamente,,Tolima
Fresno,73283,Fiestas de Fresno,Por definir,Generado automáticamente,,Tolima
Guamo,73319,Fiestas de Guamo,Por definir,Generado automáticamente,,Tolima
Herveo,73347,Fiestas de Herveo,Por definir,Generado automáticamente,,Tolima
Honda,73349,Fiestas de Honda,Por definir,Generado automáticamente,,Tolima
Icononzo,73352,Fiestas de Icononzo,Por definir,Generado automáticamente,,Tolima
Lérida,73408,Fiestas de Lérida,Por definir,Generado automáticamente,,Tolima
Líbano,73411,Fiestas de Líbano,Por definir,Generado automáticamente,,Tolima
Mariquita,73443,Fiestas de Mariquita,Por definir,Generado automáticamente,,Tolima
Melgar,73449,Fiestas de Melgar,Por definir,Generado automáticamente,,Tolima
Murillo,73461,Fiestas de Murillo,Por definir,Generado automáticamente,,Tolima
Ortega,73504,Fiestas de Ortega,Por definir,Generado automáticamente,,Tolima
Palocabildo,73520,Fiestas de Palocabildo,Por definir,Generado automáticamente,,Tolima
Piedras,73547,Fiestas de Piedras,Por definir,Generado automáticamente,,Tolima
Planadas,73555,Fiestas de Planadas,Por definir,Generado automáticamente,,Tolima
Prado,73563,Fiestas de Prado,Por definir,Generado automáticamente,,Tolima
Purificación,73585,Fiestas de Purificación,Por definir,Generado automáticamente,,Tolima
Rioblanco,73616,Fiestas de Rioblanco,Por definir,Generado automáticamente,,Tolima
Roncesvalles,73622,Fiestas de Roncesvalles,Por definir,Generado automáticamente,,Tolima
Rovira,73624,Fiestas de Rovira,Por definir,Generado automáticamente,,Tolima
Saldaña,73671,Fiestas de Saldaña,Por definir,Generado automáticamente,,Tolima
San Antonio,73675,Fiestas de San Antonio,Por definir,Generado automáticamente,,Tolima
San Luis,73678,Fiestas de San Luis,Por definir,Generado automáticamente,,Tolima
Santa Isabel,73686,Fiestas de Santa Isabel,Por definir,Generado automáticamente,,Tolima
Suárez,73770,Fiestas de Suárez,Por definir,Generado automáticamente,,Tolima
Venadillo,73861,Fiestas de Venadillo,Por definir,Generado automáticamente,,Tolima
Villahermosa,73870,Fiestas de Villahermosa,Por definir,Generado automáticamente,,Tolima
Villarrica,73873,Fiestas de Villarrica,Por definir,Generado automáticamente,,Tolima
Alcalá,76020,Fiestas de Alcalá,Por definir,Generado automáticamente,,Valle Del Cauca
Andalucía,76036,Fiestas de Andalucía,Por definir,Generado automáticamente,,Valle Del Cauca
Ansermanuevo,76041,Fiestas de Ansermanuevo,Por definir,Generado automáticamente,,Valle Del Cauca
Argelia,76054,Fiestas de Argelia,Por definir,Generado automáticamente,,Valle Del Cauca
Bolívar,76100,Fiestas de Bolívar,Por definir,Generado automáticamente,,Valle Del Cauca
Buenaventura,76109,Fiestas de Buenaventura,Por definir,Generado automáticamente,,Valle Del Cauca
Guadalajara de Buga,76111,Fiestas de Guadalajara de Buga,Por definir,Generado automáticamente,,Valle Del Cauca
Sincelejo,70001,Fiestas de Sincelejo,Por definir,Generado automáticamente,,Sucre
Abejorral,05002,Fiestas de Abejorral,Por definir,Generado automáticamente,,Antioquia
Abriaquí,05004,Fiestas de Abriaquí,Por definir,Generado automáticamente,,Antioquia
Alejandría,05021,Fiestas de Alejandría,Por definir,Generado automáticamente,,Antioquia
Amagá,05030,Fiestas de Amagá,Por definir,Generado automáticamente,,Antioquia
Amalfi,05031,Fiestas de Amalfi,Por definir,Generado automáticamente,,Antioquia
Andes,05034,Fiestas de Andes,Por definir,Generado automáticamente,,Antioquia
Angelópolis,05036,Fiestas de Angelópolis,Por definir,Generado automáticamente,,Antioquia
Angostura,05038,Fiestas de Angostura,Por definir,Generado automáticamente,,Antioquia
Anorí,05040,Fiestas de Anorí,Por definir,Generado automáticamente,,Antioquia
Santafé de Antioquia,05042,Fiestas de Santafé de Antioquia,Por definir,Generado automáticamente,,Antioquia
Anza,05044,Fiestas de Anza,Por definir,Generado automáticamente,,Antioquia
Apartadó,05045,Fiestas de Apartadó,Por definir,Generado automáticamente,,Antioquia
Arboletes,05051,Fiestas de Arboletes,Por definir,Generado automáticamente,,Antioquia
Argelia,05055,Fiestas de Argelia,Por definir,Generado automáticamente,,Antioquia
Armenia,05059,Fiestas de Armenia,Por definir,Generado automáticamente,,Antioquia
Barbosa,05079,Fiestas de Barbosa,Por definir,Generado automáticamente,,Antioquia
Belmira,05086,Fiestas de Belmira,Por definir,Generado automáticamente,,Antioquia
Bello,05088,Fiestas de Bello,Por definir,Generado automáticamente,,Antioquia
Betulia,05093,Fiestas de Betulia,Por definir,Generado automáticamente,,Antioquia
Ciudad Bolívar,05101,Fiestas de Ciudad Bolívar,Por definir,Generado automáticamente,,Antioquia
Briceño,05107,Fiestas de Briceño,Por definir,Generado automáticamente,,Antioquia
Buriticá,05113,Fiestas de Buriticá,Por definir,Generado automáticamente,,Antioquia
Cáceres,05120,Fiestas de Cáceres,Por definir,Generado automáticamente,,Antioquia
Caicedo,05125,Fiestas de Caicedo,Por definir,Generado automáticamente,,Antioquia
Caldas,05129,Fiestas de Caldas,Por definir,Generado automáticamente,,Antioquia
Campamento,05134,Fiestas de Campamento,Por definir,Generado automáticamente,,Antioquia
Cañasgordas,05138,Fiestas de Cañasgordas,Por definir,Generado automáticamente,,Antioquia
Caracolí,05142,Fiestas de Caracolí,Por definir,Generado automáticamente,,Antioquia
Caramanta,05145,Fiestas de Caramanta,Por definir,Generado automáticamente,,Antioquia
Carepa,05147,Fiestas de Carepa,Por definir,Generado automáticamente,,Antioquia
El Carmen de Viboral,05148,Fiestas de El Carmen de Viboral,Por definir,Generado automáticamente,,Antioquia
Carolina,05150,Fiestas de Carolina,Por definir,Generado automáticamente,,Antioquia
Caucasia,05154,Fiestas de Caucasia,Por definir,Generado automáticamente,,Antioquia
Cisneros,05190,Fiestas de Cisneros,Por definir,Generado automáticamente,,Antioquia
Cocorná,05197,Fiestas de Cocorná,Por definir,Generado automáticamente,,Antioquia
Concepción,05206,Fiestas de Concepción,Por definir,Generado automáticamente,,Antioquia
Concordia,05209,Fiestas de Concordia,Por definir,Generado automáticamente,,Antioquia
Copacabana,05212,Fiestas de Copacabana,Por definir,Generado automáticamente,,Antioquia
Dabeiba,05234,Fiestas de Dabeiba,Por definir,Generado automáticamente,,Antioquia
Don Matías,05237,Fiestas de Don Matías,Por definir,Generado automáticamente,,Antioquia
Ebéjico,05240,Fiestas de Ebéjico,Por definir,Generado automáticamente,,Antioquia
El Bagre,05250,Fiestas de El Bagre,Por definir,Generado automáticamente,,Antioquia
Entrerrios,05264,Fiestas de Entrerrios,Por definir,Generado automáticamente,,Antioquia
Envigado,05266,Fiestas de Envigado,Por definir,Generado automáticamente,,Antioquia
Fredonia,05282,Fiestas de Fredonia,Por definir,Generado automáticamente,,Antioquia
Frontino,05284,Fiestas de Frontino,Por definir,Generado automáticamente,,Antioquia
Giraldo,05306,Fiestas de Giraldo,Por definir,Generado automáticamente,,Antioquia
Girardota,05308,Fiestas de Girardota,Por definir,Generado automáticamente,,Antioquia
Gómez Plata,05310,Fiestas de Gómez Plata,Por definir,Generado automáticamente,,Antioquia
Guadalupe,05315,Fiestas de Guadalupe,Por definir,Generado automáticamente,,Antioquia
Guarne,05318,Fiestas de Guarne,Por definir,Generado automáticamente,,Antioquia
Guatapé,05321,Fiestas de Guatapé,Por definir,Generado automáticamente,,Antioquia
Heliconia,05347,Fiestas de Heliconia,Por definir,Generado automáticamente,,Antioquia
Hispania,05353,Fiestas de Hispania,Por definir,Generado automáticamente,,Antioquia
Itagui,05360,Fiestas de Itagui,Por definir,Generado automáticamente,,Antioquia
Ituango,05361,Fiestas de Ituango,Por definir,Generado automáticamente,,Antioquia
Jardín,05364,Fiestas de Jardín,Por definir,Generado automáticamente,,Antioquia
Jericó,05368,Fiestas de Jericó,Por definir,Generado automáticamente,,Antioquia
La Ceja,05376,Fiestas de La Ceja,Por definir,Generado automáticamente,,Antioquia
La Estrella,05380,Fiestas de La Estrella,Por definir,Generado automáticamente,,Antioquia
La Pintada,05390,Fiestas de La Pintada,Por definir,Generado automáticamente,,Antioquia
La Unión,05400,Fiestas de La Unión,Por definir,Generado automáticamente,,Antioquia
Liborina,05411,Fiestas de Liborina,Por definir,Generado automáticamente,,Antioquia
Maceo,05425,Fiestas de Maceo,Por definir,Generado automáticamente,,Antioquia
Marinilla,05440,Fiestas de Marinilla,Por definir,Generado automáticamente,,Antioquia
Murindó,05475,Fiestas de Murindó,Por definir,Generado automáticamente,,Antioquia
Mutatá,05480,Fiestas de Mutatá,Por definir,Generado automáticamente,,Antioquia
Nariño,05483,Fiestas de Nariño,Por definir,Generado automáticamente,,Antioquia
Necoclí,05490,Fiestas de Necoclí,Por definir,Generado automáticamente,,Antioquia
Nechí,05495,Fiestas de Nechí,Por definir,Generado automáticamente,,Antioquia
Olaya,05501,Fiestas de Olaya,Por definir,Generado automáticamente,,Antioquia
Peñol,05541,Fiestas de Peñol,Por definir,Generado automáticamente,,Antioquia
Peque,05543,Fiestas de Peque,Por definir,Generado automáticamente,,Antioquia
Pueblorrico,05576,Fiestas de Pueblorrico,Por definir,Generado automáticamente,,Antioquia
Puerto Berrío,05579,Fiestas de Puerto Berrío,Por definir,Generado automáticamente,,Antioquia
Puerto Nare,05585,Fiestas de Puerto Nare,Por definir,Generado automáticamente,,Antioquia
Puerto Triunfo,05591,Fiestas de Puerto Triunfo,Por definir,Generado automáticamente,,Antioquia
Remedios,05604,Fiestas de Remedios,Por definir,Generado automáticamente,,Antioquia
Retiro,05607,Fiestas de Retiro,Por definir,Generado automáticamente,,Antioquia
Rionegro,05615,Fiestas de Rionegro,Por definir,Generado automáticamente,,Antioquia
Sabanalarga,05628,Fiestas de Sabanalarga,Por definir,Generado automáticamente,,Antioquia
Salgar,05642,Fiestas de Salgar,Por definir,Generado automáticamente,,Antioquia
San Andrés de Cuerquía,05647,Fiestas de San Andrés de Cuerquía,Por definir,Generado automáticamente,,Antioquia
Bugalagrande,76113,Fiestas de Bugalagrande,Por definir,Generado automáticamente,,Valle Del Cauca
Caicedonia,76122,Fiestas de Caicedonia,Por definir,Generado automáticamente,,Valle Del Cauca
Calima,76126,Fiestas de Calima,Por definir,Generado automáticamente,,Valle Del Cauca
Candelaria,76130,Fiestas de Candelaria,Por definir,Generado automáticamente,,Valle Del Cauca
Cartago,76147,Fiestas de Cartago,Por definir,Generado automáticamente,,Valle Del Cauca
Dagua,76233,Fiestas de Dagua,Por definir,Generado automáticamente,,Valle Del Cauca
El Águila,76243,Fiestas de El Águila,Por definir,Generado automáticamente,,Valle Del Cauca
El Cairo,76246,Fiestas de El Cairo,Por definir,Generado automáticamente,,Valle Del Cauca
El Cerrito,76248,Fiestas de El Cerrito,Por definir,Generado automáticamente,,Valle Del Cauca
El Dovio,76250,Fiestas de El Dovio,Por definir,Generado automáticamente,,Valle Del Cauca
Florida,76275,Fiestas de Florida,Por definir,Generado automáticamente,,Valle Del Cauca
Ginebra,76306,Fiestas de Ginebra,Por definir,Generado automáticamente,,Valle Del Cauca
Jamundí,76364,Fiestas de Jamundí,Por definir,Generado automáticamente,,Valle Del Cauca
La Cumbre,76377,Fiestas de La Cumbre,Por definir,Generado automáticamente,,Valle Del Cauca
La Unión,76400,Fiestas de La Unión,Por definir,Generado automáticamente,,Valle Del Cauca
La Victoria,76403,Fiestas de La Victoria,Por definir,Generado automáticamente,,Valle Del Cauca
Obando,76497,Fiestas de Obando,Por definir,Generado automáticamente,,Valle Del Cauca
Palmira,76520,Fiestas de Palmira,Por definir,Generado automáticamente,,Valle Del Cauca
Pradera,76563,Fiestas de Pradera,Por definir,Generado automáticamente,,Valle Del Cauca
Restrepo,76606,Fiestas de Restrepo,Por definir,Generado automáticamente,,Valle Del Cauca
Riofrío,76616,Fiestas de Riofrío,Por definir,Generado automáticamente,,Valle Del Cauca
Roldanillo,76622,Fiestas de Roldanillo,Por definir,Generado automáticamente,,Valle Del Cauca
San Pedro,76670,Fiestas de San Pedro,Por definir,Generado automáticamente,,Valle Del Cauca
Sevilla,76736,Fiestas de Sevilla,Por definir,Generado automáticamente,,Valle Del Cauca
Toro,76823,Fiestas de Toro,Por definir,Generado automáticamente,,Valle Del Cauca
Trujillo,76828,Fiestas de Trujillo,Por definir,Generado automáticamente,,Valle Del Cauca
Tuluá,76834,Fiestas de Tuluá,Por definir,Generado automáticamente,,Valle Del Cauca
San Francisco,05652,Fiestas de San Francisco,Por definir,Generado automáticamente,,Antioquia
San Jerónimo,05656,Fiestas de San Jerónimo,Por definir,Generado automáticamente,,Antioquia
San José de La Montaña,05658,Fiestas de San José de La Montaña,Por definir,Generado automáticamente,,Antioquia
San Juan de Urabá,05659,Fiestas de San Juan de Urabá,Por definir,Generado automáticamente,,Antioquia
San Luis,05660,Fiestas de San Luis,Por definir,Generado automáticamente,,Antioquia
San Pedro,05664,Fiestas de San Pedro,Por definir,Generado automáticamente,,Antioquia
San Pedro de Uraba,05665,Fiestas de San Pedro de Uraba,Por definir,Generado automáticamente,,Antioquia
San Rafael,05667,Fiestas de San Rafael,Por definir,Generado automáticamente,,Antioquia
San Roque,05670,Fiestas de San Roque,Por definir,Generado automáticamente,,Antioquia
Santa Bárbara,05679,Fiestas de Santa Bárbara,Por definir,Generado automáticamente,,Antioquia
Santa Rosa de Osos,05686,Fiestas de Santa Rosa de Osos,Por definir,Generado automáticamente,,Antioquia
Santo Domingo,05690,Fiestas de Santo Domingo,Por definir,Generado automáticamente,,Antioquia
El Santuario,05697,Fiestas de El Santuario,Por definir,Generado automáticamente,,Antioquia
Segovia,05736,Fiestas de Segovia,Por definir,Generado automáticamente,,Antioquia
Sonson,05756,Fiestas de Sonson,Por definir,Generado automáticamente,,Antioquia
Sopetrán,05761,Fiestas de Sopetrán,Por definir,Generado automáticamente,,Antioquia
Támesis,05789,Fiestas de Támesis,Por definir,Generado automáticamente,,Antioquia
Tarazá,05790,Fiestas de Tarazá,Por definir,Generado automáticamente,,Antioquia
Tarso,05792,Fiestas de Tarso,Por definir,Generado automáticamente,,Antioquia
Titiribí,05809,Fiestas de Titiribí,Por definir,Generado automáticamente,,Antioquia
Toledo,05819,Fiestas de Toledo,Por definir,Generado automáticamente,,Antioquia
Turbo,05837,Fiestas de Turbo,Por definir,Generado automáticamente,,Antioquia
Uramita,05842,Fiestas de Uramita,Por definir,Generado automáticamente,,Antioquia
Urrao,05847,Fiestas de Urrao,Por definir,Generado automáticamente,,Antioquia
Valdivia,05854,Fiestas de Valdivia,Por definir,Generado automáticamente,,Antioquia
Vegachí,05858,Fiestas de Vegachí,Por definir,Generado automáticamente,,Antioquia
Venecia,05861,Fiestas de Venecia,Por definir,Generado automáticamente,,Antioquia
Vigía del Fuerte,05873,Fiestas de Vigía del Fuerte,Por definir,Generado automáticamente,,Antioquia
Yalí,05885,Fiestas de Yalí,Por definir,Generado automáticamente,,Antioquia
Yarumal,05887,Fiestas de Yarumal,Por definir,Generado automáticamente,,Antioquia
Yolombó,05890,Fiestas de Yolombó,Por definir,Generado automáticamente,,Antioquia
Yondó,05893,Fiestas de Yondó,Por definir,Generado automáticamente,,Antioquia
Providencia,88564,Fiestas de Providencia,Por definir,Generado automáticamente,,Archipiélago De San Andrés
El Encanto,91263,Fiestas de El Encanto,Por definir,Generado automáticamente,,Amazonas
La Chorrera,91405,Fiestas de La Chorrera,Por definir,Generado automáticamente,,Amazonas
La Pedrera,91407,Fiestas de La Pedrera,Por definir,Generado automáticamente,,Amazonas
La Victoria,91430,Fiestas de La Victoria,Por definir,Generado automáticamente,,Amazonas
Puerto Alegría,91530,Fiestas de Puerto Alegría,Por definir,Generado automáticamente,,Amazonas
Puerto Arica,91536,Fiestas de Puerto Arica,Por definir,Generado automáticamente,,Amazonas
Puerto Nariño,91540,Fiestas de Puerto Nariño,Por definir,Generado automáticamente,,Amazonas
Puerto Santander,91669,Fiestas de Puerto Santander,Por definir,Generado automáticamente,,Amazonas
Tarapacá,91798,Fiestas de Tarapacá,Por definir,Generado automáticamente,,Amazonas
Barranco Minas,94343,Fiestas de Barranco Minas,Por definir,Generado automáticamente,,Guainía
Mapiripana,94663,Fiestas de Mapiripana,Por definir,Generado automáticamente,,Guainía
San Felipe,94883,Fiestas de San Felipe,Por definir,Generado automáticamente,,Guainía
Puerto Colombia,94884,Fiestas de Puerto Colombia,Por definir,Generado automáticamente,,Guainía
La Guadalupe,94885,Fiestas de La Guadalupe,Por definir,Generado automáticamente,,Guainía
Cacahual,94886,Fiestas de Cacahual,Por definir,Generado automáticamente,,Guainía
Pana Pana,94887,Fiestas de Pana Pana,Por definir,Generado automáticamente,,Guainía
Morichal,94888,Fiestas de Morichal,Por definir,Generado automáticamente,,Guainía
Calamar,95015,Fiestas de Calamar,Por definir,Generado automáticamente,,Guaviare
El Retorno,95025,Fiestas de El Retorno,Por definir,Generado automáticamente,,Guaviare
Miraflores,95200,Fiestas de Miraflores,Por definir,Generado automáticamente,,Guaviare
Caruru,97161,Fiestas de Caruru,Por definir,Generado automáticamente,,Vaupés
Pacoa,97511,Fiestas de Pacoa,Por definir,Generado automáticamente,,Vaupés
Taraira,97666,Fiestas de Taraira,Por definir,Generado automáticamente,,Vaupés
Leticia,91001,Fiestas de Leticia,Por definir,Generado automáticamente,,Amazonas