codigo_dane,departamento,municipio,festival,descripcion,fecha_inicio,fecha_fin,status,fuente
70124,Sucre,Caimito,Fiestas de Caimito,,,,pendiente,Generado automáticamente
05895,Antioquia,Zaragoza,Fiestas de Zaragoza,,,,pendiente,Generado automáticamente
08078,Atlántico,Baranoa,Fiestas de Baranoa,,,,pendiente,Generado automáticamente
08137,Atlántico,Campo de La Cruz,Fiestas de Campo de La Cruz,,,,pendiente,Generado automáticamente
08141,Atlántico,Candelaria,Fiestas de Candelaria,,,,pendiente,Generado automáticamente
08296,Atlántico,Galapa,Fiestas de Galapa,,,,pendiente,Generado automáticamente
08372,Atlántico,Juan de Acosta,Fiestas de Juan de Acosta,,,,pendiente,Generado automáticamente
08421,Atlántico,Luruaco,Fiestas de Luruaco,,,,pendiente,Generado automáticamente
76845,Valle Del Cauca,Ulloa,Fiestas de Ulloa,,,,pendiente,Generado automáticamente
76869,Valle Del Cauca,Vijes,Fiestas de Vijes,,,,pendiente,Generado automáticamente
76890,Valle Del Cauca,Yotoco,Fiestas de Yotoco,,,,pendiente,Generado automáticamente
76892,Valle Del Cauca,Yumbo,Fiestas de Yumbo,,,,pendiente,Generado automáticamente
76895,Valle Del Cauca,Zarzal,Fiestas de Zarzal,,,,pendiente,Generado automáticamente
81065,Arauca,Arauquita,Fiestas de Arauquita,,,,pendiente,Generado automáticamente
81220,Arauca,Cravo Norte,Fiestas de Cravo Norte,,,,pendiente,Generado automáticamente
81300,Arauca,Fortul,Fiestas de Fortul,,,,pendiente,Generado automáticamente
81591,Arauca,Puerto Rondón,Fiestas de Puerto Rondón,,,,pendiente,Generado automáticamente
81736,Arauca,Saravena,Fiestas de Saravena,,,,pendiente,Generado automáticamente
81794,Arauca,Tame,Fiestas de Tame,,,,pendiente,Generado automáticamente
85010,Casanare,Aguazul,Fiestas de Aguazul,,,,pendiente,Generado automáticamente
85015,Casanare,Chameza,Fiestas de Chameza,,,,pendiente,Generado automáticamente
85125,Casanare,Hato Corozal,Fiestas de Hato Corozal,,,,pendiente,Generado automáticamente
85136,Casanare,La Salina,Fiestas de La Salina,,,,pendiente,Generado automáticamente
85139,Casanare,Maní,Fiestas de Maní,,,,pendiente,Generado automáticamente
85162,Casanare,Monterrey,Fiestas de Monterrey,,,,pendiente,Generado automáticamente
85230,Casanare,Orocué,Fiestas de Orocué,,,,pendiente,Generado automáticamente
85250,Casanare,Paz de Ariporo,Fiestas de Paz de Ariporo,,,,pendiente,Generado automáticamente
85263,Casanare,Pore,Fiestas de Pore,,,,pendiente,Generado automáticamente
85279,Casanare,Recetor,Fiestas de Recetor,,,,pendiente,Generado automáticamente
85300,Casanare,Sabanalarga,Fiestas de Sabanalarga,,,,pendiente,Generado automáticamente
85315,Casanare,Sácama,Fiestas de Sácama,,,,pendiente,Generado automáticamente
85325,Casanare,San Luis de Palenque,Fiestas de San Luis de Palenque,,,,pendiente,Generado automáticamente
85400,Casanare,Támara,Fiestas de Támara,,,,pendiente,Generado automáticamente
85410,Casanare,Tauramena,Fiestas de Tauramena,,,,pendiente,Generado automáticamente
85430,Casanare,Trinidad,Fiestas de Trinidad,,,,pendiente,Generado automáticamente
85440,Casanare,Villanueva,Fiestas de Villanueva,,,,pendiente,Generado automáticamente
86219,Putumayo,Colón,Fiestas de Colón,,,,pendiente,Generado automáticamente
86320,Putumayo,Orito,Fiestas de Orito,,,,pendiente,Generado automáticamente
86568,Putumayo,Puerto Asís,Fiestas de Puerto Asís,,,,pendiente,Generado automáticamente
86569,Putumayo,Puerto Caicedo,Fiestas de Puerto Caicedo,,,,pendiente,Generado automáticamente
86573,Putumayo,Leguízamo,Fiestas de Leguízamo,,,,pendiente,Generado automáticamente
86749,Putumayo,Sibundoy,Fiestas de Sibundoy,,,,pendiente,Generado automáticamente
86755,Putumayo,San Francisco,Fiestas de San Francisco,,,,pendiente,Generado automáticamente
86757,Putumayo,San Miguel,Fiestas de San Miguel,,,,pendiente,Generado automáticamente
86760,Putumayo,Santiago,Fiestas de Santiago,,,,pendiente,Generado automáticamente
86865,Putumayo,Valle del Guamuez,Fiestas de Valle del Guamuez,,,,pendiente,Generado automáticamente
86885,Putumayo,Villagarzón,Fiestas de Villagarzón,,,,pendiente,Generado automáticamente
08436,Atlántico,Manatí,Fiestas de Manatí,,,,pendiente,Generado automáticamente
08520,Atlántico,Palmar de Varela,Fiestas de Palmar de Varela,,,,pendiente,Generado automáticamente
08549,Atlántico,Piojó,Fiestas de Piojó,,,,pendiente,Generado automáticamente
08558,Atlántico,Polonuevo,Fiestas de Polonuevo,,,,pendiente,Generado automáticamente
08560,Atlántico,Ponedera,Fiestas de Ponedera,,,,pendiente,Generado automáticamente
08606,Atlántico,Repelón,Fiestas de Repelón,,,,pendiente,Generado automáticamente
08634,Atlántico,Sabanagrande,Fiestas de Sabanagrande,,,,pendiente,Generado automáticamente
08638,Atlántico,Sabanalarga,Fiestas de Sabanalarga,,,,pendiente,Generado automáticamente
08675,Atlántico,Santa Lucía,Fiestas de Santa Lucía,,,,pendiente,Generado automáticamente
08685,Atlántico,Santo Tomás,Fiestas de Santo Tomás,,,,pendiente,Generado automáticamente
08758,Atlántico,Soledad,Fiestas de Soledad,,,,pendiente,Generado automáticamente
08770,Atlántico,Suan,Fiestas de Suan,,,,pendiente,Generado automáticamente
08832,Atlántico,Tubará,Fiestas de Tubará,,,,pendiente,Generado automáticamente
08849,Atlántico,Usiacurí,Fiestas de Usiacurí,,,,pendiente,Generado automáticamente
D.C.,Generado automáticamente,Bogotá,11001,,,,pendiente,Por definir
13006,Bolívar,Achí,Fiestas de Achí,,,,pendiente,Generado automáticamente
13030,Bolívar,Altos del Rosario,Fiestas de Altos del Rosario,,,,pendiente,Generado automáticamente
13042,Bolívar,Arenal,Fiestas de Arenal,,,,pendiente,Generado automáticamente
13052,Bolívar,Arjona,Fiestas de Arjona,,,,pendiente,Generado automáticamente
13062,Bolívar,Arroyohondo,Fiestas de Arroyohondo,,,,pendiente,Generado automáticamente
13074,Bolívar,Barranco de Loba,Fiestas de Barranco de Loba,,,,pendiente,Generado automáticamente
13140,Bolívar,Calamar,Fiestas de Calamar,,,,pendiente,Generado automáticamente
13160,Bolívar,Cantagallo,Fiestas de Cantagallo,,,,pendiente,Generado automáticamente
13188,Bolívar,Cicuco,Fiestas de Cicuco,,,,pendiente,Generado automáticamente
13222,Bolívar,Clemencia,Fiestas de Clemencia,,,,pendiente,Generado automáticamente
13244,Bolívar,El Carmen de Bolívar,Fiestas de El Carmen de Bolívar,,,,pendiente,Generado automáticamente
13248,Bolívar,El Guamo,Fiestas de El Guamo,,,,pendiente,Generado automáticamente
13268,Bolívar,El Peñón,Fiestas de El Peñón,,,,pendiente,Generado automáticamente
13300,Bolívar,Hatillo de Loba,Fiestas de Hatillo de Loba,,,,pendiente,Generado automáticamente
13430,Bolívar,Magangué,Fiestas de Magangué,,,,pendiente,Generado automáticamente
13433,Bolívar,Mahates,Fiestas de Mahates,,,,pendiente,Generado automáticamente
13440,Bolívar,Margarita,Fiestas de Margarita,,,,pendiente,Generado automáticamente
13442,Bolívar,María La Baja,Fiestas de María La Baja,,,,pendiente,Generado automáticamente
13458,Bolívar,Montecristo,Fiestas de Montecristo,,,,pendiente,Generado automáticamente
13468,Bolívar,Mompós,Fiestas de Mompós,,,,pendiente,Generado automáticamente
13473,Bolívar,Morales,Fiestas de Morales,,,,pendiente,Generado automáticamente
13549,Bolívar,Pinillos,Fiestas de Pinillos,,,,pendiente,Generado automáticamente
13580,Bolívar,Regidor,Fiestas de Regidor,,,,pendiente,Generado automáticamente
13600,Bolívar,Río Viejo,Fiestas de Río Viejo,,,,pendiente,Generado automáticamente
13647,Bolívar,San Estanislao,Fiestas de San Estanislao,,,,pendiente,Generado automáticamente
13650,Bolívar,San Fernando,Fiestas de San Fernando,,,,pendiente,Generado automáticamente
13654,Bolívar,San Jacinto,Fiestas de San Jacinto,,,,pendiente,Generado automáticamente
13655,Bolívar,San Jacinto del Cauca,Fiestas de San Jacinto del Cauca,,,,pendiente,Generado automáticamente
13657,Bolívar,San Juan Nepomuceno,Fiestas de San Juan Nepomuceno,,,,pendiente,Generado automáticamente
13667,Bolívar,San Martín de Loba,Fiestas de San Martín de Loba,,,,pendiente,Generado automáticamente
13670,Bolívar,San Pablo,Fiestas de San Pablo,,,,pendiente,Generado automáticamente
13673,Bolívar,Santa Catalina,Fiestas de Santa Catalina,,,,pendiente,Generado automáticamente
13683,Bolívar,Santa Rosa,Fiestas de Santa Rosa,,,,pendiente,Generado automáticamente
13688,Bolívar,Santa Rosa del Sur,Fiestas de Santa Rosa del Sur,,,,pendiente,Generado automáticamente
13744,Bolívar,Simití,Fiestas de Simití,,,,pendiente,Generado automáticamente
13760,Bolívar,Soplaviento,Fiestas de Soplaviento,,,,pendiente,Generado automáticamente
13780,Bolívar,Talaigua Nuevo,Fiestas de Talaigua Nuevo,,,,pendiente,Generado automáticamente
13810,Bolívar,Tiquisio,Fiestas de Tiquisio,,,,pendiente,Generado automáticamente
13836,Bolívar,Turbaco,Fiestas de Turbaco,,,,pendiente,Generado automáticamente
13838,Bolívar,Turbaná,Fiestas de Turbaná,,,,pendiente,Generado automáticamente
13894,Bolívar,Zambrano,Fiestas de Zambrano,,,,pendiente,Generado automáticamente
15022,Boyacá,Almeida,Fiestas de Almeida,,,,pendiente,Generado automáticamente
15047,Boyacá,Aquitania,Fiestas de Aquitania,,,,pendiente,Generado automáticamente
15051,Boyacá,Arcabuco,Fiestas de Arcabuco,,,,pendiente,Generado automáticamente
15087,Boyacá,Belén,Fiestas de Belén,,,,pendiente,Generado automáticamente
15090,Boyacá,Berbeo,Fiestas de Berbeo,,,,pendiente,Generado automáticamente
15092,Boyacá,Betéitiva,Fiestas de Betéitiva,,,,pendiente,Generado automáticamente
15097,Boyacá,Boavita,Fiestas de Boavita,,,,pendiente,Generado automáticamente
15104,Boyacá,Boyacá,Fiestas de Boyacá,,,,pendiente,Generado automáticamente
15106,Boyacá,Briceño,Fiestas de Briceño,,,,pendiente,Generado automáticamente
15109,Boyacá,Buenavista,Fiestas de Buenavista,,,,pendiente,Generado automáticamente
15114,Boyacá,Busbanzá,Fiestas de Busbanzá,,,,pendiente,Generado automáticamente
15131,Boyacá,Caldas,Fiestas de Caldas,,,,pendiente,Generado automáticamente
15135,Boyacá,Campohermoso,Fiestas de Campohermoso,,,,pendiente,Generado automáticamente
15162,Boyacá,Cerinza,Fiestas de Cerinza,,,,pendiente,Generado automáticamente
15176,Boyacá,Chiquinquirá,Fiestas de Chiquinquirá,,,,pendiente,Generado automáticamente
15180,Boyacá,Chiscas,Fiestas de Chiscas,,,,pendiente,Generado automáticamente
15183,Boyacá,Chita,Fiestas de Chita,,,,pendiente,Generado automáticamente
15185,Boyacá,Chitaraque,Fiestas de Chitaraque,,,,pendiente,Generado automáticamente
15187,Boyacá,Chivatá,Fiestas de Chivatá,,,,pendiente,Generado automáticamente
15189,Boyacá,Ciénega,Fiestas de Ciénega,,,,pendiente,Generado automáticamente
15204,Boyacá,Cómbita,Fiestas de Cómbita,,,,pendiente,Generado automáticamente
15212,Boyacá,Coper,Fiestas de Coper,,,,pendiente,Generado automáticamente
15215,Boyacá,Corrales,Fiestas de Corrales,,,,pendiente,Generado automáticamente
15218,Boyacá,Covarachía,Fiestas de Covarachía,,,,pendiente,Generado automáticamente
15223,Boyacá,Cubará,Fiestas de Cubará,,,,pendiente,Generado automáticamente
15224,Boyacá,Cucaita,Fiestas de Cucaita,,,,pendiente,Generado automáticamente
15226,Boyacá,Cuítiva,Fiestas de Cuítiva,,,,pendiente,Generado automáticamente
15232,Boyacá,Chíquiza,Fiestas de Chíquiza,,,,pendiente,Generado automáticamente
15236,Boyacá,Chivor,Fiestas de Chivor,,,,pendiente,Generado automáticamente
15238,Boyacá,Duitama,Fiestas de Duitama,,,,pendiente,Generado automáticamente
15248,Boyacá,El Espino,Fiestas de El Espino,,,,pendiente,Generado automáticamente
15272,Boyacá,Firavitoba,Fiestas de Firavitoba,,,,pendiente,Generado automáticamente
15276,Boyacá,Floresta,Fiestas de Floresta,,,,pendiente,Generado automáticamente
15293,Boyacá,Gachantivá,Fiestas de Gachantivá,,,,pendiente,Generado automáticamente
15296,Boyacá,Gameza,Fiestas de Gameza,,,,pendiente,Generado automáticamente
15299,Boyacá,Garagoa,Fiestas de Garagoa,,,,pendiente,Generado automáticamente
15317,Boyacá,Guacamayas,Fiestas de Guacamayas,,,,pendiente,Generado automáticamente
15322,Boyacá,Guateque,Fiestas de Guateque,,,,pendiente,Generado automáticamente
15325,Boyacá,Guayatá,Fiestas de Guayatá,,,,pendiente,Generado automáticamente
15332,Boyacá,Güicán,Fiestas de Güicán,,,,pendiente,Generado automáticamente
15362,Boyacá,Iza,Fiestas de Iza,,,,pendiente,Generado automáticamente
15367,Boyacá,Jenesano,Fiestas de Jenesano,,,,pendiente,Generado automáticamente
15368,Boyacá,Jericó,Fiestas de Jericó,,,,pendiente,Generado automáticamente
15377,Boyacá,Labranzagrande,Fiestas de Labranzagrande,,,,pendiente,Generado automáticamente
15380,Boyacá,La Capilla,Fiestas de La Capilla,,,,pendiente,Generado automáticamente
15401,Boyacá,La Victoria,Fiestas de La Victoria,,,,pendiente,Generado automáticamente
15407,Boyacá,Villa de Leyva,Fiestas de Villa de Leyva,,,,pendiente,Generado automáticamente
15425,Boyacá,Macanal,Fiestas de Macanal,,,,pendiente,Generado automáticamente
15442,Boyacá,Maripí,Fiestas de Maripí,,,,pendiente,Generado automáticamente
15455,Boyacá,Miraflores,Fiestas de Miraflores,,,,pendiente,Generado automáticamente
15464,Boyacá,Mongua,Fiestas de Mongua,,,,pendiente,Generado automáticamente
15466,Boyacá,Monguí,Fiestas de Monguí,,,,pendiente,Generado automáticamente
15469,Boyacá,Moniquirá,Fiestas de Moniquirá,,,,pendiente,Generado automáticamente
15476,Boyacá,Motavita,Fiestas de Motavita,,,,pendiente,Generado automáticamente
15480,Boyacá,Muzo,Fiestas de Muzo,,,,pendiente,Generado automáticamente
15491,Boyacá,Nobsa,Fiestas de Nobsa,,,,pendiente,Generado automáticamente
13001,Bolívar,Cartagena,Fiestas de Cartagena,,,,pendiente,Generado automáticamente
15500,Boyacá,Oicatá,Fiestas de Oicatá,,,,pendiente,Generado automáticamente
15507,Boyacá,Otanche,Fiestas de Otanche,,,,pendiente,Generado automáticamente
15514,Boyacá,Páez,Fiestas de Páez,,,,pendiente,Generado automáticamente
15516,Boyacá,Paipa,Fiestas de Paipa,,,,pendiente,Generado automáticamente
15518,Boyacá,Pajarito,Fiestas de Pajarito,,,,pendiente,Generado automáticamente
15522,Boyacá,Panqueba,Fiestas de Panqueba,,,,pendiente,Generado automáticamente
15531,Boyacá,Pauna,Fiestas de Pauna,,,,pendiente,Generado automáticamente
15533,Boyacá,Paya,Fiestas de Paya,,,,pendiente,Generado automáticamente
15537,Boyacá,Paz de Río,Fiestas de Paz de Río,,,,pendiente,Generado automáticamente
15542,Boyacá,Pesca,Fiestas de Pesca,,,,pendiente,Generado automáticamente
15550,Boyacá,Pisba,Fiestas de Pisba,,,,pendiente,Generado automáticamente
15572,Boyacá,Puerto Boyacá,Fiestas de Puerto Boyacá,,,,pendiente,Generado automáticamente
15580,Boyacá,Quípama,Fiestas de Quípama,,,,pendiente,Generado automáticamente
15599,Boyacá,Ramiriquí,Fiestas de Ramiriquí,,,,pendiente,Generado automáticamente
15600,Boyacá,Ráquira,Fiestas de Ráquira,,,,pendiente,Generado automáticamente
15621,Boyacá,Rondón,Fiestas de Rondón,,,,pendiente,Generado automáticamente
15632,Boyacá,Saboyá,Fiestas de Saboyá,,,,pendiente,Generado automáticamente
15646,Boyacá,Samacá,Fiestas de Samacá,,,,pendiente,Generado automáticamente
15660,Boyacá,San Eduardo,Fiestas de San Eduardo,,,,pendiente,Generado automáticamente
15664,Boyacá,San José de Pare,Fiestas de San José de Pare,,,,pendiente,Generado automáticamente
15667,Boyacá,San Luis de Gaceno,Fiestas de San Luis de Gaceno,,,,pendiente,Generado automáticamente
15673,Boyacá,San Mateo,Fiestas de San Mateo,,,,pendiente,Generado automáticamente
15676,Boyacá,San Miguel de Sema,Fiestas de San Miguel de Sema,,,,pendiente,Generado automáticamente
15681,Boyacá,San Pablo de Borbur,Fiestas de San Pablo de Borbur,,,,pendiente,Generado automáticamente
15686,Boyacá,Santana,Fiestas de Santana,,,,pendiente,Generado automáticamente
15690,Boyacá,Santa María,Fiestas de Santa María,,,,pendiente,Generado automáticamente
15693,Boyacá,Santa Rosa de Viterbo,Fiestas de Santa Rosa de Viterbo,,,,pendiente,Generado automáticamente
15696,Boyacá,Santa Sofía,Fiestas de Santa Sofía,,,,pendiente,Generado automáticamente
15720,Boyacá,Sativanorte,Fiestas de Sativanorte,,,,pendiente,Generado automáticamente
15723,Boyacá,Sativasur,Fiestas de Sativasur,,,,pendiente,Generado automáticamente
15740,Boyacá,Siachoque,Fiestas de Siachoque,,,,pendiente,Generado automáticamente
15753,Boyacá,Soatá,Fiestas de Soatá,,,,pendiente,Generado automáticamente
15755,Boyacá,Socotá,Fiestas de Socotá,,,,pendiente,Generado automáticamente
15757,Boyacá,Socha,Fiestas de Socha,,,,pendiente,Generado automáticamente
15761,Boyacá,Somondoco,Fiestas de Somondoco,,,,pendiente,Generado automáticamente
15762,Boyacá,Sora,Fiestas de Sora,,,,pendiente,Generado automáticamente
15763,Boyacá,Sotaquirá,Fiestas de Sotaquirá,,,,pendiente,Generado automáticamente
15764,Boyacá,Soracá,Fiestas de Soracá,,,,pendiente,Generado automáticamente
15774,Boyacá,Susacón,Fiestas de Susacón,,,,pendiente,Generado automáticamente
15776,Boyacá,Sutamarchán,Fiestas de Sutamarchán,,,,pendiente,Generado automáticamente
15778,Boyacá,Sutatenza,Fiestas de Sutatenza,,,,pendiente,Generado automáticamente
15790,Boyacá,Tasco,Fiestas de Tasco,,,,pendiente,Generado automáticamente
15798,Boyacá,Tenza,Fiestas de Tenza,,,,pendiente,Generado automáticamente
15804,Boyacá,Tibaná,Fiestas de Tibaná,,,,pendiente,Generado automáticamente
15806,Boyacá,Tibasosa,Fiestas de Tibasosa,,,,pendiente,Generado automáticamente
15808,Boyacá,Tinjacá,Fiestas de Tinjacá,,,,pendiente,Generado automáticamente
15810,Boyacá,Tipacoque,Fiestas de Tipacoque,,,,pendiente,Generado automáticamente
15814,Boyacá,Toca,Fiestas de Toca,,,,pendiente,Generado automáticamente
15816,Boyacá,Togüí,Fiestas de Togüí,,,,pendiente,Generado automáticamente
15820,Boyacá,Tópaga,Fiestas de Tópaga,,,,pendiente,Generado automáticamente
15832,Boyacá,Tununguá,Fiestas de Tununguá,,,,pendiente,Generado automáticamente
15835,Boyacá,Turmequé,Fiestas de Turmequé,,,,pendiente,Generado automáticamente
15837,Boyacá,Tuta,Fiestas de Tuta,,,,pendiente,Generado automáticamente
15839,Boyacá,Tutazá,Fiestas de Tutazá,,,,pendiente,Generado automáticamente
15842,Boyacá,Umbita,Fiestas de Umbita,,,,pendiente,Generado automáticamente
15861,Boyacá,Ventaquemada,Fiestas de Ventaquemada,,,,pendiente,Generado automáticamente
15879,Boyacá,Viracachá,Fiestas de Viracachá,,,,pendiente,Generado automáticamente
15897,Boyacá,Zetaquira,Fiestas de Zetaquira,,,,pendiente,Generado automáticamente
17013,Caldas,Aguadas,Fiestas de Aguadas,,,,pendiente,Generado automáticamente
17042,Caldas,Anserma,Fiestas de Anserma,,,,pendiente,Generado automáticamente
17050,Caldas,Aranzazu,Fiestas de Aranzazu,,,,pendiente,Generado automáticamente
17174,Caldas,Chinchiná,Fiestas de Chinchiná,,,,pendiente,Generado automáticamente
17272,Caldas,Filadelfia,Fiestas de Filadelfia,,,,pendiente,Generado automáticamente
17380,Caldas,La Dorada,Fiestas de La Dorada,,,,pendiente,Generado automáticamente
17388,Caldas,La Merced,Fiestas de La Merced,,,,pendiente,Generado automáticamente
17433,Caldas,Manzanares,Fiestas de Manzanares,,,,pendiente,Generado automáticamente
17442,Caldas,Marmato,Fiestas de Marmato,,,,pendiente,Generado automáticamente
17444,Caldas,Marquetalia,Fiestas de Marquetalia,,,,pendiente,Generado automáticamente
17446,Caldas,Marulanda,Fiestas de Marulanda,,,,pendiente,Generado automáticamente
17486,Caldas,Neira,Fiestas de Neira,,,,pendiente,Generado automáticamente
17495,Caldas,Norcasia,Fiestas de Norcasia,,,,pendiente,Generado automáticamente
17513,Caldas,Pácora,Fiestas de Pácora,,,,pendiente,Generado automáticamente
17524,Caldas,Palestina,Fiestas de Palestina,,,,pendiente,Generado automáticamente
17541,Caldas,Pensilvania,Fiestas de Pensilvania,,,,pendiente,Generado automáticamente
17614,Caldas,Riosucio,Fiestas de Riosucio,,,,pendiente,Generado automáticamente
17616,Caldas,Risaralda,Fiestas de Risaralda,,,,pendiente,Generado automáticamente
17653,Caldas,Salamina,Fiestas de Salamina,,,,pendiente,Generado automáticamente
17662,Caldas,Samaná,Fiestas de Samaná,,,,pendiente,Generado automáticamente
17777,Caldas,Supía,Fiestas de Supía,,,,pendiente,Generado automáticamente
17867,Caldas,Victoria,Fiestas de Victoria,,,,pendiente,Generado automáticamente
17873,Caldas,Villamaría,Fiestas de Villamaría,,,,pendiente,Generado automáticamente
17877,Caldas,Viterbo,Fiestas de Viterbo,,,,pendiente,Generado automáticamente
18029,Caquetá,Albania,Fiestas de Albania,,,,pendiente,Generado automáticamente
18094,Caquetá,Belén de Los Andaquies,Fiestas de Belén de Los Andaquies,,,,pendiente,Generado automáticamente
18150,Caquetá,Cartagena del Chairá,Fiestas de Cartagena del Chairá,,,,pendiente,Generado automáticamente
18205,Caquetá,Curillo,Fiestas de Curillo,,,,pendiente,Generado automáticamente
18247,Caquetá,El Doncello,Fiestas de El Doncello,,,,pendiente,Generado automáticamente
18256,Caquetá,El Paujil,Fiestas de El Paujil,,,,pendiente,Generado automáticamente
18410,Caquetá,La Montañita,Fiestas de La Montañita,,,,pendiente,Generado automáticamente
18460,Caquetá,Milán,Fiestas de Milán,,,,pendiente,Generado automáticamente
18479,Caquetá,Morelia,Fiestas de Morelia,,,,pendiente,Generado automáticamente
18592,Caquetá,Puerto Rico,Fiestas de Puerto Rico,,,,pendiente,Generado automáticamente
18753,Caquetá,San Vicente del Caguán,Fiestas de San Vicente del Caguán,,,,pendiente,Generado automáticamente
18756,Caquetá,Solano,Fiestas de Solano,,,,pendiente,Generado automáticamente
18785,Caquetá,Solita,Fiestas de Solita,,,,pendiente,Generado automáticamente
18860,Caquetá,Valparaíso,Fiestas de Valparaíso,,,,pendiente,Generado automáticamente
19022,Cauca,Almaguer,Fiestas de Almaguer,,,,pendiente,Generado automáticamente
19050,Cauca,Argelia,Fiestas de Argelia,,,,pendiente,Generado automáticamente
19075,Cauca,Balboa,Fiestas de Balboa,,,,pendiente,Generado automáticamente
19100,Cauca,Bolívar,Fiestas de Bolívar,,,,pendiente,Generado automáticamente
19110,Cauca,Buenos Aires,Fiestas de Buenos Aires,,,,pendiente,Generado automáticamente
19130,Cauca,Cajibío,Fiestas de Cajibío,,,,pendiente,Generado automáticamente
19137,Cauca,Caldono,Fiestas de Caldono,,,,pendiente,Generado automáticamente
19142,Cauca,Caloto,Fiestas de Caloto,,,,pendiente,Generado automáticamente
19212,Cauca,Corinto,Fiestas de Corinto,,,,pendiente,Generado automáticamente
19256,Cauca,El Tambo,Fiestas de El Tambo,,,,pendiente,Generado automáticamente
19290,Cauca,Florencia,Fiestas de Florencia,,,,pendiente,Generado automáticamente
19318,Cauca,Guapi,Fiestas de Guapi,,,,pendiente,Generado automáticamente
19355,Cauca,Inzá,Fiestas de Inzá,,,,pendiente,Generado automáticamente
19364,Cauca,Jambaló,Fiestas de Jambaló,,,,pendiente,Generado automáticamente
19392,Cauca,La Sierra,Fiestas de La Sierra,,,,pendiente,Generado automáticamente
19418,Cauca,López,Fiestas de López,,,,pendiente,Generado automáticamente
19450,Cauca,Mercaderes,Fiestas de Mercaderes,,,,pendiente,Generado automáticamente
19455,Cauca,Miranda,Fiestas de Miranda,,,,pendiente,Generado automáticamente
17001,Caldas,Manizales,Fiestas de Manizales,,,,pendiente,Generado automáticamente
19513,Cauca,Padilla,Fiestas de Padilla,,,,pendiente,Generado automáticamente
19517,Cauca,Paez,Fiestas de Paez,,,,pendiente,Generado automáticamente
19532,Cauca,Patía,Fiestas de Patía,,,,pendiente,Generado automáticamente
19533,Cauca,Piamonte,Fiestas de Piamonte,,,,pendiente,Generado automáticamente
19548,Cauca,Piendamó,Fiestas de Piendamó,,,,pendiente,Generado automáticamente
19573,Cauca,Puerto Tejada,Fiestas de Puerto Tejada,,,,pendiente,Generado automáticamente
19585,Cauca,Puracé,Fiestas de Puracé,,,,pendiente,Generado automáticamente
19622,Cauca,Rosas,Fiestas de Rosas,,,,pendiente,Generado automáticamente
19698,Cauca,Santander de Quilichao,Fiestas de Santander de Quilichao,,,,pendiente,Generado automáticamente
19701,Cauca,Santa Rosa,Fiestas de Santa Rosa,,,,pendiente,Generado automáticamente
19743,Cauca,Silvia,Fiestas de Silvia,,,,pendiente,Generado automáticamente
19760,Cauca,Sotara,Fiestas de Sotara,,,,pendiente,Generado automáticamente
19780,Cauca,Suárez,Fiestas de Suárez,,,,pendiente,Generado automáticamente
19785,Cauca,Sucre,Fiestas de Sucre,,,,pendiente,Generado automáticamente
19807,Cauca,Timbío,Fiestas de Timbío,,,,pendiente,Generado automáticamente
19809,Cauca,Timbiquí,Fiestas de Timbiquí,,,,pendiente,Generado automáticamente
19821,Cauca,Toribio,Fiestas de Toribio,,,,pendiente,Generado automáticamente
19824,Cauca,Totoró,Fiestas de Totoró,,,,pendiente,Generado automáticamente
19845,Cauca,Villa Rica,Fiestas de Villa Rica,,,,pendiente,Generado automáticamente
20011,Cesar,Aguachica,Fiestas de Aguachica,,,,pendiente,Generado automáticamente
20013,Cesar,Agustín Codazzi,Fiestas de Agustín Codazzi,,,,pendiente,Generado automáticamente
20032,Cesar,Astrea,Fiestas de Astrea,,,,pendiente,Generado automáticamente
20045,Cesar,Becerril,Fiestas de Becerril,,,,pendiente,Generado automáticamente
20060,Cesar,Bosconia,Fiestas de Bosconia,,,,pendiente,Generado automáticamente
20178,Cesar,Chiriguaná,Fiestas de Chiriguaná,,,,pendiente,Generado automáticamente
20228,Cesar,Curumaní,Fiestas de Curumaní,,,,pendiente,Generado automáticamente
20238,Cesar,El Copey,Fiestas de El Copey,,,,pendiente,Generado automáticamente
20250,Cesar,El Paso,Fiestas de El Paso,,,,pendiente,Generado automáticamente
20295,Cesar,Gamarra,Fiestas de Gamarra,,,,pendiente,Generado automáticamente
20310,Cesar,González,Fiestas de González,,,,pendiente,Generado automáticamente
20383,Cesar,La Gloria,Fiestas de La Gloria,,,,pendiente,Generado automáticamente
20400,Cesar,La Jagua de Ibirico,Fiestas de La Jagua de Ibirico,,,,pendiente,Generado automáticamente
20443,Cesar,Manaure,Fiestas de Manaure,,,,pendiente,Generado automáticamente
20517,Cesar,Pailitas,Fiestas de Pailitas,,,,pendiente,Generado automáticamente
20550,Cesar,Pelaya,Fiestas de Pelaya,,,,pendiente,Generado automáticamente
20570,Cesar,Pueblo Bello,Fiestas de Pueblo Bello,,,,pendiente,Generado automáticamente
20614,Cesar,Río de Oro,Fiestas de Río de Oro,,,,pendiente,Generado automáticamente
20621,Cesar,La Paz,Fiestas de La Paz,,,,pendiente,Generado automáticamente
20710,Cesar,San Alberto,Fiestas de San Alberto,,,,pendiente,Generado automáticamente
20750,Cesar,San Diego,Fiestas de San Diego,,,,pendiente,Generado automáticamente
20787,Cesar,Tamalameque,Fiestas de Tamalameque,,,,pendiente,Generado automáticamente
23068,Córdoba,Ayapel,Fiestas de Ayapel,,,,pendiente,Generado automáticamente
23079,Córdoba,Buenavista,Fiestas de Buenavista,,,,pendiente,Generado automáticamente
23090,Córdoba,Canalete,Fiestas de Canalete,,,,pendiente,Generado automáticamente
23162,Córdoba,Cereté,Fiestas de Cereté,,,,pendiente,Generado automáticamente
23168,Córdoba,Chimá,Fiestas de Chimá,,,,pendiente,Generado automáticamente
23182,Córdoba,Chinú,Fiestas de Chinú,,,,pendiente,Generado automáticamente
23189,Córdoba,Ciénaga de Oro,Fiestas de Ciénaga de Oro,,,,pendiente,Generado automáticamente
23300,Córdoba,Cotorra,Fiestas de Cotorra,,,,pendiente,Generado automáticamente
23350,Córdoba,La Apartada,Fiestas de La Apartada,,,,pendiente,Generado automáticamente
23417,Córdoba,Lorica,Fiestas de Lorica,,,,pendiente,Generado automáticamente
23419,Córdoba,Los Córdobas,Fiestas de Los Córdobas,,,,pendiente,Generado automáticamente
23464,Córdoba,Momil,Fiestas de Momil,,,,pendiente,Generado automáticamente
23466,Córdoba,Montelíbano,Fiestas de Montelíbano,,,,pendiente,Generado automáticamente
23555,Córdoba,Planeta Rica,Fiestas de Planeta Rica,,,,pendiente,Generado automáticamente
23570,Córdoba,Pueblo Nuevo,Fiestas de Pueblo Nuevo,,,,pendiente,Generado automáticamente
23574,Córdoba,Puerto Escondido,Fiestas de Puerto Escondido,,,,pendiente,Generado automáticamente
23580,Córdoba,Puerto Libertador,Fiestas de Puerto Libertador,,,,pendiente,Generado automáticamente
23586,Córdoba,Purísima,Fiestas de Purísima,,,,pendiente,Generado automáticamente
23660,Córdoba,Sahagún,Fiestas de Sahagún,,,,pendiente,Generado automáticamente
23670,Córdoba,San Andrés Sotavento,Fiestas de San Andrés Sotavento,,,,pendiente,Generado automáticamente
23672,Córdoba,San Antero,Fiestas de San Antero,,,,pendiente,Generado automáticamente
23675,Córdoba,San Bernardo del Viento,Fiestas de San Bernardo del Viento,,,,pendiente,Generado automáticamente
23678,Córdoba,San Carlos,Fiestas de San Carlos,,,,pendiente,Generado automáticamente
23686,Córdoba,San Pelayo,Fiestas de San Pelayo,,,,pendiente,Generado automáticamente
23807,Córdoba,Tierralta,Fiestas de Tierralta,,,,pendiente,Generado automáticamente
23855,Córdoba,Valencia,Fiestas de Valencia,,,,pendiente,Generado automáticamente
25001,Cundinamarca,Agua de Dios,Fiestas de Agua de Dios,,,,pendiente,Generado automáticamente
25019,Cundinamarca,Albán,Fiestas de Albán,,,,pendiente,Generado automáticamente
25035,Cundinamarca,Anapoima,Fiestas de Anapoima,,,,pendiente,Generado automáticamente
25053,Cundinamarca,Arbeláez,Fiestas de Arbeláez,,,,pendiente,Generado automáticamente
25086,Cundinamarca,Beltrán,Fiestas de Beltrán,,,,pendiente,Generado automáticamente
25095,Cundinamarca,Bituima,Fiestas de Bituima,,,,pendiente,Generado automáticamente
25099,Cundinamarca,Bojacá,Fiestas de Bojacá,,,,pendiente,Generado automáticamente
25120,Cundinamarca,Cabrera,Fiestas de Cabrera,,,,pendiente,Generado automáticamente
25123,Cundinamarca,Cachipay,Fiestas de Cachipay,,,,pendiente,Generado automáticamente
25126,Cundinamarca,Cajicá,Fiestas de Cajicá,,,,pendiente,Generado automáticamente
25148,Cundinamarca,Caparrapí,Fiestas de Caparrapí,,,,pendiente,Generado automáticamente
25151,Cundinamarca,Caqueza,Fiestas de Caqueza,,,,pendiente,Generado automáticamente
25154,Cundinamarca,Carmen de Carupa,Fiestas de Carmen de Carupa,,,,pendiente,Generado automáticamente
25168,Cundinamarca,Chaguaní,Fiestas de Chaguaní,,,,pendiente,Generado automáticamente
25175,Cundinamarca,Chía,Fiestas de Chía,,,,pendiente,Generado automáticamente
25178,Cundinamarca,Chipaque,Fiestas de Chipaque,,,,pendiente,Generado automáticamente
25181,Cundinamarca,Choachí,Fiestas de Choachí,,,,pendiente,Generado automáticamente
25183,Cundinamarca,Chocontá,Fiestas de Chocontá,,,,pendiente,Generado automáticamente
25200,Cundinamarca,Cogua,Fiestas de Cogua,,,,pendiente,Generado automáticamente
25224,Cundinamarca,Cucunubá,Fiestas de Cucunubá,,,,pendiente,Generado automáticamente
25245,Cundinamarca,El Colegio,Fiestas de El Colegio,,,,pendiente,Generado automáticamente
25258,Cundinamarca,El Peñón,Fiestas de El Peñón,,,,pendiente,Generado automáticamente
25260,Cundinamarca,El Rosal,Fiestas de El Rosal,,,,pendiente,Generado automáticamente
25269,Cundinamarca,Facatativá,Fiestas de Facatativá,,,,pendiente,Generado automáticamente
25279,Cundinamarca,Fomeque,Fiestas de Fomeque,,,,pendiente,Generado automáticamente
25281,Cundinamarca,Fosca,Fiestas de Fosca,,,,pendiente,Generado automáticamente
25286,Cundinamarca,Funza,Fiestas de Funza,,,,pendiente,Generado automáticamente
25288,Cundinamarca,Fúquene,Fiestas de Fúquene,,,,pendiente,Generado automáticamente
25290,Cundinamarca,Fusagasugá,Fiestas de Fusagasugá,,,,pendiente,Generado automáticamente
25293,Cundinamarca,Gachala,Fiestas de Gachala,,,,pendiente,Generado automáticamente
25295,Cundinamarca,Gachancipá,Fiestas de Gachancipá,,,,pendiente,Generado automáticamente
25297,Cundinamarca,Gachetá,Fiestas de Gachetá,,,,pendiente,Generado automáticamente
25299,Cundinamarca,Gama,Fiestas de Gama,,,,pendiente,Generado automáticamente
25312,Cundinamarca,Granada,Fiestas de Granada,,,,pendiente,Generado automáticamente
25320,Cundinamarca,Guaduas,Fiestas de Guaduas,,,,pendiente,Generado automáticamente
25322,Cundinamarca,Guasca,Fiestas de Guasca,,,,pendiente,Generado automáticamente
25324,Cundinamarca,Guataquí,Fiestas de Guataquí,,,,pendiente,Generado automáticamente
25326,Cundinamarca,Guatavita,Fiestas de Guatavita,,,,pendiente,Generado automáticamente
25328,Cundinamarca,Guayabal de Siquima,Fiestas de Guayabal de Siquima,,,,pendiente,Generado automáticamente
25335,Cundinamarca,Guayabetal,Fiestas de Guayabetal,,,,pendiente,Generado automáticamente
25339,Cundinamarca,Gutiérrez,Fiestas de Gutiérrez,,,,pendiente,Generado automáticamente
25368,Cundinamarca,Jerusalén,Fiestas de Jerusalén,,,,pendiente,Generado automáticamente
25372,Cundinamarca,Junín,Fiestas de Junín,,,,pendiente,Generado automáticamente
25377,Cundinamarca,La Calera,Fiestas de La Calera,,,,pendiente,Generado automáticamente
20001,Cesar,Valledupar,Fiestas de Valledupar,,,,pendiente,Generado automáticamente
25386,Cundinamarca,La Mesa,Fiestas de La Mesa,,,,pendiente,Generado automáticamente
25394,Cundinamarca,La Palma,Fiestas de La Palma,,,,pendiente,Generado automáticamente
25398,Cundinamarca,La Peña,Fiestas de La Peña,,,,pendiente,Generado automáticamente
25402,Cundinamarca,La Vega,Fiestas de La Vega,,,,pendiente,Generado automáticamente
25407,Cundinamarca,Lenguazaque,Fiestas de Lenguazaque,,,,pendiente,Generado automáticamente
25426,Cundinamarca,Macheta,Fiestas de Macheta,,,,pendiente,Generado automáticamente
25430,Cundinamarca,Madrid,Fiestas de Madrid,,,,pendiente,Generado automáticamente
25436,Cundinamarca,Manta,Fiestas de Manta,,,,pendiente,Generado automáticamente
97889,Vaupés,Yavaraté,Fiestas de Yavaraté,,,,pendiente,Generado automáticamente
99524,Vichada,La Primavera,Fiestas de La Primavera,,,,pendiente,Generado automáticamente
99624,Vichada,Santa Rosalía,Fiestas de Santa Rosalía,,,,pendiente,Generado automáticamente
99773,Vichada,Cumaribo,Fiestas de Cumaribo,,,,pendiente,Generado automáticamente
00000,NACIONAL,NACIONAL,Fiestas de NACIONAL,,,,pendiente,Generado automáticamente
81001,Arauca,Arauca,Fiestas de Arauca,,,,pendiente,Generado automáticamente
08001,Atlántico,Barranquilla,Fiestas de Barranquilla,,,,pendiente,Generado automáticamente
15001,Boyacá,Tunja,Fiestas de Tunja,,,,pendiente,Generado automáticamente
18001,Caquetá,Florencia,Fiestas de Florencia,,,,pendiente,Generado automáticamente
85001,Casanare,Yopal,Fiestas de Yopal,,,,pendiente,Generado automáticamente
19001,Cauca,Popayán,Fiestas de Popayán,,,,pendiente,Generado automáticamente
23001,Córdoba,Montería,Fiestas de Montería,,,,pendiente,Generado automáticamente
25307,Cundinamarca,Bogotá,Fiestas de Bogotá,,,,pendiente,Generado automáticamente
94001,Guainía,Inirida,Fiestas de Inirida,,,,pendiente,Generado automáticamente
95001,Guaviare,San Jose del Guaviare,Fiestas de San Jose del Guaviare,,,,pendiente,Generado automáticamente
41001,Huila,Neiva,Fiestas de Neiva,,,,pendiente,Generado automáticamente
47001,Magdalena,Santa Marta,Fiestas de Santa Marta,,,,pendiente,Generado automáticamente
50001,Meta,Villavicencio,Fiestas de Villavicencio,,,,pendiente,Generado automáticamente
52001,Nariño,Pasto,Fiestas de Pasto,,,,pendiente,Generado automáticamente
86001,Putumayo,Mocoa,Fiestas de Mocoa,,,,pendiente,Generado automáticamente
63001,Quindío,Armenia,Fiestas de Armenia,,,,pendiente,Generado automáticamente
88001,San Andrés y Providencia,San Andrés,Fiestas de San Andrés,,,,pendiente,Generado automáticamente
68001,Santander,Bucaramanga,Fiestas de Bucaramanga,,,,pendiente,Generado automáticamente
73001,Tolima,Ibagué,Fiestas de Ibagué,,,,pendiente,Generado automáticamente
76001,Valle del Cauca,Cali,Fiestas de Cali,,,,pendiente,Generado automáticamente
97001,Vaupés,Mitú,Fiestas de Mitú,,,,pendiente,Generado automáticamente
99001,Vichada,Puerto Carreno,Fiestas de Puerto Carreno,,,,pendiente,Generado automáticamente
25473,Cundinamarca,Mosquera,Fiestas de Mosquera,,,,pendiente,Generado automáticamente
25483,Cundinamarca,Nariño,Fiestas de Nariño,,,,pendiente,Generado automáticamente
25486,Cundinamarca,Nemocón,Fiestas de Nemocón,,,,pendiente,Generado automáticamente
25488,Cundinamarca,Nilo,Fiestas de Nilo,,,,pendiente,Generado automáticamente
25489,Cundinamarca,Nimaima,Fiestas de Nimaima,,,,pendiente,Generado automáticamente
25491,Cundinamarca,Nocaima,Fiestas de Nocaima,,,,pendiente,Generado automáticamente
25506,Cundinamarca,Venecia,Fiestas de Venecia,,,,pendiente,Generado automáticamente
25513,Cundinamarca,Pacho,Fiestas de Pacho,,,,pendiente,Generado automáticamente
25524,Cundinamarca,Pandi,Fiestas de Pandi,,,,pendiente,Generado automáticamente
25530,Cundinamarca,Paratebueno,Fiestas de Paratebueno,,,,pendiente,Generado automáticamente
25535,Cundinamarca,Pasca,Fiestas de Pasca,,,,pendiente,Generado automáticamente
25572,Cundinamarca,Puerto Salgar,Fiestas de Puerto Salgar,,,,pendiente,Generado automáticamente
25580,Cundinamarca,Pulí,Fiestas de Pulí,,,,pendiente,Generado automáticamente
25592,Cundinamarca,Quebradanegra,Fiestas de Quebradanegra,,,,pendiente,Generado automáticamente
25594,Cundinamarca,Quetame,Fiestas de Quetame,,,,pendiente,Generado automáticamente
25596,Cundinamarca,Quipile,Fiestas de Quipile,,,,pendiente,Generado automáticamente
25599,Cundinamarca,Apulo,Fiestas de Apulo,,,,pendiente,Generado automáticamente
25612,Cundinamarca,Ricaurte,Fiestas de Ricaurte,,,,pendiente,Generado automáticamente
25645,Cundinamarca,San Antonio del Tequendama,Fiestas de San Antonio del Tequendama,,,,pendiente,Generado automáticamente
25649,Cundinamarca,San Bernardo,Fiestas de San Bernardo,,,,pendiente,Generado automáticamente
25653,Cundinamarca,San Cayetano,Fiestas de San Cayetano,,,,pendiente,Generado automáticamente
25658,Cundinamarca,San Francisco,Fiestas de San Francisco,,,,pendiente,Generado automáticamente
25718,Cundinamarca,Sasaima,Fiestas de Sasaima,,,,pendiente,Generado automáticamente
25736,Cundinamarca,Sesquilé,Fiestas de Sesquilé,,,,pendiente,Generado automáticamente
25740,Cundinamarca,Sibaté,Fiestas de Sibaté,,,,pendiente,Generado automáticamente
25743,Cundinamarca,Silvania,Fiestas de Silvania,,,,pendiente,Generado automáticamente
25745,Cundinamarca,Simijaca,Fiestas de Simijaca,,,,pendiente,Generado automáticamente
25754,Cundinamarca,Soacha,Fiestas de Soacha,,,,pendiente,Generado automáticamente
25758,Cundinamarca,Sopó,Fiestas de Sopó,,,,pendiente,Generado automáticamente
25769,Cundinamarca,Subachoque,Fiestas de Subachoque,,,,pendiente,Generado automáticamente
25772,Cundinamarca,Suesca,Fiestas de Suesca,,,,pendiente,Generado automáticamente
25777,Cundinamarca,Supatá,Fiestas de Supatá,,,,pendiente,Generado automáticamente
25779,Cundinamarca,Susa,Fiestas de Susa,,,,pendiente,Generado automáticamente
25781,Cundinamarca,Sutatausa,Fiestas de Sutatausa,,,,pendiente,Generado automáticamente
25785,Cundinamarca,Tabio,Fiestas de Tabio,,,,pendiente,Generado automáticamente
25793,Cundinamarca,Tausa,Fiestas de Tausa,,,,pendiente,Generado automáticamente
25797,Cundinamarca,Tena,Fiestas de Tena,,,,pendiente,Generado automáticamente
25799,Cundinamarca,Tenjo,Fiestas de Tenjo,,,,pendiente,Generado automáticamente
25805,Cundinamarca,Tibacuy,Fiestas de Tibacuy,,,,pendiente,Generado automáticamente
25807,Cundinamarca,Tibirita,Fiestas de Tibirita,,,,pendiente,Generado automáticamente
25815,Cundinamarca,Tocaima,Fiestas de Tocaima,,,,pendiente,Generado automáticamente
25817,Cundinamarca,Tocancipá,Fiestas de Tocancipá,,,,pendiente,Generado automáticamente
25823,Cundinamarca,Topaipí,Fiestas de Topaipí,,,,pendiente,Generado automáticamente
25839,Cundinamarca,Ubalá,Fiestas de Ubalá,,,,pendiente,Generado automáticamente
25843,Cundinamarca,Villa de San Diego de Ubate,Fiestas de Villa de San Diego de Ubate,,,,pendiente,Generado automáticamente
25845,Cundinamarca,Une,Fiestas de Une,,,,pendiente,Generado automáticamente
25851,Cundinamarca,Útica,Fiestas de Útica,,,,pendiente,Generado automáticamente
25862,Cundinamarca,Vergara,Fiestas de Vergara,,,,pendiente,Generado automáticamente
25867,Cundinamarca,Vianí,Fiestas de Vianí,,,,pendiente,Generado automáticamente
25871,Cundinamarca,Villagómez,Fiestas de Villagómez,,,,pendiente,Generado automáticamente
25873,Cundinamarca,Villapinzón,Fiestas de Villapinzón,,,,pendiente,Generado automáticamente
25875,Cundinamarca,Villeta,Fiestas de Villeta,,,,pendiente,Generado automáticamente
25878,Cundinamarca,Viotá,Fiestas de Viotá,,,,pendiente,Generado automáticamente
25885,Cundinamarca,Yacopí,Fiestas de Yacopí,,,,pendiente,Generado automáticamente
25898,Cundinamarca,Zipacón,Fiestas de Zipacón,,,,pendiente,Generado automáticamente
25899,Cundinamarca,Zipaquirá,Fiestas de Zipaquirá,,,,pendiente,Generado automáticamente
27006,Chocó,Acandí,Fiestas de Acandí,,,,pendiente,Generado automáticamente
27025,Chocó,Alto Baudo,Fiestas de Alto Baudo,,,,pendiente,Generado automáticamente
27050,Chocó,Atrato,Fiestas de Atrato,,,,pendiente,Generado automáticamente
27073,Chocó,Bagadó,Fiestas de Bagadó,,,,pendiente,Generado automáticamente
27077,Chocó,Bajo Baudó,Fiestas de Bajo Baudó,,,,pendiente,Generado automáticamente
27086,Chocó,Belén de Bajirá1,Fiestas de Belén de Bajirá1,,,,pendiente,Generado automáticamente
27099,Chocó,Bojaya,Fiestas de Bojaya,,,,pendiente,Generado automáticamente
27135,Chocó,El Cantón del San Pablo,Fiestas de El Cantón del San Pablo,,,,pendiente,Generado automáticamente
27150,Chocó,Carmen del Darien,Fiestas de Carmen del Darien,,,,pendiente,Generado automáticamente
27160,Chocó,Cértegui,Fiestas de Cértegui,,,,pendiente,Generado automáticamente
27205,Chocó,Condoto,Fiestas de Condoto,,,,pendiente,Generado automáticamente
27245,Chocó,El Carmen de Atrato,Fiestas de El Carmen de Atrato,,,,pendiente,Generado automáticamente
27250,Chocó,El Litoral del San Juan,Fiestas de El Litoral del San Juan,,,,pendiente,Generado automáticamente
27361,Chocó,Istmina,Fiestas de Istmina,,,,pendiente,Generado automáticamente
27372,Chocó,Juradó,Fiestas de Juradó,,,,pendiente,Generado automáticamente
27413,Chocó,Lloró,Fiestas de Lloró,,,,pendiente,Generado automáticamente
27425,Chocó,Medio Atrato,Fiestas de Medio Atrato,,,,pendiente,Generado automáticamente
27430,Chocó,Medio Baudó,Fiestas de Medio Baudó,,,,pendiente,Generado automáticamente
27450,Chocó,Medio San Juan,Fiestas de Medio San Juan,,,,pendiente,Generado automáticamente
27491,Chocó,Nóvita,Fiestas de Nóvita,,,,pendiente,Generado automáticamente
27495,Chocó,Nuquí,Fiestas de Nuquí,,,,pendiente,Generado automáticamente
27600,Chocó,Río Quito,Fiestas de Río Quito,,,,pendiente,Generado automáticamente
27615,Chocó,Riosucio,Fiestas de Riosucio,,,,pendiente,Generado automáticamente
27660,Chocó,San José del Palmar,Fiestas de San José del Palmar,,,,pendiente,Generado automáticamente
27745,Chocó,Sipí,Fiestas de Sipí,,,,pendiente,Generado automáticamente
27787,Chocó,Tadó,Fiestas de Tadó,,,,pendiente,Generado automáticamente
27800,Chocó,Unguía,Fiestas de Unguía,,,,pendiente,Generado automáticamente
27810,Chocó,Unión Panamericana,Fiestas de Unión Panamericana,,,,pendiente,Generado automáticamente
41006,Huila,Acevedo,Fiestas de Acevedo,,,,pendiente,Generado automáticamente
41013,Huila,Agrado,Fiestas de Agrado,,,,pendiente,Generado automáticamente
41016,Huila,Aipe,Fiestas de Aipe,,,,pendiente,Generado automáticamente
41020,Huila,Algeciras,Fiestas de Algeciras,,,,pendiente,Generado automáticamente
41026,Huila,Altamira,Fiestas de Altamira,,,,pendiente,Generado automáticamente
41078,Huila,Baraya,Fiestas de Baraya,,,,pendiente,Generado automáticamente
41206,Huila,Colombia,Fiestas de Colombia,,,,pendiente,Generado automáticamente
41244,Huila,Elías,Fiestas de Elías,,,,pendiente,Generado automáticamente
41298,Huila,Garzón,Fiestas de Garzón,,,,pendiente,Generado automáticamente
41306,Huila,Gigante,Fiestas de Gigante,,,,pendiente,Generado automáticamente
41319,Huila,Guadalupe,Fiestas de Guadalupe,,,,pendiente,Generado automáticamente
41349,Huila,Hobo,Fiestas de Hobo,,,,pendiente,Generado automáticamente
41357,Huila,Iquira,Fiestas de Iquira,,,,pendiente,Generado automáticamente
41359,Huila,Isnos,Fiestas de Isnos,,,,pendiente,Generado automáticamente
41378,Huila,La Argentina,Fiestas de La Argentina,,,,pendiente,Generado automáticamente
41396,Huila,La Plata,Fiestas de La Plata,,,,pendiente,Generado automáticamente
41483,Huila,Nátaga,Fiestas de Nátaga,,,,pendiente,Generado automáticamente
41503,Huila,Oporapa,Fiestas de Oporapa,,,,pendiente,Generado automáticamente
41518,Huila,Paicol,Fiestas de Paicol,,,,pendiente,Generado automáticamente
41524,Huila,Palermo,Fiestas de Palermo,,,,pendiente,Generado automáticamente
41530,Huila,Palestina,Fiestas de Palestina,,,,pendiente,Generado automáticamente
41548,Huila,Pital,Fiestas de Pital,,,,pendiente,Generado automáticamente
41615,Huila,Rivera,Fiestas de Rivera,,,,pendiente,Generado automáticamente
41660,Huila,Saladoblanco,Fiestas de Saladoblanco,,,,pendiente,Generado automáticamente
41668,Huila,San Agustín,Fiestas de San Agustín,,,,pendiente,Generado automáticamente
41676,Huila,Santa María,Fiestas de Santa María,,,,pendiente,Generado automáticamente
41770,Huila,Suaza,Fiestas de Suaza,,,,pendiente,Generado automáticamente
41791,Huila,Tarqui,Fiestas de Tarqui,,,,pendiente,Generado automáticamente
27001,Chocó,Quibdó,Fiestas de Quibdó,,,,pendiente,Generado automáticamente
41799,Huila,Tello,Fiestas de Tello,,,,pendiente,Generado automáticamente
41801,Huila,Teruel,Fiestas de Teruel,,,,pendiente,Generado automáticamente
41807,Huila,Timaná,Fiestas de Timaná,,,,pendiente,Generado automáticamente
41872,Huila,Villavieja,Fiestas de Villavieja,,,,pendiente,Generado automáticamente
41885,Huila,Yaguará,Fiestas de Yaguará,,,,pendiente,Generado automáticamente
44035,La Guajira,Albania,Fiestas de Albania,,,,pendiente,Generado automáticamente
44078,La Guajira,Barrancas,Fiestas de Barrancas,,,,pendiente,Generado automáticamente
44090,La Guajira,Dibulla,Fiestas de Dibulla,,,,pendiente,Generado automáticamente
44098,La Guajira,Distracción,Fiestas de Distracción,,,,pendiente,Generado automáticamente
44110,La Guajira,El Molino,Fiestas de El Molino,,,,pendiente,Generado automáticamente
44279,La Guajira,Fonseca,Fiestas de Fonseca,,,,pendiente,Generado automáticamente
44378,La Guajira,Hatonuevo,Fiestas de Hatonuevo,,,,pendiente,Generado automáticamente
44420,La Guajira,La Jagua del Pilar,Fiestas de La Jagua del Pilar,,,,pendiente,Generado automáticamente
44430,La Guajira,Maicao,Fiestas de Maicao,,,,pendiente,Generado automáticamente
44560,La Guajira,Manaure,Fiestas de Manaure,,,,pendiente,Generado automáticamente
44650,La Guajira,San Juan del Cesar,Fiestas de San Juan del Cesar,,,,pendiente,Generado automáticamente
44847,La Guajira,Uribia,Fiestas de Uribia,,,,pendiente,Generado automáticamente
44855,La Guajira,Urumita,Fiestas de Urumita,,,,pendiente,Generado automáticamente
44874,La Guajira,Villanueva,Fiestas de Villanueva,,,,pendiente,Generado automáticamente
47030,Magdalena,Algarrobo,Fiestas de Algarrobo,,,,pendiente,Generado automáticamente
47058,Magdalena,Ariguaní,Fiestas de Ariguaní,,,,pendiente,Generado automáticamente
47161,Magdalena,Cerro San Antonio,Fiestas de Cerro San Antonio,,,,pendiente,Generado automáticamente
47170,Magdalena,Chibolo,Fiestas de Chibolo,,,,pendiente,Generado automáticamente
47189,Magdalena,Ciénaga,Fiestas de Ciénaga,,,,pendiente,Generado automáticamente
47205,Magdalena,Concordia,Fiestas de Concordia,,,,pendiente,Generado automáticamente
47245,Magdalena,El Banco,Fiestas de El Banco,,,,pendiente,Generado automáticamente
47258,Magdalena,El Piñon,Fiestas de El Piñon,,,,pendiente,Generado automáticamente
47268,Magdalena,El Retén,Fiestas de El Retén,,,,pendiente,Generado automáticamente
47288,Magdalena,Fundación,Fiestas de Fundación,,,,pendiente,Generado automáticamente
47318,Magdalena,Guamal,Fiestas de Guamal,,,,pendiente,Generado automáticamente
47460,Magdalena,Nueva Granada,Fiestas de Nueva Granada,,,,pendiente,Generado automáticamente
47541,Magdalena,Pedraza,Fiestas de Pedraza,,,,pendiente,Generado automáticamente
47545,Magdalena,Pijiño del Carmen,Fiestas de Pijiño del Carmen,,,,pendiente,Generado automáticamente
47551,Magdalena,Pivijay,Fiestas de Pivijay,,,,pendiente,Generado automáticamente
47555,Magdalena,Plato,Fiestas de Plato,,,,pendiente,Generado automáticamente
47570,Magdalena,Puebloviejo,Fiestas de Puebloviejo,,,,pendiente,Generado automáticamente
47660,Magdalena,Sabanas de San Angel,Fiestas de Sabanas de San Angel,,,,pendiente,Generado automáticamente
47675,Magdalena,Salamina,Fiestas de Salamina,,,,pendiente,Generado automáticamente
47692,Magdalena,San Sebastián de Buenavista,Fiestas de San Sebastián de Buenavista,,,,pendiente,Generado automáticamente
47703,Magdalena,San Zenón,Fiestas de San Zenón,,,,pendiente,Generado automáticamente
47707,Magdalena,Santa Ana,Fiestas de Santa Ana,,,,pendiente,Generado automáticamente
47720,Magdalena,Santa Bárbara de Pinto,Fiestas de Santa Bárbara de Pinto,,,,pendiente,Generado automáticamente
47745,Magdalena,Sitionuevo,Fiestas de Sitionuevo,,,,pendiente,Generado automáticamente
47798,Magdalena,Tenerife,Fiestas de Tenerife,,,,pendiente,Generado automáticamente
47960,Magdalena,Zapayán,Fiestas de Zapayán,,,,pendiente,Generado automáticamente
47980,Magdalena,Zona Bananera,Fiestas de Zona Bananera,,,,pendiente,Generado automáticamente
50006,Meta,Acacías,Fiestas de Acacías,,,,pendiente,Generado automáticamente
50110,Meta,Barranca de Upía,Fiestas de Barranca de Upía,,,,pendiente,Generado automáticamente
50124,Meta,Cabuyaro,Fiestas de Cabuyaro,,,,pendiente,Generado automáticamente
50150,Meta,Castilla la Nueva,Fiestas de Castilla la Nueva,,,,pendiente,Generado automáticamente
50223,Meta,Cubarral,Fiestas de Cubarral,,,,pendiente,Generado automáticamente
50226,Meta,Cumaral,Fiestas de Cumaral,,,,pendiente,Generado automáticamente
50251,Meta,El Castillo,Fiestas de El Castillo,,,,pendiente,Generado automáticamente
50270,Meta,El Dorado,Fiestas de El Dorado,,,,pendiente,Generado automáticamente
50287,Meta,Fuente de Oro,Fiestas de Fuente de Oro,,,,pendiente,Generado automáticamente
50313,Meta,Granada,Fiestas de Granada,,,,pendiente,Generado automáticamente
50318,Meta,Guamal,Fiestas de Guamal,,,,pendiente,Generado automáticamente
50325,Meta,Mapiripán,Fiestas de Mapiripán,,,,pendiente,Generado automáticamente
50330,Meta,Mesetas,Fiestas de Mesetas,,,,pendiente,Generado automáticamente
50350,Meta,La Macarena,Fiestas de La Macarena,,,,pendiente,Generado automáticamente
50370,Meta,Uribe,Fiestas de Uribe,,,,pendiente,Generado automáticamente
50400,Meta,Lejanías,Fiestas de Lejanías,,,,pendiente,Generado automáticamente
50450,Meta,Puerto Concordia,Fiestas de Puerto Concordia,,,,pendiente,Generado automáticamente
50568,Meta,Puerto Gaitán,Fiestas de Puerto Gaitán,,,,pendiente,Generado automáticamente
50573,Meta,Puerto López,Fiestas de Puerto López,,,,pendiente,Generado automáticamente
50577,Meta,Puerto Lleras,Fiestas de Puerto Lleras,,,,pendiente,Generado automáticamente
50590,Meta,Puerto Rico,Fiestas de Puerto Rico,,,,pendiente,Generado automáticamente
50606,Meta,Restrepo,Fiestas de Restrepo,,,,pendiente,Generado automáticamente
50683,Meta,San Juan de Arama,Fiestas de San Juan de Arama,,,,pendiente,Generado automáticamente
50686,Meta,San Juanito,Fiestas de San Juanito,,,,pendiente,Generado automáticamente
50689,Meta,San Martín,Fiestas de San Martín,,,,pendiente,Generado automáticamente
50711,Meta,Vistahermosa,Fiestas de Vistahermosa,,,,pendiente,Generado automáticamente
52019,Nariño,Albán,Fiestas de Albán,,,,pendiente,Generado automáticamente
52022,Nariño,Aldana,Fiestas de Aldana,,,,pendiente,Generado automáticamente
52036,Nariño,Ancuyá,Fiestas de Ancuyá,,,,pendiente,Generado automáticamente
52051,Nariño,Arboleda,Fiestas de Arboleda,,,,pendiente,Generado automáticamente
52079,Nariño,Barbacoas,Fiestas de Barbacoas,,,,pendiente,Generado automáticamente
52083,Nariño,Belén,Fiestas de Belén,,,,pendiente,Generado automáticamente
52110,Nariño,Buesaco,Fiestas de Buesaco,,,,pendiente,Generado automáticamente
52203,Nariño,Colón,Fiestas de Colón,,,,pendiente,Generado automáticamente
52207,Nariño,Consaca,Fiestas de Consaca,,,,pendiente,Generado automáticamente
52210,Nariño,Contadero,Fiestas de Contadero,,,,pendiente,Generado automáticamente
52215,Nariño,Córdoba,Fiestas de Córdoba,,,,pendiente,Generado automáticamente
52224,Nariño,Cuaspud,Fiestas de Cuaspud,,,,pendiente,Generado automáticamente
52227,Nariño,Cumbal,Fiestas de Cumbal,,,,pendiente,Generado automáticamente
52240,Nariño,Chachagüí,Fiestas de Chachagüí,,,,pendiente,Generado automáticamente
52250,Nariño,El Charco,Fiestas de El Charco,,,,pendiente,Generado automáticamente
52254,Nariño,El Peñol,Fiestas de El Peñol,,,,pendiente,Generado automáticamente
52256,Nariño,El Rosario,Fiestas de El Rosario,,,,pendiente,Generado automáticamente
52258,Nariño,El Tablón de Gómez,Fiestas de El Tablón de Gómez,,,,pendiente,Generado automáticamente
52260,Nariño,El Tambo,Fiestas de El Tambo,,,,pendiente,Generado automáticamente
52287,Nariño,Funes,Fiestas de Funes,,,,pendiente,Generado automáticamente
52317,Nariño,Guachucal,Fiestas de Guachucal,,,,pendiente,Generado automáticamente
52320,Nariño,Guaitarilla,Fiestas de Guaitarilla,,,,pendiente,Generado automáticamente
52323,Nariño,Gualmatán,Fiestas de Gualmatán,,,,pendiente,Generado automáticamente
52352,Nariño,Iles,Fiestas de Iles,,,,pendiente,Generado automáticamente
52354,Nariño,Imués,Fiestas de Imués,,,,pendiente,Generado automáticamente
52356,Nariño,Ipiales,Fiestas de Ipiales,,,,pendiente,Generado automáticamente
52378,Nariño,La Cruz,Fiestas de La Cruz,,,,pendiente,Generado automáticamente
52381,Nariño,La Florida,Fiestas de La Florida,,,,pendiente,Generado automáticamente
52390,Nariño,La Tola,Fiestas de La Tola,,,,pendiente,Generado automáticamente
52399,Nariño,La Unión,Fiestas de La Unión,,,,pendiente,Generado automáticamente
52405,Nariño,Leiva,Fiestas de Leiva,,,,pendiente,Generado automáticamente
52411,Nariño,Linares,Fiestas de Linares,,,,pendiente,Generado automáticamente
52418,Nariño,Los Andes,Fiestas de Los Andes,,,,pendiente,Generado automáticamente
52427,Nariño,Magüi,Fiestas de Magüi,,,,pendiente,Generado automáticamente
52435,Nariño,Mallama,Fiestas de Mallama,,,,pendiente,Generado automáticamente
52473,Nariño,Mosquera,Fiestas de Mosquera,,,,pendiente,Generado automáticamente
52480,Nariño,Nariño,Fiestas de Nariño,,,,pendiente,Generado automáticamente
52490,Nariño,Olaya Herrera,Fiestas de Olaya Herrera,,,,pendiente,Generado automáticamente
52506,Nariño,Ospina,Fiestas de Ospina,,,,pendiente,Generado automáticamente
52520,Nariño,Francisco Pizarro,Fiestas de Francisco Pizarro,,,,pendiente,Generado automáticamente
52560,Nariño,Potosí,Fiestas de Potosí,,,,pendiente,Generado automáticamente
52565,Nariño,Providencia,Fiestas de Providencia,,,,pendiente,Generado automáticamente
52573,Nariño,Puerres,Fiestas de Puerres,,,,pendiente,Generado automáticamente
52585,Nariño,Pupiales,Fiestas de Pupiales,,,,pendiente,Generado automáticamente
52612,Nariño,Ricaurte,Fiestas de Ricaurte,,,,pendiente,Generado automáticamente
52621,Nariño,Roberto Payán,Fiestas de Roberto Payán,,,,pendiente,Generado automáticamente
52678,Nariño,Samaniego,Fiestas de Samaniego,,,,pendiente,Generado automáticamente
52683,Nariño,Sandoná,Fiestas de Sandoná,,,,pendiente,Generado automáticamente
52685,Nariño,San Bernardo,Fiestas de San Bernardo,,,,pendiente,Generado automáticamente
52687,Nariño,San Lorenzo,Fiestas de San Lorenzo,,,,pendiente,Generado automáticamente
52693,Nariño,San Pablo,Fiestas de San Pablo,,,,pendiente,Generado automáticamente
52696,Nariño,Santa Bárbara,Fiestas de Santa Bárbara,,,,pendiente,Generado automáticamente
52699,Nariño,Santacruz,Fiestas de Santacruz,,,,pendiente,Generado automáticamente
52720,Nariño,Sapuyes,Fiestas de Sapuyes,,,,pendiente,Generado automáticamente
52786,Nariño,Taminango,Fiestas de Taminango,,,,pendiente,Generado automáticamente
52788,Nariño,Tangua,Fiestas de Tangua,,,,pendiente,Generado automáticamente
52835,Nariño,San Andres de Tumaco,Fiestas de San Andres de Tumaco,,,,pendiente,Generado automáticamente
52838,Nariño,Túquerres,Fiestas de Túquerres,,,,pendiente,Generado automáticamente
52885,Nariño,Yacuanquer,Fiestas de Yacuanquer,,,,pendiente,Generado automáticamente
54003,Norte De Santander,Abrego,Fiestas de Abrego,,,,pendiente,Generado automáticamente
54051,Norte De Santander,Arboledas,Fiestas de Arboledas,,,,pendiente,Generado automáticamente
54099,Norte De Santander,Bochalema,Fiestas de Bochalema,,,,pendiente,Generado automáticamente
54109,Norte De Santander,Bucarasica,Fiestas de Bucarasica,,,,pendiente,Generado automáticamente
54125,Norte De Santander,Cácota,Fiestas de Cácota,,,,pendiente,Generado automáticamente
54128,Norte De Santander,Cachirá,Fiestas de Cachirá,,,,pendiente,Generado automáticamente
54172,Norte De Santander,Chinácota,Fiestas de Chinácota,,,,pendiente,Generado automáticamente
54174,Norte De Santander,Chitagá,Fiestas de Chitagá,,,,pendiente,Generado automáticamente
54206,Norte De Santander,Convención,Fiestas de Convención,,,,pendiente,Generado automáticamente
54239,Norte De Santander,Durania,Fiestas de Durania,,,,pendiente,Generado automáticamente
54245,Norte De Santander,El Carmen,Fiestas de El Carmen,,,,pendiente,Generado automáticamente
54250,Norte De Santander,El Tarra,Fiestas de El Tarra,,,,pendiente,Generado automáticamente
54261,Norte De Santander,El Zulia,Fiestas de El Zulia,,,,pendiente,Generado automáticamente
54313,Norte De Santander,Gramalote,Fiestas de Gramalote,,,,pendiente,Generado automáticamente
54344,Norte De Santander,Hacarí,Fiestas de Hacarí,,,,pendiente,Generado automáticamente
54347,Norte De Santander,Herrán,Fiestas de Herrán,,,,pendiente,Generado automáticamente
54377,Norte De Santander,Labateca,Fiestas de Labateca,,,,pendiente,Generado automáticamente
54385,Norte De Santander,La Esperanza,Fiestas de La Esperanza,,,,pendiente,Generado automáticamente
54398,Norte De Santander,La Playa,Fiestas de La Playa,,,,pendiente,Generado automáticamente
54405,Norte De Santander,Los Patios,Fiestas de Los Patios,,,,pendiente,Generado automáticamente
54418,Norte De Santander,Lourdes,Fiestas de Lourdes,,,,pendiente,Generado automáticamente
54480,Norte De Santander,Mutiscua,Fiestas de Mutiscua,,,,pendiente,Generado automáticamente
54498,Norte De Santander,Ocaña,Fiestas de Ocaña,,,,pendiente,Generado automáticamente
54518,Norte De Santander,Pamplona,Fiestas de Pamplona,,,,pendiente,Generado automáticamente
54520,Norte De Santander,Pamplonita,Fiestas de Pamplonita,,,,pendiente,Generado automáticamente
54599,Norte De Santander,Ragonvalia,Fiestas de Ragonvalia,,,,pendiente,Generado automáticamente
54660,Norte De Santander,Salazar,Fiestas de Salazar,,,,pendiente,Generado automáticamente
54670,Norte De Santander,San Calixto,Fiestas de San Calixto,,,,pendiente,Generado automáticamente
54673,Norte De Santander,San Cayetano,Fiestas de San Cayetano,,,,pendiente,Generado automáticamente
54680,Norte De Santander,Santiago,Fiestas de Santiago,,,,pendiente,Generado automáticamente
54720,Norte De Santander,Sardinata,Fiestas de Sardinata,,,,pendiente,Generado automáticamente
54743,Norte De Santander,Silos,Fiestas de Silos,,,,pendiente,Generado automáticamente
54800,Norte De Santander,Teorama,Fiestas de Teorama,,,,pendiente,Generado automáticamente
54810,Norte De Santander,Tibú,Fiestas de Tibú,,,,pendiente,Generado automáticamente
54820,Norte De Santander,Toledo,Fiestas de Toledo,,,,pendiente,Generado automáticamente
54871,Norte De Santander,Villa Caro,Fiestas de Villa Caro,,,,pendiente,Generado automáticamente
54874,Norte De Santander,Villa del Rosario,Fiestas de Villa del Rosario,,,,pendiente,Generado automáticamente
63111,Quindio,Buenavista,Fiestas de Buenavista,,,,pendiente,Generado automáticamente
63130,Quindio,Calarca,Fiestas de Calarca,,,,pendiente,Generado automáticamente
63190,Quindio,Circasia,Fiestas de Circasia,,,,pendiente,Generado automáticamente
63212,Quindio,Córdoba,Fiestas de Córdoba,,,,pendiente,Generado automáticamente
63272,Quindio,Filandia,Fiestas de Filandia,,,,pendiente,Generado automáticamente
63302,Quindio,Génova,Fiestas de Génova,,,,pendiente,Generado automáticamente
63401,Quindio,La Tebaida,Fiestas de La Tebaida,,,,pendiente,Generado automáticamente
63470,Quindio,Montenegro,Fiestas de Montenegro,,,,pendiente,Generado automáticamente
63548,Quindio,Pijao,Fiestas de Pijao,,,,pendiente,Generado automáticamente
63594,Quindio,Quimbaya,Fiestas de Quimbaya,,,,pendiente,Generado automáticamente
63690,Quindio,Salento,Fiestas de Salento,,,,pendiente,Generado automáticamente
66045,Risaralda,Apía,Fiestas de Apía,,,,pendiente,Generado automáticamente
66075,Risaralda,Balboa,Fiestas de Balboa,,,,pendiente,Generado automáticamente
66088,Risaralda,Belén de Umbría,Fiestas de Belén de Umbría,,,,pendiente,Generado automáticamente
66170,Risaralda,Dosquebradas,Fiestas de Dosquebradas,,,,pendiente,Generado automáticamente
66318,Risaralda,Guática,Fiestas de Guática,,,,pendiente,Generado automáticamente
66383,Risaralda,La Celia,Fiestas de La Celia,,,,pendiente,Generado automáticamente
66400,Risaralda,La Virginia,Fiestas de La Virginia,,,,pendiente,Generado automáticamente
66440,Risaralda,Marsella,Fiestas de Marsella,,,,pendiente,Generado automáticamente
66456,Risaralda,Mistrató,Fiestas de Mistrató,,,,pendiente,Generado automáticamente
66572,Risaralda,Pueblo Rico,Fiestas de Pueblo Rico,,,,pendiente,Generado automáticamente
66594,Risaralda,Quinchía,Fiestas de Quinchía,,,,pendiente,Generado automáticamente
66682,Risaralda,Santa Rosa de Cabal,Fiestas de Santa Rosa de Cabal,,,,pendiente,Generado automáticamente
66687,Risaralda,Santuario,Fiestas de Santuario,,,,pendiente,Generado automáticamente
68013,Santander,Aguada,Fiestas de Aguada,,,,pendiente,Generado automáticamente
68020,Santander,Albania,Fiestas de Albania,,,,pendiente,Generado automáticamente
68077,Santander,Barbosa,Fiestas de Barbosa,,,,pendiente,Generado automáticamente
68079,Santander,Barichara,Fiestas de Barichara,,,,pendiente,Generado automáticamente
68081,Santander,Barrancabermeja,Fiestas de Barrancabermeja,,,,pendiente,Generado automáticamente
68092,Santander,Betulia,Fiestas de Betulia,,,,pendiente,Generado automáticamente
68101,Santander,Bolívar,Fiestas de Bolívar,,,,pendiente,Generado automáticamente
68121,Santander,Cabrera,Fiestas de Cabrera,,,,pendiente,Generado automáticamente
68132,Santander,California,Fiestas de California,,,,pendiente,Generado automáticamente
68147,Santander,Capitanejo,Fiestas de Capitanejo,,,,pendiente,Generado automáticamente
68152,Santander,Carcasí,Fiestas de Carcasí,,,,pendiente,Generado automáticamente
68160,Santander,Cepitá,Fiestas de Cepitá,,,,pendiente,Generado automáticamente
68162,Santander,Cerrito,Fiestas de Cerrito,,,,pendiente,Generado automáticamente
68167,Santander,Charalá,Fiestas de Charalá,,,,pendiente,Generado automáticamente
68169,Santander,Charta,Fiestas de Charta,,,,pendiente,Generado automáticamente
68176,Santander,Chima,Fiestas de Chima,,,,pendiente,Generado automáticamente
68179,Santander,Chipatá,Fiestas de Chipatá,,,,pendiente,Generado automáticamente
68190,Santander,Cimitarra,Fiestas de Cimitarra,,,,pendiente,Generado automáticamente
68209,Santander,Confines,Fiestas de Confines,,,,pendiente,Generado automáticamente
68211,Santander,Contratación,Fiestas de Contratación,,,,pendiente,Generado automáticamente
68217,Santander,Coromoro,Fiestas de Coromoro,,,,pendiente,Generado automáticamente
68229,Santander,Curití,Fiestas de Curití,,,,pendiente,Generado automáticamente
68235,Santander,El Carmen de Chucurí,Fiestas de El Carmen de Chucurí,,,,pendiente,Generado automáticamente
68245,Santander,El Guacamayo,Fiestas de El Guacamayo,,,,pendiente,Generado automáticamente
68250,Santander,El Peñón,Fiestas de El Peñón,,,,pendiente,Generado automáticamente
54001,Norte de Santander,Cucuta,Fiestas de Cucuta,,,,pendiente,Generado automáticamente
05091,Antioquia,Betania,Fiestas de Betania,,,,pendiente,Generado automáticamente
05172,Antioquia,Chigorodó,Fiestas de Chigorodó,,,,pendiente,Generado automáticamente
05313,Antioquia,Granada,Fiestas de Granada,,,,pendiente,Generado automáticamente
05467,Antioquia,Montebello,Fiestas de Montebello,,,,pendiente,Generado automáticamente
05631,Antioquia,Sabaneta,Fiestas de Sabaneta,,,,pendiente,Generado automáticamente
05649,Antioquia,San Carlos,Fiestas de San Carlos,,,,pendiente,Generado automáticamente
05674,Antioquia,San Vicente,Fiestas de San Vicente,,,,pendiente,Generado automáticamente
05856,Antioquia,Valparaíso,Fiestas de Valparaíso,,,,pendiente,Generado automáticamente
08433,Atlántico,Malambo,Fiestas de Malambo,,,,pendiente,Generado automáticamente
08573,Atlántico,Puerto Colombia,Fiestas de Puerto Colombia,,,,pendiente,Generado automáticamente
13212,Bolívar,Córdoba,Fiestas de Córdoba,,,,pendiente,Generado automáticamente
13620,Bolívar,San Cristóbal,Fiestas de San Cristóbal,,,,pendiente,Generado automáticamente
13873,Bolívar,Villanueva,Fiestas de Villanueva,,,,pendiente,Generado automáticamente
15172,Boyacá,Chinavita,Fiestas de Chinavita,,,,pendiente,Generado automáticamente
15244,Boyacá,El Cocuy,Fiestas de El Cocuy,,,,pendiente,Generado automáticamente
15403,Boyacá,La Uvita,Fiestas de La Uvita,,,,pendiente,Generado automáticamente
15494,Boyacá,Nuevo Colón,Fiestas de Nuevo Colón,,,,pendiente,Generado automáticamente
15511,Boyacá,Pachavita,Fiestas de Pachavita,,,,pendiente,Generado automáticamente
15638,Boyacá,Sáchica,Fiestas de Sáchica,,,,pendiente,Generado automáticamente
15759,Boyacá,Sogamoso,Fiestas de Sogamoso,,,,pendiente,Generado automáticamente
15822,Boyacá,Tota,Fiestas de Tota,,,,pendiente,Generado automáticamente
17088,Caldas,Belalcázar,Fiestas de Belalcázar,,,,pendiente,Generado automáticamente
17665,Caldas,San José,Fiestas de San José,,,,pendiente,Generado automáticamente
18610,Caquetá,San José del Fragua,Fiestas de San José del Fragua,,,,pendiente,Generado automáticamente
19397,Cauca,La Vega,Fiestas de La Vega,,,,pendiente,Generado automáticamente
19473,Cauca,Morales,Fiestas de Morales,,,,pendiente,Generado automáticamente
19693,Cauca,San Sebastián,Fiestas de San Sebastián,,,,pendiente,Generado automáticamente
20175,Cesar,Chimichagua,Fiestas de Chimichagua,,,,pendiente,Generado automáticamente
20770,Cesar,San Martín,Fiestas de San Martín,,,,pendiente,Generado automáticamente
23500,Córdoba,Moñitos,Fiestas de Moñitos,,,,pendiente,Generado automáticamente
25040,Cundinamarca,Anolaima,Fiestas de Anolaima,,,,pendiente,Generado automáticamente
25214,Cundinamarca,Cota,Fiestas de Cota,,,,pendiente,Generado automáticamente
25317,Cundinamarca,Guachetá,Fiestas de Guachetá,,,,pendiente,Generado automáticamente
25438,Cundinamarca,Medina,Fiestas de Medina,,,,pendiente,Generado automáticamente
25518,Cundinamarca,Paime,Fiestas de Paime,,,,pendiente,Generado automáticamente
25662,Cundinamarca,San Juan de Río Seco,Fiestas de San Juan de Río Seco,,,,pendiente,Generado automáticamente
25841,Cundinamarca,Ubaque,Fiestas de Ubaque,,,,pendiente,Generado automáticamente
27075,Chocó,Bahía Solano,Fiestas de Bahía Solano,,,,pendiente,Generado automáticamente
27580,Chocó,Río Iro,Fiestas de Río Iro,,,,pendiente,Generado automáticamente
41132,Huila,Campoalegre,Fiestas de Campoalegre,,,,pendiente,Generado automáticamente
41551,Huila,Pitalito,Fiestas de Pitalito,,,,pendiente,Generado automáticamente
41797,Huila,Tesalia,Fiestas de Tesalia,,,,pendiente,Generado automáticamente
47053,Magdalena,Aracataca,Fiestas de Aracataca,,,,pendiente,Generado automáticamente
47605,Magdalena,Remolino,Fiestas de Remolino,,,,pendiente,Generado automáticamente
50245,Meta,El Calvario,Fiestas de El Calvario,,,,pendiente,Generado automáticamente
50680,Meta,San Carlos de Guaroa,Fiestas de San Carlos de Guaroa,,,,pendiente,Generado automáticamente
52233,Nariño,Cumbitara,Fiestas de Cumbitara,,,,pendiente,Generado automáticamente
52385,Nariño,La Llanada,Fiestas de La Llanada,,,,pendiente,Generado automáticamente
52540,Nariño,Policarpa,Fiestas de Policarpa,,,,pendiente,Generado automáticamente
52694,Nariño,San Pedro de Cartago,Fiestas de San Pedro de Cartago,,,,pendiente,Generado automáticamente
54223,Norte De Santander,Cucutilla,Fiestas de Cucutilla,,,,pendiente,Generado automáticamente
54553,Norte De Santander,Puerto Santander,Fiestas de Puerto Santander,,,,pendiente,Generado automáticamente
68051,Santander,Aratoca,Fiestas de Aratoca,,,,pendiente,Generado automáticamente
68207,Santander,Concepción,Fiestas de Concepción,,,,pendiente,Generado automáticamente
68255,Santander,El Playón,Fiestas de El Playón,,,,pendiente,Generado automáticamente
68264,Santander,Encino,Fiestas de Encino,,,,pendiente,Generado automáticamente
68266,Santander,Enciso,Fiestas de Enciso,,,,pendiente,Generado automáticamente
68271,Santander,Florián,Fiestas de Florián,,,,pendiente,Generado automáticamente
68276,Santander,Floridablanca,Fiestas de Floridablanca,,,,pendiente,Generado automáticamente
68296,Santander,Galán,Fiestas de Galán,,,,pendiente,Generado automáticamente
68298,Santander,Gambita,Fiestas de Gambita,,,,pendiente,Generado automáticamente
68307,Santander,Girón,Fiestas de Girón,,,,pendiente,Generado automáticamente
68318,Santander,Guaca,Fiestas de Guaca,,,,pendiente,Generado automáticamente
68320,Santander,Guadalupe,Fiestas de Guadalupe,,,,pendiente,Generado automáticamente
68322,Santander,Guapotá,Fiestas de Guapotá,,,,pendiente,Generado automáticamente
68324,Santander,Guavatá,Fiestas de Guavatá,,,,pendiente,Generado automáticamente
68327,Santander,Güepsa,Fiestas de Güepsa,,,,pendiente,Generado automáticamente
68344,Santander,Hato,Fiestas de Hato,,,,pendiente,Generado automáticamente
68368,Santander,Jesús María,Fiestas de Jesús María,,,,pendiente,Generado automáticamente
68370,Santander,Jordán,Fiestas de Jordán,,,,pendiente,Generado automáticamente
68377,Santander,La Belleza,Fiestas de La Belleza,,,,pendiente,Generado automáticamente
68385,Santander,Landázuri,Fiestas de Landázuri,,,,pendiente,Generado automáticamente
68502,Santander,Onzaga,Fiestas de Onzaga,,,,pendiente,Generado automáticamente
68684,Santander,San José de Miranda,Fiestas de San José de Miranda,,,,pendiente,Generado automáticamente
70230,Sucre,Chalán,Fiestas de Chalán,,,,pendiente,Generado automáticamente
70702,Sucre,San Juan de Betulia,Fiestas de San Juan de Betulia,,,,pendiente,Generado automáticamente
73236,Tolima,Dolores,Fiestas de Dolores,,,,pendiente,Generado automáticamente
73483,Tolima,Natagaima,Fiestas de Natagaima,,,,pendiente,Generado automáticamente
73854,Tolima,Valle de San Juan,Fiestas de Valle de San Juan,,,,pendiente,Generado automáticamente
76318,Valle Del Cauca,Guacarí,Fiestas de Guacarí,,,,pendiente,Generado automáticamente
76863,Valle Del Cauca,Versalles,Fiestas de Versalles,,,,pendiente,Generado automáticamente
85225,Casanare,Nunchía,Fiestas de Nunchía,,,,pendiente,Generado automáticamente
86571,Putumayo,Puerto Guzmán,Fiestas de Puerto Guzmán,,,,pendiente,Generado automáticamente
91460,Amazonas,Miriti - Paraná,Fiestas de Miriti - Paraná,,,,pendiente,Generado automáticamente
97777,Vaupés,Papunaua,Fiestas de Papunaua,,,,pendiente,Generado automáticamente
05001,Antioquia,Medellín,Fiestas de Medellín,,,,pendiente,Generado automáticamente
44001,La Guajira,Riohacha,Fiestas de Riohacha,,,,pendiente,Generado automáticamente
66001,Risaralda,Pereira,Fiestas de Pereira,,,,pendiente,Generado automáticamente
68397,Santander,La Paz,Fiestas de La Paz,,,,pendiente,Generado automáticamente
68406,Santander,Lebríja,Fiestas de Lebríja,,,,pendiente,Generado automáticamente
68418,Santander,Los Santos,Fiestas de Los Santos,,,,pendiente,Generado automáticamente
68425,Santander,Macaravita,Fiestas de Macaravita,,,,pendiente,Generado automáticamente
68432,Santander,Málaga,Fiestas de Málaga,,,,pendiente,Generado automáticamente
68444,Santander,Matanza,Fiestas de Matanza,,,,pendiente,Generado automáticamente
68464,Santander,Mogotes,Fiestas de Mogotes,,,,pendiente,Generado automáticamente
68468,Santander,Molagavita,Fiestas de Molagavita,,,,pendiente,Generado automáticamente
68498,Santander,Ocamonte,Fiestas de Ocamonte,,,,pendiente,Generado automáticamente
68500,Santander,Oiba,Fiestas de Oiba,,,,pendiente,Generado automáticamente
68522,Santander,Palmar,Fiestas de Palmar,,,,pendiente,Generado automáticamente
68524,Santander,Palmas del Socorro,Fiestas de Palmas del Socorro,,,,pendiente,Generado automáticamente
68533,Santander,Páramo,Fiestas de Páramo,,,,pendiente,Generado automáticamente
68547,Santander,Piedecuesta,Fiestas de Piedecuesta,,,,pendiente,Generado automáticamente
68549,Santander,Pinchote,Fiestas de Pinchote,,,,pendiente,Generado automáticamente
68572,Santander,Puente Nacional,Fiestas de Puente Nacional,,,,pendiente,Generado automáticamente
68573,Santander,Puerto Parra,Fiestas de Puerto Parra,,,,pendiente,Generado automáticamente
68575,Santander,Puerto Wilches,Fiestas de Puerto Wilches,,,,pendiente,Generado automáticamente
68615,Santander,Rionegro,Fiestas de Rionegro,,,,pendiente,Generado automáticamente
68655,Santander,Sabana de Torres,Fiestas de Sabana de Torres,,,,pendiente,Generado automáticamente
68669,Santander,San Andrés,Fiestas de San Andrés,,,,pendiente,Generado automáticamente
68673,Santander,San Benito,Fiestas de San Benito,,,,pendiente,Generado automáticamente
68679,Santander,San Gil,Fiestas de San Gil,,,,pendiente,Generado automáticamente
68682,Santander,San Joaquín,Fiestas de San Joaquín,,,,pendiente,Generado automáticamente
68686,Santander,San Miguel,Fiestas de San Miguel,,,,pendiente,Generado automáticamente
68689,Santander,San Vicente de Chucurí,Fiestas de San Vicente de Chucurí,,,,pendiente,Generado automáticamente
68705,Santander,Santa Bárbara,Fiestas de Santa Bárbara,,,,pendiente,Generado automáticamente
68720,Santander,Santa Helena del Opón,Fiestas de Santa Helena del Opón,,,,pendiente,Generado automáticamente
68745,Santander,Simacota,Fiestas de Simacota,,,,pendiente,Generado automáticamente
68755,Santander,Socorro,Fiestas de Socorro,,,,pendiente,Generado automáticamente
68770,Santander,Suaita,Fiestas de Suaita,,,,pendiente,Generado automáticamente
68773,Santander,Sucre,Fiestas de Sucre,,,,pendiente,Generado automáticamente
68780,Santander,Suratá,Fiestas de Suratá,,,,pendiente,Generado automáticamente
68820,Santander,Tona,Fiestas de Tona,,,,pendiente,Generado automáticamente
68855,Santander,Valle de San José,Fiestas de Valle de San José,,,,pendiente,Generado automáticamente
68861,Santander,Vélez,Fiestas de Vélez,,,,pendiente,Generado automáticamente
68867,Santander,Vetas,Fiestas de Vetas,,,,pendiente,Generado automáticamente
68872,Santander,Villanueva,Fiestas de Villanueva,,,,pendiente,Generado automáticamente
68895,Santander,Zapatoca,Fiestas de Zapatoca,,,,pendiente,Generado automáticamente
70110,Sucre,Buenavista,Fiestas de Buenavista,,,,pendiente,Generado automáticamente
70204,Sucre,Coloso,Fiestas de Coloso,,,,pendiente,Generado automáticamente
70215,Sucre,Corozal,Fiestas de Corozal,,,,pendiente,Generado automáticamente
70221,Sucre,Coveñas,Fiestas de Coveñas,,,,pendiente,Generado automáticamente
70233,Sucre,El Roble,Fiestas de El Roble,,,,pendiente,Generado automáticamente
70235,Sucre,Galeras,Fiestas de Galeras,,,,pendiente,Generado automáticamente
70265,Sucre,Guaranda,Fiestas de Guaranda,,,,pendiente,Generado automáticamente
70400,Sucre,La Unión,Fiestas de La Unión,,,,pendiente,Generado automáticamente
70418,Sucre,Los Palmitos,Fiestas de Los Palmitos,,,,pendiente,Generado automáticamente
70429,Sucre,Majagual,Fiestas de Majagual,,,,pendiente,Generado automáticamente
70473,Sucre,Morroa,Fiestas de Morroa,,,,pendiente,Generado automáticamente
70508,Sucre,Ovejas,Fiestas de Ovejas,,,,pendiente,Generado automáticamente
70523,Sucre,Palmito,Fiestas de Palmito,,,,pendiente,Generado automáticamente
70670,Sucre,Sampués,Fiestas de Sampués,,,,pendiente,Generado automáticamente
70678,Sucre,San Benito Abad,Fiestas de San Benito Abad,,,,pendiente,Generado automáticamente
70708,Sucre,San Marcos,Fiestas de San Marcos,,,,pendiente,Generado automáticamente
70713,Sucre,San Onofre,Fiestas de San Onofre,,,,pendiente,Generado automáticamente
70717,Sucre,San Pedro,Fiestas de San Pedro,,,,pendiente,Generado automáticamente
70742,Sucre,San Luis de Sincé,Fiestas de San Luis de Sincé,,,,pendiente,Generado automáticamente
70771,Sucre,Sucre,Fiestas de Sucre,,,,pendiente,Generado automáticamente
70820,Sucre,Santiago de Tolú,Fiestas de Santiago de Tolú,,,,pendiente,Generado automáticamente
70823,Sucre,Tolú Viejo,Fiestas de Tolú Viejo,,,,pendiente,Generado automáticamente
73024,Tolima,Alpujarra,Fiestas de Alpujarra,,,,pendiente,Generado automáticamente
73026,Tolima,Alvarado,Fiestas de Alvarado,,,,pendiente,Generado automáticamente
73030,Tolima,Ambalema,Fiestas de Ambalema,,,,pendiente,Generado automáticamente
73043,Tolima,Anzoátegui,Fiestas de Anzoátegui,,,,pendiente,Generado automáticamente
73055,Tolima,Armero,Fiestas de Armero,,,,pendiente,Generado automáticamente
73067,Tolima,Ataco,Fiestas de Ataco,,,,pendiente,Generado automáticamente
73124,Tolima,Cajamarca,Fiestas de Cajamarca,,,,pendiente,Generado automáticamente
73148,Tolima,Carmen de Apicalá,Fiestas de Carmen de Apicalá,,,,pendiente,Generado automáticamente
73152,Tolima,Casabianca,Fiestas de Casabianca,,,,pendiente,Generado automáticamente
73168,Tolima,Chaparral,Fiestas de Chaparral,,,,pendiente,Generado automáticamente
73200,Tolima,Coello,Fiestas de Coello,,,,pendiente,Generado automáticamente
73217,Tolima,Coyaima,Fiestas de Coyaima,,,,pendiente,Generado automáticamente
73226,Tolima,Cunday,Fiestas de Cunday,,,,pendiente,Generado automáticamente
73268,Tolima,Espinal,Fiestas de Espinal,,,,pendiente,Generado automáticamente
73270,Tolima,Falan,Fiestas de Falan,,,,pendiente,Generado automáticamente
73275,Tolima,Flandes,Fiestas de Flandes,,,,pendiente,Generado automáticamente
73283,Tolima,Fresno,Fiestas de Fresno,,,,pendiente,Generado automáticamente
73319,Tolima,Guamo,Fiestas de Guamo,,,,pendiente,Generado automáticamente
73347,Tolima,Herveo,Fiestas de Herveo,,,,pendiente,Generado automáticamente
73349,Tolima,Honda,Fiestas de Honda,,,,pendiente,Generado automáticamente
73352,Tolima,Icononzo,Fiestas de Icononzo,,,,pendiente,Generado automáticamente
73408,Tolima,Lérida,Fiestas de Lérida,,,,pendiente,Generado automáticamente
73411,Tolima,Líbano,Fiestas de Líbano,,,,pendiente,Generado automáticamente
73443,Tolima,Mariquita,Fiestas de Mariquita,,,,pendiente,Generado automáticamente
73449,Tolima,Melgar,Fiestas de Melgar,,,,pendiente,Generado automáticamente
73461,Tolima,Murillo,Fiestas de Murillo,,,,pendiente,Generado automáticamente
73504,Tolima,Ortega,Fiestas de Ortega,,,,pendiente,Generado automáticamente
73520,Tolima,Palocabildo,Fiestas de Palocabildo,,,,pendiente,Generado automáticamente
73547,Tolima,Piedras,Fiestas de Piedras,,,,pendiente,Generado automáticamente
73555,Tolima,Planadas,Fiestas de Planadas,,,,pendiente,Generado automáticamente
73563,Tolima,Prado,Fiestas de Prado,,,,pendiente,Generado automáticamente
73585,Tolima,Purificación,Fiestas de Purificación,,,,pendiente,Generado automáticamente
73616,Tolima,Rioblanco,Fiestas de Rioblanco,,,,pendiente,Generado automáticamente
73622,Tolima,Roncesvalles,Fiestas de Roncesvalles,,,,pendiente,Generado automáticamente
73624,Tolima,Rovira,Fiestas de Rovira,,,,pendiente,Generado automáticamente
73671,Tolima,Saldaña,Fiestas de Saldaña,,,,pendiente,Generado automáticamente
73675,Tolima,San Antonio,Fiestas de San Antonio,,,,pendiente,Generado automáticamente
73678,Tolima,San Luis,Fiestas de San Luis,,,,pendiente,Generado automáticamente
73686,Tolima,Santa Isabel,Fiestas de Santa Isabel,,,,pendiente,Generado automáticamente
73770,Tolima,Suárez,Fiestas de Suárez,,,,pendiente,Generado automáticamente
73861,Tolima,Venadillo,Fiestas de Venadillo,,,,pendiente,Generado automáticamente
73870,Tolima,Villahermosa,Fiestas de Villahermosa,,,,pendiente,Generado automáticamente
73873,Tolima,Villarrica,Fiestas de Villarrica,,,,pendiente,Generado automáticamente
76020,Valle Del Cauca,Alcalá,Fiestas de Alcalá,,,,pendiente,Generado automáticamente
76036,Valle Del Cauca,Andalucía,Fiestas de Andalucía,,,,pendiente,Generado automáticamente
76041,Valle Del Cauca,Ansermanuevo,Fiestas de Ansermanuevo,,,,pendiente,Generado automáticamente
76054,Valle Del Cauca,Argelia,Fiestas de Argelia,,,,pendiente,Generado automáticamente
76100,Valle Del Cauca,Bolívar,Fiestas de Bolívar,,,,pendiente,Generado automáticamente
76109,Valle Del Cauca,Buenaventura,Fiestas de Buenaventura,,,,pendiente,Generado automáticamente
76111,Valle Del Cauca,Guadalajara de Buga,Fiestas de Guadalajara de Buga,,,,pendiente,Generado automáticamente
70001,Sucre,Sincelejo,Fiestas de Sincelejo,,,,pendiente,Generado automáticamente
05002,Antioquia,Abejorral,Fiestas de Abejorral,,,,pendiente,Generado automáticamente
05004,Antioquia,Abriaquí,Fiestas de Abriaquí,,,,pendiente,Generado automáticamente
05021,Antioquia,Alejandría,Fiestas de Alejandría,,,,pendiente,Generado automáticamente
05030,Antioquia,Amagá,Fiestas de Amagá,,,,pendiente,Generado automáticamente
05031,Antioquia,Amalfi,Fiestas de Amalfi,,,,pendiente,Generado automáticamente
05034,Antioquia,Andes,Fiestas de Andes,,,,pendiente,Generado automáticamente
05036,Antioquia,Angelópolis,Fiestas de Angelópolis,,,,pendiente,Generado automáticamente
05038,Antioquia,Angostura,Fiestas de Angostura,,,,pendiente,Generado automáticamente
05040,Antioquia,Anorí,Fiestas de Anorí,,,,pendiente,Generado automáticamente
05042,Antioquia,Santafé de Antioquia,Fiestas de Santafé de Antioquia,,,,pendiente,Generado automáticamente
05044,Antioquia,Anza,Fiestas de Anza,,,,pendiente,Generado automáticamente
05045,Antioquia,Apartadó,Fiestas de Apartadó,,,,pendiente,Generado automáticamente
05051,Antioquia,Arboletes,Fiestas de Arboletes,,,,pendiente,Generado automáticamente
05055,Antioquia,Argelia,Fiestas de Argelia,,,,pendiente,Generado automáticamente
05059,Antioquia,Armenia,Fiestas de Armenia,,,,pendiente,Generado automáticamente
05079,Antioquia,Barbosa,Fiestas de Barbosa,,,,pendiente,Generado automáticamente
05086,Antioquia,Belmira,Fiestas de Belmira,,,,pendiente,Generado automáticamente
05088,Antioquia,Bello,Fiestas de Bello,,,,pendiente,Generado automáticamente
05093,Antioquia,Betulia,Fiestas de Betulia,,,,pendiente,Generado automáticamente
05101,Antioquia,Ciudad Bolívar,Fiestas de Ciudad Bolívar,,,,pendiente,Generado automáticamente
05107,Antioquia,Briceño,Fiestas de Briceño,,,,pendiente,Generado automáticamente
05113,Antioquia,Buriticá,Fiestas de Buriticá,,,,pendiente,Generado automáticamente
05120,Antioquia,Cáceres,Fiestas de Cáceres,,,,pendiente,Generado automáticamente
05125,Antioquia,Caicedo,Fiestas de Caicedo,,,,pendiente,Generado automáticamente
05129,Antioquia,Caldas,Fiestas de Caldas,,,,pendiente,Generado automáticamente
05134,Antioquia,Campamento,Fiestas de Campamento,,,,pendiente,Generado automáticamente
05138,Antioquia,Cañasgordas,Fiestas de Cañasgordas,,,,pendiente,Generado automáticamente
05142,Antioquia,Caracolí,Fiestas de Caracolí,,,,pendiente,Generado automáticamente
05145,Antioquia,Caramanta,Fiestas de Caramanta,,,,pendiente,Generado automáticamente
05147,Antioquia,Carepa,Fiestas de Carepa,,,,pendiente,Generado automáticamente
05148,Antioquia,El Carmen de Viboral,Fiestas de El Carmen de Viboral,,,,pendiente,Generado automáticamente
05150,Antioquia,Carolina,Fiestas de Carolina,,,,pendiente,Generado automáticamente
05154,Antioquia,Caucasia,Fiestas de Caucasia,,,,pendiente,Generado automáticamente
05190,Antioquia,Cisneros,Fiestas de Cisneros,,,,pendiente,Generado automáticamente
05197,Antioquia,Cocorná,Fiestas de Cocorná,,,,pendiente,Generado automáticamente
05206,Antioquia,Concepción,Fiestas de Concepción,,,,pendiente,Generado automáticamente
05209,Antioquia,Concordia,Fiestas de Concordia,,,,pendiente,Generado automáticamente
05212,Antioquia,Copacabana,Fiestas de Copacabana,,,,pendiente,Generado automáticamente
05234,Antioquia,Dabeiba,Fiestas de Dabeiba,,,,pendiente,Generado automáticamente
05237,Antioquia,Don Matías,Fiestas de Don Matías,,,,pendiente,Generado automáticamente
05240,Antioquia,Ebéjico,Fiestas de Ebéjico,,,,pendiente,Generado automáticamente
05250,Antioquia,El Bagre,Fiestas de El Bagre,,,,pendiente,Generado automáticamente
05264,Antioquia,Entrerrios,Fiestas de Entrerrios,,,,pendiente,Generado automáticamente
05266,Antioquia,Envigado,Fiestas de Envigado,,,,pendiente,Generado automáticamente
05282,Antioquia,Fredonia,Fiestas de Fredonia,,,,pendiente,Generado automáticamente
05284,Antioquia,Frontino,Fiestas de Frontino,,,,pendiente,Generado automáticamente
05306,Antioquia,Giraldo,Fiestas de Giraldo,,,,pendiente,Generado automáticamente
05308,Antioquia,Girardota,Fiestas de Girardota,,,,pendiente,Generado automáticamente
05310,Antioquia,Gómez Plata,Fiestas de Gómez Plata,,,,pendiente,Generado automáticamente
05315,Antioquia,Guadalupe,Fiestas de Guadalupe,,,,pendiente,Generado automáticamente
05318,Antioquia,Guarne,Fiestas de Guarne,,,,pendiente,Generado automáticamente
05321,Antioquia,Guatapé,Fiestas de Guatapé,,,,pendiente,Generado automáticamente
05347,Antioquia,Heliconia,Fiestas de Heliconia,,,,pendiente,Generado automáticamente
05353,Antioquia,Hispania,Fiestas de Hispania,,,,pendiente,Generado automáticamente
05360,Antioquia,Itagui,Fiestas de Itagui,,,,pendiente,Generado automáticamente
05361,Antioquia,Ituango,Fiestas de Ituango,,,,pendiente,Generado automáticamente
05364,Antioquia,Jardín,Fiestas de Jardín,,,,pendiente,Generado automáticamente
05368,Antioquia,Jericó,Fiestas de Jericó,,,,pendiente,Generado automáticamente
05376,Antioquia,La Ceja,Fiestas de La Ceja,,,,pendiente,Generado automáticamente
05380,Antioquia,La Estrella,Fiestas de La Estrella,,,,pendiente,Generado automáticamente
05390,Antioquia,La Pintada,Fiestas de La Pintada,,,,pendiente,Generado automáticamente
05400,Antioquia,La Unión,Fiestas de La Unión,,,,pendiente,Generado automáticamente
05411,Antioquia,Liborina,Fiestas de Liborina,,,,pendiente,Generado automáticamente
05425,Antioquia,Maceo,Fiestas de Maceo,,,,pendiente,Generado automáticamente
05440,Antioquia,Marinilla,Fiestas de Marinilla,,,,pendiente,Generado automáticamente
05475,Antioquia,Murindó,Fiestas de Murindó,,,,pendiente,Generado automáticamente
05480,Antioquia,Mutatá,Fiestas de Mutatá,,,,pendiente,Generado automáticamente
05483,Antioquia,Nariño,Fiestas de Nariño,,,,pendiente,Generado automáticamente
05490,Antioquia,Necoclí,Fiestas de Necoclí,,,,pendiente,Generado automáticamente
05495,Antioquia,Nechí,Fiestas de Nechí,,,,pendiente,Generado automáticamente
05501,Antioquia,Olaya,Fiestas de Olaya,,,,pendiente,Generado automáticamente
05541,Antioquia,Peñol,Fiestas de Peñol,,,,pendiente,Generado automáticamente
05543,Antioquia,Peque,Fiestas de Peque,,,,pendiente,Generado automáticamente
05576,Antioquia,Pueblorrico,Fiestas de Pueblorrico,,,,pendiente,Generado automáticamente
05579,Antioquia,Puerto Berrío,Fiestas de Puerto Berrío,,,,pendiente,Generado automáticamente
05585,Antioquia,Puerto Nare,Fiestas de Puerto Nare,,,,pendiente,Generado automáticamente
05591,Antioquia,Puerto Triunfo,Fiestas de Puerto Triunfo,,,,pendiente,Generado automáticamente
05604,Antioquia,Remedios,Fiestas de Remedios,,,,pendiente,Generado automáticamente
05607,Antioquia,Retiro,Fiestas de Retiro,,,,pendiente,Generado automáticamente
05615,Antioquia,Rionegro,Fiestas de Rionegro,,,,pendiente,Generado automáticamente
05628,Antioquia,Sabanalarga,Fiestas de Sabanalarga,,,,pendiente,Generado automáticamente
05642,Antioquia,Salgar,Fiestas de Salgar,,,,pendiente,Generado automáticamente
05647,Antioquia,San Andrés de Cuerquía,Fiestas de San Andrés de Cuerquía,,,,pendiente,Generado automáticamente
76113,Valle Del Cauca,Bugalagrande,Fiestas de Bugalagrande,,,,pendiente,Generado automáticamente
76122,Valle Del Cauca,Caicedonia,Fiestas de Caicedonia,,,,pendiente,Generado automáticamente
76126,Valle Del Cauca,Calima,Fiestas de Calima,,,,pendiente,Generado automáticamente
76130,Valle Del Cauca,Candelaria,Fiestas de Candelaria,,,,pendiente,Generado automáticamente
76147,Valle Del Cauca,Cartago,Fiestas de Cartago,,,,pendiente,Generado automáticamente
76233,Valle Del Cauca,Dagua,Fiestas de Dagua,,,,pendiente,Generado automáticamente
76243,Valle Del Cauca,El Águila,Fiestas de El Águila,,,,pendiente,Generado automáticamente
76246,Valle Del Cauca,El Cairo,Fiestas de El Cairo,,,,pendiente,Generado automáticamente
76248,Valle Del Cauca,El Cerrito,Fiestas de El Cerrito,,,,pendiente,Generado automáticamente
76250,Valle Del Cauca,El Dovio,Fiestas de El Dovio,,,,pendiente,Generado automáticamente
76275,Valle Del Cauca,Florida,Fiestas de Florida,,,,pendiente,Generado automáticamente
76306,Valle Del Cauca,Ginebra,Fiestas de Ginebra,,,,pendiente,Generado automáticamente
76364,Valle Del Cauca,Jamundí,Fiestas de Jamundí,,,,pendiente,Generado automáticamente
76377,Valle Del Cauca,La Cumbre,Fiestas de La Cumbre,,,,pendiente,Generado automáticamente
76400,Valle Del Cauca,La Unión,Fiestas de La Unión,,,,pendiente,Generado automáticamente
76403,Valle Del Cauca,La Victoria,Fiestas de La Victoria,,,,pendiente,Generado automáticamente
76497,Valle Del Cauca,Obando,Fiestas de Obando,,,,pendiente,Generado automáticamente
76520,Valle Del Cauca,Palmira,Fiestas de Palmira,,,,pendiente,Generado automáticamente
76563,Valle Del Cauca,Pradera,Fiestas de Pradera,,,,pendiente,Generado automáticamente
76606,Valle Del Cauca,Restrepo,Fiestas de Restrepo,,,,pendiente,Generado automáticamente
76616,Valle Del Cauca,Riofrío,Fiestas de Riofrío,,,,pendiente,Generado automáticamente
76622,Valle Del Cauca,Roldanillo,Fiestas de Roldanillo,,,,pendiente,Generado automáticamente
76670,Valle Del Cauca,San Pedro,Fiestas de San Pedro,,,,pendiente,Generado automáticamente
76736,Valle Del Cauca,Sevilla,Fiestas de Sevilla,,,,pendiente,Generado automáticamente
76823,Valle Del Cauca,Toro,Fiestas de Toro,,,,pendiente,Generado automáticamente
76828,Valle Del Cauca,Trujillo,Fiestas de Trujillo,,,,pendiente,Generado automáticamente
76834,Valle Del Cauca,Tuluá,Fiestas de Tuluá,,,,pendiente,Generado automáticamente
05652,Antioquia,San Francisco,Fiestas de San Francisco,,,,pendiente,Generado automáticamente
05656,Antioquia,San Jerónimo,Fiestas de San Jerónimo,,,,pendiente,Generado automáticamente
05658,Antioquia,San José de La Montaña,Fiestas de San José de La Montaña,,,,pendiente,Generado automáticamente
05659,Antioquia,San Juan de Urabá,Fiestas de San Juan de Urabá,,,,pendiente,Generado automáticamente
05660,Antioquia,San Luis,Fiestas de San Luis,,,,pendiente,Generado automáticamente
05664,Antioquia,San Pedro,Fiestas de San Pedro,,,,pendiente,Generado automáticamente
05665,Antioquia,San Pedro de Uraba,Fiestas de San Pedro de Uraba,,,,pendiente,Generado automáticamente
05667,Antioquia,San Rafael,Fiestas de San Rafael,,,,pendiente,Generado automáticamente
05670,Antioquia,San Roque,Fiestas de San Roque,,,,pendiente,Generado automáticamente
05679,Antioquia,Santa Bárbara,Fiestas de Santa Bárbara,,,,pendiente,Generado automáticamente
05686,Antioquia,Santa Rosa de Osos,Fiestas de Santa Rosa de Osos,,,,pendiente,Generado automáticamente
05690,Antioquia,Santo Domingo,Fiestas de Santo Domingo,,,,pendiente,Generado automáticamente
05697,Antioquia,El Santuario,Fiestas de El Santuario,,,,pendiente,Generado automáticamente
05736,Antioquia,Segovia,Fiestas de Segovia,,,,pendiente,Generado automáticamente
05756,Antioquia,Sonson,Fiestas de Sonson,,,,pendiente,Generado automáticamente
05761,Antioquia,Sopetrán,Fiestas de Sopetrán,,,,pendiente,Generado automáticamente
05789,Antioquia,Támesis,Fiestas de Támesis,,,,pendiente,Generado automáticamente
05790,Antioquia,Tarazá,Fiestas de Tarazá,,,,pendiente,Generado automáticamente
05792,Antioquia,Tarso,Fiestas de Tarso,,,,pendiente,Generado automáticamente
05809,Antioquia,Titiribí,Fiestas de Titiribí,,,,pendiente,Generado automáticamente
05819,Antioquia,Toledo,Fiestas de Toledo,,,,pendiente,Generado automáticamente
05837,Antioquia,Turbo,Fiestas de Turbo,,,,pendiente,Generado automáticamente
05842,Antioquia,Uramita,Fiestas de Uramita,,,,pendiente,Generado automáticamente
05847,Antioquia,Urrao,Fiestas de Urrao,,,,pendiente,Generado automáticamente
05854,Antioquia,Valdivia,Fiestas de Valdivia,,,,pendiente,Generado automáticamente
05858,Antioquia,Vegachí,Fiestas de Vegachí,,,,pendiente,Generado automáticamente
05861,Antioquia,Venecia,Fiestas de Venecia,,,,pendiente,Generado automáticamente
05873,Antioquia,Vigía del Fuerte,Fiestas de Vigía del Fuerte,,,,pendiente,Generado automáticamente
05885,Antioquia,Yalí,Fiestas de Yalí,,,,pendiente,Generado automáticamente
05887,Antioquia,Yarumal,Fiestas de Yarumal,,,,pendiente,Generado automáticamente
05890,Antioquia,Yolombó,Fiestas de Yolombó,,,,pendiente,Generado automáticamente
05893,Antioquia,Yondó,Fiestas de Yondó,,,,pendiente,Generado automáticamente
88564,Archipiélago De San Andrés,Providencia,Fiestas de Providencia,,,,pendiente,Generado automáticamente
91263,Amazonas,El Encanto,Fiestas de El Encanto,,,,pendiente,Generado automáticamente
91405,Amazonas,La Chorrera,Fiestas de La Chorrera,,,,pendiente,Generado automáticamente
91407,Amazonas,La Pedrera,Fiestas de La Pedrera,,,,pendiente,Generado automáticamente
91430,Amazonas,La Victoria,Fiestas de La Victoria,,,,pendiente,Generado automáticamente
91530,Amazonas,Puerto Alegría,Fiestas de Puerto Alegría,,,,pendiente,Generado automáticamente
91536,Amazonas,Puerto Arica,Fiestas de Puerto Arica,,,,pendiente,Generado automáticamente
91540,Amazonas,Puerto Nariño,Fiestas de Puerto Nariño,,,,pendiente,Generado automáticamente
91669,Amazonas,Puerto Santander,Fiestas de Puerto Santander,,,,pendiente,Generado automáticamente
91798,Amazonas,Tarapacá,Fiestas de Tarapacá,,,,pendiente,Generado automáticamente
94343,Guainía,Barranco Minas,Fiestas de Barranco Minas,,,,pendiente,Generado automáticamente
94663,Guainía,Mapiripana,Fiestas de Mapiripana,,,,pendiente,Generado automáticamente
94883,Guainía,San Felipe,Fiestas de San Felipe,,,,pendiente,Generado automáticamente
94884,Guainía,Puerto Colombia,Fiestas de Puerto Colombia,,,,pendiente,Generado automáticamente
94885,Guainía,La Guadalupe,Fiestas de La Guadalupe,,,,pendiente,Generado automáticamente
94886,Guainía,Cacahual,Fiestas de Cacahual,,,,pendiente,Generado automáticamente
94887,Guainía,Pana Pana,Fiestas de Pana Pana,,,,pendiente,Generado automáticamente
94888,Guainía,Morichal,Fiestas de Morichal,,,,pendiente,Generado automáticamente
95015,Guaviare,Calamar,Fiestas de Calamar,,,,pendiente,Generado automáticamente
95025,Guaviare,El Retorno,Fiestas de El Retorno,,,,pendiente,Generado automáticamente
95200,Guaviare,Miraflores,Fiestas de Miraflores,,,,pendiente,Generado automáticamente
97161,Vaupés,Caruru,Fiestas de Caruru,,,,pendiente,Generado automáticamente
97511,Vaupés,Pacoa,Fiestas de Pacoa,,,,pendiente,Generado automáticamente
97666,Vaupés,Taraira,Fiestas de Taraira,,,,pendiente,Generado automáticamente
91001,Amazonas,Leticia,Fiestas de Leticia,,,,pendiente,Generado automáticamente